path	package	version	architecture	kind	header_readable
apt/bookworm/extension-20260919/amd64/ivorysql-18-dbgsym_5.6-1PGSTY~bookworm_amd64.deb	ivorysql-18-dbgsym	5.6-1PGSTY~bookworm	amd64	dbgsym	True
apt/bookworm/extension-20260919/amd64/ivorysql-18_5.6-1PGSTY~bookworm_amd64.deb	ivorysql-18	5.6-1PGSTY~bookworm	amd64	main	True
apt/bookworm/extension-20260919/amd64/postgresql-14-ddlx_0.31-1PGSTY~bookworm_all.deb	postgresql-14-ddlx	0.31-1PGSTY~bookworm	all	main	True
apt/bookworm/extension-20260919/amd64/postgresql-14-jev_0.2.0-1PGSTY~bookworm_all.deb	postgresql-14-jev	0.2.0-1PGSTY~bookworm	all	main	True
apt/bookworm/extension-20260919/amd64/postgresql-14-log-fdw-dbgsym_1.5-1PGSTY~bookworm_amd64.deb	postgresql-14-log-fdw-dbgsym	1.5-1PGSTY~bookworm	amd64	dbgsym	True
apt/bookworm/extension-20260919/amd64/postgresql-14-log-fdw_1.5-1PGSTY~bookworm_amd64.deb	postgresql-14-log-fdw	1.5-1PGSTY~bookworm	amd64	main	True
apt/bookworm/extension-20260919/amd64/postgresql-14-nominatim-fdw-dbgsym_2.2.0-1PGSTY~bookworm_amd64.deb	postgresql-14-nominatim-fdw-dbgsym	2.2.0-1PGSTY~bookworm	amd64	dbgsym	True
apt/bookworm/extension-20260919/amd64/postgresql-14-nominatim-fdw_2.2.0-1PGSTY~bookworm_amd64.deb	postgresql-14-nominatim-fdw	2.2.0-1PGSTY~bookworm	amd64	main	True
apt/bookworm/extension-20260919/amd64/postgresql-14-pg-curl-dbgsym_2.4.6-1PGSTY~bookworm_amd64.deb	postgresql-14-pg-curl-dbgsym	2.4.6-1PGSTY~bookworm	amd64	dbgsym	True
apt/bookworm/extension-20260919/amd64/postgresql-14-pg-curl_2.4.6-1PGSTY~bookworm_amd64.deb	postgresql-14-pg-curl	2.4.6-1PGSTY~bookworm	amd64	main	True
apt/bookworm/extension-20260919/amd64/postgresql-14-pg-durable-dbgsym_0.2.8-1PGSTY~bookworm_amd64.deb	postgresql-14-pg-durable-dbgsym	0.2.8-1PGSTY~bookworm	amd64	dbgsym	True
apt/bookworm/extension-20260919/amd64/postgresql-14-pg-durable_0.2.8-1PGSTY~bookworm_amd64.deb	postgresql-14-pg-durable	0.2.8-1PGSTY~bookworm	amd64	main	True
apt/bookworm/extension-20260919/amd64/postgresql-14-pg-grammar-guard_0.4.1-1PGSTY~bookworm_all.deb	postgresql-14-pg-grammar-guard	0.4.1-1PGSTY~bookworm	all	main	True
apt/bookworm/extension-20260919/amd64/postgresql-14-pg-living-assertions_0.4.2-1PGSTY~bookworm_all.deb	postgresql-14-pg-living-assertions	0.4.2-1PGSTY~bookworm	all	main	True
apt/bookworm/extension-20260919/amd64/postgresql-14-pg-local-cache-dbgsym_2.0.4-1PGSTY~bookworm_amd64.deb	postgresql-14-pg-local-cache-dbgsym	2.0.4-1PGSTY~bookworm	amd64	dbgsym	True
apt/bookworm/extension-20260919/amd64/postgresql-14-pg-local-cache_2.0.4-1PGSTY~bookworm_amd64.deb	postgresql-14-pg-local-cache	2.0.4-1PGSTY~bookworm	amd64	main	True
apt/bookworm/extension-20260919/amd64/postgresql-14-pg-profile_4.16-1PGSTY~bookworm_all.deb	postgresql-14-pg-profile	4.16-1PGSTY~bookworm	all	main	True
apt/bookworm/extension-20260919/amd64/postgresql-14-pg-stat-monitor-dbgsym_2.4.0-1PGSTY~bookworm_amd64.deb	postgresql-14-pg-stat-monitor-dbgsym	2.4.0-1PGSTY~bookworm	amd64	dbgsym	True
apt/bookworm/extension-20260919/amd64/postgresql-14-pg-stat-monitor_2.4.0-1PGSTY~bookworm_amd64.deb	postgresql-14-pg-stat-monitor	2.4.0-1PGSTY~bookworm	amd64	main	True
apt/bookworm/extension-20260919/amd64/postgresql-14-pg-task-dbgsym_3.0.0-1PGSTY~bookworm_amd64.deb	postgresql-14-pg-task-dbgsym	3.0.0-1PGSTY~bookworm	amd64	dbgsym	True
apt/bookworm/extension-20260919/amd64/postgresql-14-pg-task_3.0.0-1PGSTY~bookworm_amd64.deb	postgresql-14-pg-task	3.0.0-1PGSTY~bookworm	amd64	main	True
apt/bookworm/extension-20260919/amd64/postgresql-14-pg-vectorize-dbgsym_0.27.1-1PGSTY~bookworm_amd64.deb	postgresql-14-pg-vectorize-dbgsym	0.27.1-1PGSTY~bookworm	amd64	dbgsym	True
apt/bookworm/extension-20260919/amd64/postgresql-14-pg-vectorize_0.27.1-1PGSTY~bookworm_amd64.deb	postgresql-14-pg-vectorize	0.27.1-1PGSTY~bookworm	amd64	main	True
apt/bookworm/extension-20260919/amd64/postgresql-14-pgmq_1.13.0-1PGSTY~bookworm_all.deb	postgresql-14-pgmq	1.13.0-1PGSTY~bookworm	all	main	True
apt/bookworm/extension-20260919/amd64/postgresql-14-pgrdf-dbgsym_0.6.36-1PGSTY~bookworm_amd64.deb	postgresql-14-pgrdf-dbgsym	0.6.36-1PGSTY~bookworm	amd64	dbgsym	True
apt/bookworm/extension-20260919/amd64/postgresql-14-pgrdf_0.6.36-1PGSTY~bookworm_amd64.deb	postgresql-14-pgrdf	0.6.36-1PGSTY~bookworm	amd64	main	True
apt/bookworm/extension-20260919/amd64/postgresql-14-plpgsql-check-dbgsym_2.10.10-1PGSTY~bookworm_amd64.deb	postgresql-14-plpgsql-check-dbgsym	2.10.10-1PGSTY~bookworm	amd64	dbgsym	True
apt/bookworm/extension-20260919/amd64/postgresql-14-plpgsql-check_2.10.10-1PGSTY~bookworm_amd64.deb	postgresql-14-plpgsql-check	2.10.10-1PGSTY~bookworm	amd64	main	True
apt/bookworm/extension-20260919/amd64/postgresql-14-plprql-dbgsym_18.0.2-1PGSTY~bookworm_amd64.deb	postgresql-14-plprql-dbgsym	18.0.2-1PGSTY~bookworm	amd64	dbgsym	True
apt/bookworm/extension-20260919/amd64/postgresql-14-plprql_18.0.2-1PGSTY~bookworm_amd64.deb	postgresql-14-plprql	18.0.2-1PGSTY~bookworm	amd64	main	True
apt/bookworm/extension-20260919/amd64/postgresql-14-ulak-dbgsym_0.2.0-1PGSTY~bookworm_amd64.deb	postgresql-14-ulak-dbgsym	0.2.0-1PGSTY~bookworm	amd64	dbgsym	True
apt/bookworm/extension-20260919/amd64/postgresql-14-ulak_0.2.0-1PGSTY~bookworm_amd64.deb	postgresql-14-ulak	0.2.0-1PGSTY~bookworm	amd64	main	True
apt/bookworm/extension-20260919/amd64/postgresql-14-wrappers-dbgsym_0.6.3-1PGSTY~bookworm_amd64.deb	postgresql-14-wrappers-dbgsym	0.6.3-1PGSTY~bookworm	amd64	dbgsym	True
apt/bookworm/extension-20260919/amd64/postgresql-14-wrappers_0.6.3-1PGSTY~bookworm_amd64.deb	postgresql-14-wrappers	0.6.3-1PGSTY~bookworm	amd64	main	True
apt/bookworm/extension-20260919/amd64/postgresql-15-ddlx_0.31-1PGSTY~bookworm_all.deb	postgresql-15-ddlx	0.31-1PGSTY~bookworm	all	main	True
apt/bookworm/extension-20260919/amd64/postgresql-15-documentdb-dbgsym_0.117-1PGSTY~bookworm_amd64.deb	postgresql-15-documentdb-dbgsym	0.117-1PGSTY~bookworm	amd64	dbgsym	True
apt/bookworm/extension-20260919/amd64/postgresql-15-documentdb_0.117-1PGSTY~bookworm_amd64.deb	postgresql-15-documentdb	0.117-1PGSTY~bookworm	amd64	main	True
apt/bookworm/extension-20260919/amd64/postgresql-15-jev_0.2.0-1PGSTY~bookworm_all.deb	postgresql-15-jev	0.2.0-1PGSTY~bookworm	all	main	True
apt/bookworm/extension-20260919/amd64/postgresql-15-log-fdw-dbgsym_1.5-1PGSTY~bookworm_amd64.deb	postgresql-15-log-fdw-dbgsym	1.5-1PGSTY~bookworm	amd64	dbgsym	True
apt/bookworm/extension-20260919/amd64/postgresql-15-log-fdw_1.5-1PGSTY~bookworm_amd64.deb	postgresql-15-log-fdw	1.5-1PGSTY~bookworm	amd64	main	True
apt/bookworm/extension-20260919/amd64/postgresql-15-nominatim-fdw-dbgsym_2.2.0-1PGSTY~bookworm_amd64.deb	postgresql-15-nominatim-fdw-dbgsym	2.2.0-1PGSTY~bookworm	amd64	dbgsym	True
apt/bookworm/extension-20260919/amd64/postgresql-15-nominatim-fdw_2.2.0-1PGSTY~bookworm_amd64.deb	postgresql-15-nominatim-fdw	2.2.0-1PGSTY~bookworm	amd64	main	True
apt/bookworm/extension-20260919/amd64/postgresql-15-pg-curl-dbgsym_2.4.6-1PGSTY~bookworm_amd64.deb	postgresql-15-pg-curl-dbgsym	2.4.6-1PGSTY~bookworm	amd64	dbgsym	True
apt/bookworm/extension-20260919/amd64/postgresql-15-pg-curl_2.4.6-1PGSTY~bookworm_amd64.deb	postgresql-15-pg-curl	2.4.6-1PGSTY~bookworm	amd64	main	True
apt/bookworm/extension-20260919/amd64/postgresql-15-pg-durable-dbgsym_0.2.8-1PGSTY~bookworm_amd64.deb	postgresql-15-pg-durable-dbgsym	0.2.8-1PGSTY~bookworm	amd64	dbgsym	True
apt/bookworm/extension-20260919/amd64/postgresql-15-pg-durable_0.2.8-1PGSTY~bookworm_amd64.deb	postgresql-15-pg-durable	0.2.8-1PGSTY~bookworm	amd64	main	True
apt/bookworm/extension-20260919/amd64/postgresql-15-pg-grammar-guard_0.4.1-1PGSTY~bookworm_all.deb	postgresql-15-pg-grammar-guard	0.4.1-1PGSTY~bookworm	all	main	True
apt/bookworm/extension-20260919/amd64/postgresql-15-pg-living-assertions_0.4.2-1PGSTY~bookworm_all.deb	postgresql-15-pg-living-assertions	0.4.2-1PGSTY~bookworm	all	main	True
apt/bookworm/extension-20260919/amd64/postgresql-15-pg-local-cache-dbgsym_2.0.4-1PGSTY~bookworm_amd64.deb	postgresql-15-pg-local-cache-dbgsym	2.0.4-1PGSTY~bookworm	amd64	dbgsym	True
apt/bookworm/extension-20260919/amd64/postgresql-15-pg-local-cache_2.0.4-1PGSTY~bookworm_amd64.deb	postgresql-15-pg-local-cache	2.0.4-1PGSTY~bookworm	amd64	main	True
apt/bookworm/extension-20260919/amd64/postgresql-15-pg-profile_4.16-1PGSTY~bookworm_all.deb	postgresql-15-pg-profile	4.16-1PGSTY~bookworm	all	main	True
apt/bookworm/extension-20260919/amd64/postgresql-15-pg-search-dbgsym_0.25.9-1PGSTY~bookworm_amd64.deb	postgresql-15-pg-search-dbgsym	0.25.9-1PGSTY~bookworm	amd64	dbgsym	True
apt/bookworm/extension-20260919/amd64/postgresql-15-pg-search_0.25.9-1PGSTY~bookworm_amd64.deb	postgresql-15-pg-search	0.25.9-1PGSTY~bookworm	amd64	main	True
apt/bookworm/extension-20260919/amd64/postgresql-15-pg-stat-monitor-dbgsym_2.4.0-1PGSTY~bookworm_amd64.deb	postgresql-15-pg-stat-monitor-dbgsym	2.4.0-1PGSTY~bookworm	amd64	dbgsym	True
apt/bookworm/extension-20260919/amd64/postgresql-15-pg-stat-monitor_2.4.0-1PGSTY~bookworm_amd64.deb	postgresql-15-pg-stat-monitor	2.4.0-1PGSTY~bookworm	amd64	main	True
apt/bookworm/extension-20260919/amd64/postgresql-15-pg-task-dbgsym_3.0.0-1PGSTY~bookworm_amd64.deb	postgresql-15-pg-task-dbgsym	3.0.0-1PGSTY~bookworm	amd64	dbgsym	True
apt/bookworm/extension-20260919/amd64/postgresql-15-pg-task_3.0.0-1PGSTY~bookworm_amd64.deb	postgresql-15-pg-task	3.0.0-1PGSTY~bookworm	amd64	main	True
apt/bookworm/extension-20260919/amd64/postgresql-15-pg-vectorize-dbgsym_0.27.1-1PGSTY~bookworm_amd64.deb	postgresql-15-pg-vectorize-dbgsym	0.27.1-1PGSTY~bookworm	amd64	dbgsym	True
apt/bookworm/extension-20260919/amd64/postgresql-15-pg-vectorize_0.27.1-1PGSTY~bookworm_amd64.deb	postgresql-15-pg-vectorize	0.27.1-1PGSTY~bookworm	amd64	main	True
apt/bookworm/extension-20260919/amd64/postgresql-15-pgmq_1.13.0-1PGSTY~bookworm_all.deb	postgresql-15-pgmq	1.13.0-1PGSTY~bookworm	all	main	True
apt/bookworm/extension-20260919/amd64/postgresql-15-pgrdf-dbgsym_0.6.36-1PGSTY~bookworm_amd64.deb	postgresql-15-pgrdf-dbgsym	0.6.36-1PGSTY~bookworm	amd64	dbgsym	True
apt/bookworm/extension-20260919/amd64/postgresql-15-pgrdf_0.6.36-1PGSTY~bookworm_amd64.deb	postgresql-15-pgrdf	0.6.36-1PGSTY~bookworm	amd64	main	True
apt/bookworm/extension-20260919/amd64/postgresql-15-plpgsql-check-dbgsym_2.10.10-1PGSTY~bookworm_amd64.deb	postgresql-15-plpgsql-check-dbgsym	2.10.10-1PGSTY~bookworm	amd64	dbgsym	True
apt/bookworm/extension-20260919/amd64/postgresql-15-plpgsql-check_2.10.10-1PGSTY~bookworm_amd64.deb	postgresql-15-plpgsql-check	2.10.10-1PGSTY~bookworm	amd64	main	True
apt/bookworm/extension-20260919/amd64/postgresql-15-plprql-dbgsym_18.0.2-1PGSTY~bookworm_amd64.deb	postgresql-15-plprql-dbgsym	18.0.2-1PGSTY~bookworm	amd64	dbgsym	True
apt/bookworm/extension-20260919/amd64/postgresql-15-plprql_18.0.2-1PGSTY~bookworm_amd64.deb	postgresql-15-plprql	18.0.2-1PGSTY~bookworm	amd64	main	True
apt/bookworm/extension-20260919/amd64/postgresql-15-ulak-dbgsym_0.2.0-1PGSTY~bookworm_amd64.deb	postgresql-15-ulak-dbgsym	0.2.0-1PGSTY~bookworm	amd64	dbgsym	True
apt/bookworm/extension-20260919/amd64/postgresql-15-ulak_0.2.0-1PGSTY~bookworm_amd64.deb	postgresql-15-ulak	0.2.0-1PGSTY~bookworm	amd64	main	True
apt/bookworm/extension-20260919/amd64/postgresql-15-wrappers-dbgsym_0.6.3-1PGSTY~bookworm_amd64.deb	postgresql-15-wrappers-dbgsym	0.6.3-1PGSTY~bookworm	amd64	dbgsym	True
apt/bookworm/extension-20260919/amd64/postgresql-15-wrappers_0.6.3-1PGSTY~bookworm_amd64.deb	postgresql-15-wrappers	0.6.3-1PGSTY~bookworm	amd64	main	True
apt/bookworm/extension-20260919/amd64/postgresql-16-biscuit-dbgsym_3.1.0-1PGSTY~bookworm_amd64.deb	postgresql-16-biscuit-dbgsym	3.1.0-1PGSTY~bookworm	amd64	dbgsym	True
apt/bookworm/extension-20260919/amd64/postgresql-16-biscuit_3.1.0-1PGSTY~bookworm_amd64.deb	postgresql-16-biscuit	3.1.0-1PGSTY~bookworm	amd64	main	True
apt/bookworm/extension-20260919/amd64/postgresql-16-ddlx_0.31-1PGSTY~bookworm_all.deb	postgresql-16-ddlx	0.31-1PGSTY~bookworm	all	main	True
apt/bookworm/extension-20260919/amd64/postgresql-16-documentdb-dbgsym_0.117-1PGSTY~bookworm_amd64.deb	postgresql-16-documentdb-dbgsym	0.117-1PGSTY~bookworm	amd64	dbgsym	True
apt/bookworm/extension-20260919/amd64/postgresql-16-documentdb_0.117-1PGSTY~bookworm_amd64.deb	postgresql-16-documentdb	0.117-1PGSTY~bookworm	amd64	main	True
apt/bookworm/extension-20260919/amd64/postgresql-16-jev_0.2.0-1PGSTY~bookworm_all.deb	postgresql-16-jev	0.2.0-1PGSTY~bookworm	all	main	True
apt/bookworm/extension-20260919/amd64/postgresql-16-kafgres-dbgsym_0.1.0-1PGSTY~bookworm_amd64.deb	postgresql-16-kafgres-dbgsym	0.1.0-1PGSTY~bookworm	amd64	dbgsym	True
apt/bookworm/extension-20260919/amd64/postgresql-16-kafgres_0.1.0-1PGSTY~bookworm_amd64.deb	postgresql-16-kafgres	0.1.0-1PGSTY~bookworm	amd64	main	True
apt/bookworm/extension-20260919/amd64/postgresql-16-log-fdw-dbgsym_1.5-1PGSTY~bookworm_amd64.deb	postgresql-16-log-fdw-dbgsym	1.5-1PGSTY~bookworm	amd64	dbgsym	True
apt/bookworm/extension-20260919/amd64/postgresql-16-log-fdw_1.5-1PGSTY~bookworm_amd64.deb	postgresql-16-log-fdw	1.5-1PGSTY~bookworm	amd64	main	True
apt/bookworm/extension-20260919/amd64/postgresql-16-macavity-dbgsym_0.1.0-1PGSTY~bookworm_amd64.deb	postgresql-16-macavity-dbgsym	0.1.0-1PGSTY~bookworm	amd64	dbgsym	True
apt/bookworm/extension-20260919/amd64/postgresql-16-macavity_0.1.0-1PGSTY~bookworm_amd64.deb	postgresql-16-macavity	0.1.0-1PGSTY~bookworm	amd64	main	True
apt/bookworm/extension-20260919/amd64/postgresql-16-nominatim-fdw-dbgsym_2.2.0-1PGSTY~bookworm_amd64.deb	postgresql-16-nominatim-fdw-dbgsym	2.2.0-1PGSTY~bookworm	amd64	dbgsym	True
apt/bookworm/extension-20260919/amd64/postgresql-16-nominatim-fdw_2.2.0-1PGSTY~bookworm_amd64.deb	postgresql-16-nominatim-fdw	2.2.0-1PGSTY~bookworm	amd64	main	True
apt/bookworm/extension-20260919/amd64/postgresql-16-pg-circuit-dbgsym_0.1.0-1PGSTY~bookworm_amd64.deb	postgresql-16-pg-circuit-dbgsym	0.1.0-1PGSTY~bookworm	amd64	dbgsym	True
apt/bookworm/extension-20260919/amd64/postgresql-16-pg-circuit_0.1.0-1PGSTY~bookworm_amd64.deb	postgresql-16-pg-circuit	0.1.0-1PGSTY~bookworm	amd64	main	True
apt/bookworm/extension-20260919/amd64/postgresql-16-pg-curl-dbgsym_2.4.6-1PGSTY~bookworm_amd64.deb	postgresql-16-pg-curl-dbgsym	2.4.6-1PGSTY~bookworm	amd64	dbgsym	True
apt/bookworm/extension-20260919/amd64/postgresql-16-pg-curl_2.4.6-1PGSTY~bookworm_amd64.deb	postgresql-16-pg-curl	2.4.6-1PGSTY~bookworm	amd64	main	True
apt/bookworm/extension-20260919/amd64/postgresql-16-pg-durable-dbgsym_0.2.8-1PGSTY~bookworm_amd64.deb	postgresql-16-pg-durable-dbgsym	0.2.8-1PGSTY~bookworm	amd64	dbgsym	True
apt/bookworm/extension-20260919/amd64/postgresql-16-pg-durable_0.2.8-1PGSTY~bookworm_amd64.deb	postgresql-16-pg-durable	0.2.8-1PGSTY~bookworm	amd64	main	True
apt/bookworm/extension-20260919/amd64/postgresql-16-pg-grammar-guard_0.4.1-1PGSTY~bookworm_all.deb	postgresql-16-pg-grammar-guard	0.4.1-1PGSTY~bookworm	all	main	True
apt/bookworm/extension-20260919/amd64/postgresql-16-pg-lake-dbgsym_3.5.1-1PGSTY~bookworm_amd64.deb	postgresql-16-pg-lake-dbgsym	3.5.1-1PGSTY~bookworm	amd64	dbgsym	True
apt/bookworm/extension-20260919/amd64/postgresql-16-pg-lake_3.5.1-1PGSTY~bookworm_amd64.deb	postgresql-16-pg-lake	3.5.1-1PGSTY~bookworm	amd64	main	True
apt/bookworm/extension-20260919/amd64/postgresql-16-pg-living-assertions_0.4.2-1PGSTY~bookworm_all.deb	postgresql-16-pg-living-assertions	0.4.2-1PGSTY~bookworm	all	main	True
apt/bookworm/extension-20260919/amd64/postgresql-16-pg-local-cache-dbgsym_2.0.4-1PGSTY~bookworm_amd64.deb	postgresql-16-pg-local-cache-dbgsym	2.0.4-1PGSTY~bookworm	amd64	dbgsym	True
apt/bookworm/extension-20260919/amd64/postgresql-16-pg-local-cache_2.0.4-1PGSTY~bookworm_amd64.deb	postgresql-16-pg-local-cache	2.0.4-1PGSTY~bookworm	amd64	main	True
apt/bookworm/extension-20260919/amd64/postgresql-16-pg-profile_4.16-1PGSTY~bookworm_all.deb	postgresql-16-pg-profile	4.16-1PGSTY~bookworm	all	main	True
apt/bookworm/extension-20260919/amd64/postgresql-16-pg-search-dbgsym_0.25.9-1PGSTY~bookworm_amd64.deb	postgresql-16-pg-search-dbgsym	0.25.9-1PGSTY~bookworm	amd64	dbgsym	True
apt/bookworm/extension-20260919/amd64/postgresql-16-pg-search_0.25.9-1PGSTY~bookworm_amd64.deb	postgresql-16-pg-search	0.25.9-1PGSTY~bookworm	amd64	main	True
apt/bookworm/extension-20260919/amd64/postgresql-16-pg-stat-monitor-dbgsym_2.4.0-1PGSTY~bookworm_amd64.deb	postgresql-16-pg-stat-monitor-dbgsym	2.4.0-1PGSTY~bookworm	amd64	dbgsym	True
apt/bookworm/extension-20260919/amd64/postgresql-16-pg-stat-monitor_2.4.0-1PGSTY~bookworm_amd64.deb	postgresql-16-pg-stat-monitor	2.4.0-1PGSTY~bookworm	amd64	main	True
apt/bookworm/extension-20260919/amd64/postgresql-16-pg-task-dbgsym_3.0.0-1PGSTY~bookworm_amd64.deb	postgresql-16-pg-task-dbgsym	3.0.0-1PGSTY~bookworm	amd64	dbgsym	True
apt/bookworm/extension-20260919/amd64/postgresql-16-pg-task_3.0.0-1PGSTY~bookworm_amd64.deb	postgresql-16-pg-task	3.0.0-1PGSTY~bookworm	amd64	main	True
apt/bookworm/extension-20260919/amd64/postgresql-16-pg-vectorize-dbgsym_0.27.1-1PGSTY~bookworm_amd64.deb	postgresql-16-pg-vectorize-dbgsym	0.27.1-1PGSTY~bookworm	amd64	dbgsym	True
apt/bookworm/extension-20260919/amd64/postgresql-16-pg-vectorize_0.27.1-1PGSTY~bookworm_amd64.deb	postgresql-16-pg-vectorize	0.27.1-1PGSTY~bookworm	amd64	main	True
apt/bookworm/extension-20260919/amd64/postgresql-16-pgmq_1.13.0-1PGSTY~bookworm_all.deb	postgresql-16-pgmq	1.13.0-1PGSTY~bookworm	all	main	True
apt/bookworm/extension-20260919/amd64/postgresql-16-pgrdf-dbgsym_0.6.36-1PGSTY~bookworm_amd64.deb	postgresql-16-pgrdf-dbgsym	0.6.36-1PGSTY~bookworm	amd64	dbgsym	True
apt/bookworm/extension-20260919/amd64/postgresql-16-pgrdf_0.6.36-1PGSTY~bookworm_amd64.deb	postgresql-16-pgrdf	0.6.36-1PGSTY~bookworm	amd64	main	True
apt/bookworm/extension-20260919/amd64/postgresql-16-plpgsql-check-dbgsym_2.10.10-1PGSTY~bookworm_amd64.deb	postgresql-16-plpgsql-check-dbgsym	2.10.10-1PGSTY~bookworm	amd64	dbgsym	True
apt/bookworm/extension-20260919/amd64/postgresql-16-plpgsql-check_2.10.10-1PGSTY~bookworm_amd64.deb	postgresql-16-plpgsql-check	2.10.10-1PGSTY~bookworm	amd64	main	True
apt/bookworm/extension-20260919/amd64/postgresql-16-plprql-dbgsym_18.0.2-1PGSTY~bookworm_amd64.deb	postgresql-16-plprql-dbgsym	18.0.2-1PGSTY~bookworm	amd64	dbgsym	True
apt/bookworm/extension-20260919/amd64/postgresql-16-plprql_18.0.2-1PGSTY~bookworm_amd64.deb	postgresql-16-plprql	18.0.2-1PGSTY~bookworm	amd64	main	True
apt/bookworm/extension-20260919/amd64/postgresql-16-timescaledb-tsl-dbgsym_2.30.1-1PGSTY~bookworm_amd64.deb	postgresql-16-timescaledb-tsl-dbgsym	2.30.1-1PGSTY~bookworm	amd64	dbgsym	True
apt/bookworm/extension-20260919/amd64/postgresql-16-timescaledb-tsl_2.30.1-1PGSTY~bookworm_amd64.deb	postgresql-16-timescaledb-tsl	2.30.1-1PGSTY~bookworm	amd64	main	True
apt/bookworm/extension-20260919/amd64/postgresql-16-ulak-dbgsym_0.2.0-1PGSTY~bookworm_amd64.deb	postgresql-16-ulak-dbgsym	0.2.0-1PGSTY~bookworm	amd64	dbgsym	True
apt/bookworm/extension-20260919/amd64/postgresql-16-ulak_0.2.0-1PGSTY~bookworm_amd64.deb	postgresql-16-ulak	0.2.0-1PGSTY~bookworm	amd64	main	True
apt/bookworm/extension-20260919/amd64/postgresql-16-wrappers-dbgsym_0.6.3-1PGSTY~bookworm_amd64.deb	postgresql-16-wrappers-dbgsym	0.6.3-1PGSTY~bookworm	amd64	dbgsym	True
apt/bookworm/extension-20260919/amd64/postgresql-16-wrappers_0.6.3-1PGSTY~bookworm_amd64.deb	postgresql-16-wrappers	0.6.3-1PGSTY~bookworm	amd64	main	True
apt/bookworm/extension-20260919/amd64/postgresql-17-biscuit-dbgsym_3.1.0-1PGSTY~bookworm_amd64.deb	postgresql-17-biscuit-dbgsym	3.1.0-1PGSTY~bookworm	amd64	dbgsym	True
apt/bookworm/extension-20260919/amd64/postgresql-17-biscuit_3.1.0-1PGSTY~bookworm_amd64.deb	postgresql-17-biscuit	3.1.0-1PGSTY~bookworm	amd64	main	True
apt/bookworm/extension-20260919/amd64/postgresql-17-ddlx_0.31-1PGSTY~bookworm_all.deb	postgresql-17-ddlx	0.31-1PGSTY~bookworm	all	main	True
apt/bookworm/extension-20260919/amd64/postgresql-17-documentdb-dbgsym_0.117-1PGSTY~bookworm_amd64.deb	postgresql-17-documentdb-dbgsym	0.117-1PGSTY~bookworm	amd64	dbgsym	True
apt/bookworm/extension-20260919/amd64/postgresql-17-documentdb_0.117-1PGSTY~bookworm_amd64.deb	postgresql-17-documentdb	0.117-1PGSTY~bookworm	amd64	main	True
apt/bookworm/extension-20260919/amd64/postgresql-17-jev_0.2.0-1PGSTY~bookworm_all.deb	postgresql-17-jev	0.2.0-1PGSTY~bookworm	all	main	True
apt/bookworm/extension-20260919/amd64/postgresql-17-log-fdw-dbgsym_1.5-1PGSTY~bookworm_amd64.deb	postgresql-17-log-fdw-dbgsym	1.5-1PGSTY~bookworm	amd64	dbgsym	True
apt/bookworm/extension-20260919/amd64/postgresql-17-log-fdw_1.5-1PGSTY~bookworm_amd64.deb	postgresql-17-log-fdw	1.5-1PGSTY~bookworm	amd64	main	True
apt/bookworm/extension-20260919/amd64/postgresql-17-macavity-dbgsym_0.1.0-1PGSTY~bookworm_amd64.deb	postgresql-17-macavity-dbgsym	0.1.0-1PGSTY~bookworm	amd64	dbgsym	True
apt/bookworm/extension-20260919/amd64/postgresql-17-macavity_0.1.0-1PGSTY~bookworm_amd64.deb	postgresql-17-macavity	0.1.0-1PGSTY~bookworm	amd64	main	True
apt/bookworm/extension-20260919/amd64/postgresql-17-nominatim-fdw-dbgsym_2.2.0-1PGSTY~bookworm_amd64.deb	postgresql-17-nominatim-fdw-dbgsym	2.2.0-1PGSTY~bookworm	amd64	dbgsym	True
apt/bookworm/extension-20260919/amd64/postgresql-17-nominatim-fdw_2.2.0-1PGSTY~bookworm_amd64.deb	postgresql-17-nominatim-fdw	2.2.0-1PGSTY~bookworm	amd64	main	True
apt/bookworm/extension-20260919/amd64/postgresql-17-pg-circuit-dbgsym_0.1.0-1PGSTY~bookworm_amd64.deb	postgresql-17-pg-circuit-dbgsym	0.1.0-1PGSTY~bookworm	amd64	dbgsym	True
apt/bookworm/extension-20260919/amd64/postgresql-17-pg-circuit_0.1.0-1PGSTY~bookworm_amd64.deb	postgresql-17-pg-circuit	0.1.0-1PGSTY~bookworm	amd64	main	True
apt/bookworm/extension-20260919/amd64/postgresql-17-pg-curl-dbgsym_2.4.6-1PGSTY~bookworm_amd64.deb	postgresql-17-pg-curl-dbgsym	2.4.6-1PGSTY~bookworm	amd64	dbgsym	True
apt/bookworm/extension-20260919/amd64/postgresql-17-pg-curl_2.4.6-1PGSTY~bookworm_amd64.deb	postgresql-17-pg-curl	2.4.6-1PGSTY~bookworm	amd64	main	True
apt/bookworm/extension-20260919/amd64/postgresql-17-pg-durable-dbgsym_0.2.8-1PGSTY~bookworm_amd64.deb	postgresql-17-pg-durable-dbgsym	0.2.8-1PGSTY~bookworm	amd64	dbgsym	True
apt/bookworm/extension-20260919/amd64/postgresql-17-pg-durable_0.2.8-1PGSTY~bookworm_amd64.deb	postgresql-17-pg-durable	0.2.8-1PGSTY~bookworm	amd64	main	True
apt/bookworm/extension-20260919/amd64/postgresql-17-pg-fts-dbgsym_1.8.3-1PGSTY~bookworm_amd64.deb	postgresql-17-pg-fts-dbgsym	1.8.3-1PGSTY~bookworm	amd64	dbgsym	True
apt/bookworm/extension-20260919/amd64/postgresql-17-pg-fts_1.8.3-1PGSTY~bookworm_amd64.deb	postgresql-17-pg-fts	1.8.3-1PGSTY~bookworm	amd64	main	True
apt/bookworm/extension-20260919/amd64/postgresql-17-pg-grammar-guard_0.4.1-1PGSTY~bookworm_all.deb	postgresql-17-pg-grammar-guard	0.4.1-1PGSTY~bookworm	all	main	True
apt/bookworm/extension-20260919/amd64/postgresql-17-pg-lake-dbgsym_3.5.1-1PGSTY~bookworm_amd64.deb	postgresql-17-pg-lake-dbgsym	3.5.1-1PGSTY~bookworm	amd64	dbgsym	True
apt/bookworm/extension-20260919/amd64/postgresql-17-pg-lake_3.5.1-1PGSTY~bookworm_amd64.deb	postgresql-17-pg-lake	3.5.1-1PGSTY~bookworm	amd64	main	True
apt/bookworm/extension-20260919/amd64/postgresql-17-pg-living-assertions_0.4.2-1PGSTY~bookworm_all.deb	postgresql-17-pg-living-assertions	0.4.2-1PGSTY~bookworm	all	main	True
apt/bookworm/extension-20260919/amd64/postgresql-17-pg-local-cache-dbgsym_2.0.4-1PGSTY~bookworm_amd64.deb	postgresql-17-pg-local-cache-dbgsym	2.0.4-1PGSTY~bookworm	amd64	dbgsym	True
apt/bookworm/extension-20260919/amd64/postgresql-17-pg-local-cache_2.0.4-1PGSTY~bookworm_amd64.deb	postgresql-17-pg-local-cache	2.0.4-1PGSTY~bookworm	amd64	main	True
apt/bookworm/extension-20260919/amd64/postgresql-17-pg-profile_4.16-1PGSTY~bookworm_all.deb	postgresql-17-pg-profile	4.16-1PGSTY~bookworm	all	main	True
apt/bookworm/extension-20260919/amd64/postgresql-17-pg-search-dbgsym_0.25.9-1PGSTY~bookworm_amd64.deb	postgresql-17-pg-search-dbgsym	0.25.9-1PGSTY~bookworm	amd64	dbgsym	True
apt/bookworm/extension-20260919/amd64/postgresql-17-pg-search_0.25.9-1PGSTY~bookworm_amd64.deb	postgresql-17-pg-search	0.25.9-1PGSTY~bookworm	amd64	main	True
apt/bookworm/extension-20260919/amd64/postgresql-17-pg-stat-monitor-dbgsym_2.4.0-1PGSTY~bookworm_amd64.deb	postgresql-17-pg-stat-monitor-dbgsym	2.4.0-1PGSTY~bookworm	amd64	dbgsym	True
apt/bookworm/extension-20260919/amd64/postgresql-17-pg-stat-monitor_2.4.0-1PGSTY~bookworm_amd64.deb	postgresql-17-pg-stat-monitor	2.4.0-1PGSTY~bookworm	amd64	main	True
apt/bookworm/extension-20260919/amd64/postgresql-17-pg-task-dbgsym_3.0.0-1PGSTY~bookworm_amd64.deb	postgresql-17-pg-task-dbgsym	3.0.0-1PGSTY~bookworm	amd64	dbgsym	True
apt/bookworm/extension-20260919/amd64/postgresql-17-pg-task_3.0.0-1PGSTY~bookworm_amd64.deb	postgresql-17-pg-task	3.0.0-1PGSTY~bookworm	amd64	main	True
apt/bookworm/extension-20260919/amd64/postgresql-17-pg-vault-tde-dbgsym_1.7.1-1PGSTY~bookworm_amd64.deb	postgresql-17-pg-vault-tde-dbgsym	1.7.1-1PGSTY~bookworm	amd64	dbgsym	True
apt/bookworm/extension-20260919/amd64/postgresql-17-pg-vault-tde_1.7.1-1PGSTY~bookworm_amd64.deb	postgresql-17-pg-vault-tde	1.7.1-1PGSTY~bookworm	amd64	main	True
apt/bookworm/extension-20260919/amd64/postgresql-17-pg-vectorize-dbgsym_0.27.1-1PGSTY~bookworm_amd64.deb	postgresql-17-pg-vectorize-dbgsym	0.27.1-1PGSTY~bookworm	amd64	dbgsym	True
apt/bookworm/extension-20260919/amd64/postgresql-17-pg-vectorize_0.27.1-1PGSTY~bookworm_amd64.deb	postgresql-17-pg-vectorize	0.27.1-1PGSTY~bookworm	amd64	main	True
apt/bookworm/extension-20260919/amd64/postgresql-17-pgmq_1.13.0-1PGSTY~bookworm_all.deb	postgresql-17-pgmq	1.13.0-1PGSTY~bookworm	all	main	True
apt/bookworm/extension-20260919/amd64/postgresql-17-pgrdf-dbgsym_0.6.36-1PGSTY~bookworm_amd64.deb	postgresql-17-pgrdf-dbgsym	0.6.36-1PGSTY~bookworm	amd64	dbgsym	True
apt/bookworm/extension-20260919/amd64/postgresql-17-pgrdf_0.6.36-1PGSTY~bookworm_amd64.deb	postgresql-17-pgrdf	0.6.36-1PGSTY~bookworm	amd64	main	True
apt/bookworm/extension-20260919/amd64/postgresql-17-plpgsql-check-dbgsym_2.10.10-1PGSTY~bookworm_amd64.deb	postgresql-17-plpgsql-check-dbgsym	2.10.10-1PGSTY~bookworm	amd64	dbgsym	True
apt/bookworm/extension-20260919/amd64/postgresql-17-plpgsql-check_2.10.10-1PGSTY~bookworm_amd64.deb	postgresql-17-plpgsql-check	2.10.10-1PGSTY~bookworm	amd64	main	True
apt/bookworm/extension-20260919/amd64/postgresql-17-plprql-dbgsym_18.0.2-1PGSTY~bookworm_amd64.deb	postgresql-17-plprql-dbgsym	18.0.2-1PGSTY~bookworm	amd64	dbgsym	True
apt/bookworm/extension-20260919/amd64/postgresql-17-plprql_18.0.2-1PGSTY~bookworm_amd64.deb	postgresql-17-plprql	18.0.2-1PGSTY~bookworm	amd64	main	True
apt/bookworm/extension-20260919/amd64/postgresql-17-psql-bm25s-dbgsym_0.4.14-1PGSTY~bookworm_amd64.deb	postgresql-17-psql-bm25s-dbgsym	0.4.14-1PGSTY~bookworm	amd64	dbgsym	True
apt/bookworm/extension-20260919/amd64/postgresql-17-psql-bm25s_0.4.14-1PGSTY~bookworm_amd64.deb	postgresql-17-psql-bm25s	0.4.14-1PGSTY~bookworm	amd64	main	True
apt/bookworm/extension-20260919/amd64/postgresql-17-timescaledb-tsl-dbgsym_2.30.1-1PGSTY~bookworm_amd64.deb	postgresql-17-timescaledb-tsl-dbgsym	2.30.1-1PGSTY~bookworm	amd64	dbgsym	True
apt/bookworm/extension-20260919/amd64/postgresql-17-timescaledb-tsl_2.30.1-1PGSTY~bookworm_amd64.deb	postgresql-17-timescaledb-tsl	2.30.1-1PGSTY~bookworm	amd64	main	True
apt/bookworm/extension-20260919/amd64/postgresql-17-ulak-dbgsym_0.2.0-1PGSTY~bookworm_amd64.deb	postgresql-17-ulak-dbgsym	0.2.0-1PGSTY~bookworm	amd64	dbgsym	True
apt/bookworm/extension-20260919/amd64/postgresql-17-ulak_0.2.0-1PGSTY~bookworm_amd64.deb	postgresql-17-ulak	0.2.0-1PGSTY~bookworm	amd64	main	True
apt/bookworm/extension-20260919/amd64/postgresql-17-wrappers-dbgsym_0.6.3-1PGSTY~bookworm_amd64.deb	postgresql-17-wrappers-dbgsym	0.6.3-1PGSTY~bookworm	amd64	dbgsym	True
apt/bookworm/extension-20260919/amd64/postgresql-17-wrappers_0.6.3-1PGSTY~bookworm_amd64.deb	postgresql-17-wrappers	0.6.3-1PGSTY~bookworm	amd64	main	True
apt/bookworm/extension-20260919/amd64/postgresql-18-biscuit-dbgsym_3.1.0-1PGSTY~bookworm_amd64.deb	postgresql-18-biscuit-dbgsym	3.1.0-1PGSTY~bookworm	amd64	dbgsym	True
apt/bookworm/extension-20260919/amd64/postgresql-18-biscuit_3.1.0-1PGSTY~bookworm_amd64.deb	postgresql-18-biscuit	3.1.0-1PGSTY~bookworm	amd64	main	True
apt/bookworm/extension-20260919/amd64/postgresql-18-ddlx_0.31-1PGSTY~bookworm_all.deb	postgresql-18-ddlx	0.31-1PGSTY~bookworm	all	main	True
apt/bookworm/extension-20260919/amd64/postgresql-18-documentdb-dbgsym_0.117-1PGSTY~bookworm_amd64.deb	postgresql-18-documentdb-dbgsym	0.117-1PGSTY~bookworm	amd64	dbgsym	True
apt/bookworm/extension-20260919/amd64/postgresql-18-documentdb_0.117-1PGSTY~bookworm_amd64.deb	postgresql-18-documentdb	0.117-1PGSTY~bookworm	amd64	main	True
apt/bookworm/extension-20260919/amd64/postgresql-18-log-fdw-dbgsym_1.5-1PGSTY~bookworm_amd64.deb	postgresql-18-log-fdw-dbgsym	1.5-1PGSTY~bookworm	amd64	dbgsym	True
apt/bookworm/extension-20260919/amd64/postgresql-18-log-fdw_1.5-1PGSTY~bookworm_amd64.deb	postgresql-18-log-fdw	1.5-1PGSTY~bookworm	amd64	main	True
apt/bookworm/extension-20260919/amd64/postgresql-18-macavity-dbgsym_0.1.0-1PGSTY~bookworm_amd64.deb	postgresql-18-macavity-dbgsym	0.1.0-1PGSTY~bookworm	amd64	dbgsym	True
apt/bookworm/extension-20260919/amd64/postgresql-18-macavity_0.1.0-1PGSTY~bookworm_amd64.deb	postgresql-18-macavity	0.1.0-1PGSTY~bookworm	amd64	main	True
apt/bookworm/extension-20260919/amd64/postgresql-18-nominatim-fdw-dbgsym_2.2.0-1PGSTY~bookworm_amd64.deb	postgresql-18-nominatim-fdw-dbgsym	2.2.0-1PGSTY~bookworm	amd64	dbgsym	True
apt/bookworm/extension-20260919/amd64/postgresql-18-nominatim-fdw_2.2.0-1PGSTY~bookworm_amd64.deb	postgresql-18-nominatim-fdw	2.2.0-1PGSTY~bookworm	amd64	main	True
apt/bookworm/extension-20260919/amd64/postgresql-18-pg-circuit-dbgsym_0.1.0-1PGSTY~bookworm_amd64.deb	postgresql-18-pg-circuit-dbgsym	0.1.0-1PGSTY~bookworm	amd64	dbgsym	True
apt/bookworm/extension-20260919/amd64/postgresql-18-pg-circuit_0.1.0-1PGSTY~bookworm_amd64.deb	postgresql-18-pg-circuit	0.1.0-1PGSTY~bookworm	amd64	main	True
apt/bookworm/extension-20260919/amd64/postgresql-18-pg-curl-dbgsym_2.4.6-1PGSTY~bookworm_amd64.deb	postgresql-18-pg-curl-dbgsym	2.4.6-1PGSTY~bookworm	amd64	dbgsym	True
apt/bookworm/extension-20260919/amd64/postgresql-18-pg-curl_2.4.6-1PGSTY~bookworm_amd64.deb	postgresql-18-pg-curl	2.4.6-1PGSTY~bookworm	amd64	main	True
apt/bookworm/extension-20260919/amd64/postgresql-18-pg-durable-dbgsym_0.2.8-1PGSTY~bookworm_amd64.deb	postgresql-18-pg-durable-dbgsym	0.2.8-1PGSTY~bookworm	amd64	dbgsym	True
apt/bookworm/extension-20260919/amd64/postgresql-18-pg-durable_0.2.8-1PGSTY~bookworm_amd64.deb	postgresql-18-pg-durable	0.2.8-1PGSTY~bookworm	amd64	main	True
apt/bookworm/extension-20260919/amd64/postgresql-18-pg-fts-dbgsym_1.8.3-1PGSTY~bookworm_amd64.deb	postgresql-18-pg-fts-dbgsym	1.8.3-1PGSTY~bookworm	amd64	dbgsym	True
apt/bookworm/extension-20260919/amd64/postgresql-18-pg-fts_1.8.3-1PGSTY~bookworm_amd64.deb	postgresql-18-pg-fts	1.8.3-1PGSTY~bookworm	amd64	main	True
apt/bookworm/extension-20260919/amd64/postgresql-18-pg-grammar-guard_0.4.1-1PGSTY~bookworm_all.deb	postgresql-18-pg-grammar-guard	0.4.1-1PGSTY~bookworm	all	main	True
apt/bookworm/extension-20260919/amd64/postgresql-18-pg-lake-dbgsym_3.5.1-1PGSTY~bookworm_amd64.deb	postgresql-18-pg-lake-dbgsym	3.5.1-1PGSTY~bookworm	amd64	dbgsym	True
apt/bookworm/extension-20260919/amd64/postgresql-18-pg-lake_3.5.1-1PGSTY~bookworm_amd64.deb	postgresql-18-pg-lake	3.5.1-1PGSTY~bookworm	amd64	main	True
apt/bookworm/extension-20260919/amd64/postgresql-18-pg-living-assertions_0.4.2-1PGSTY~bookworm_all.deb	postgresql-18-pg-living-assertions	0.4.2-1PGSTY~bookworm	all	main	True
apt/bookworm/extension-20260919/amd64/postgresql-18-pg-local-cache-dbgsym_2.0.4-1PGSTY~bookworm_amd64.deb	postgresql-18-pg-local-cache-dbgsym	2.0.4-1PGSTY~bookworm	amd64	dbgsym	True
apt/bookworm/extension-20260919/amd64/postgresql-18-pg-local-cache_2.0.4-1PGSTY~bookworm_amd64.deb	postgresql-18-pg-local-cache	2.0.4-1PGSTY~bookworm	amd64	main	True
apt/bookworm/extension-20260919/amd64/postgresql-18-pg-profile_4.16-1PGSTY~bookworm_all.deb	postgresql-18-pg-profile	4.16-1PGSTY~bookworm	all	main	True
apt/bookworm/extension-20260919/amd64/postgresql-18-pg-search-dbgsym_0.25.9-1PGSTY~bookworm_amd64.deb	postgresql-18-pg-search-dbgsym	0.25.9-1PGSTY~bookworm	amd64	dbgsym	True
apt/bookworm/extension-20260919/amd64/postgresql-18-pg-search_0.25.9-1PGSTY~bookworm_amd64.deb	postgresql-18-pg-search	0.25.9-1PGSTY~bookworm	amd64	main	True
apt/bookworm/extension-20260919/amd64/postgresql-18-pg-stat-monitor-dbgsym_2.4.0-1PGSTY~bookworm_amd64.deb	postgresql-18-pg-stat-monitor-dbgsym	2.4.0-1PGSTY~bookworm	amd64	dbgsym	True
apt/bookworm/extension-20260919/amd64/postgresql-18-pg-stat-monitor_2.4.0-1PGSTY~bookworm_amd64.deb	postgresql-18-pg-stat-monitor	2.4.0-1PGSTY~bookworm	amd64	main	True
apt/bookworm/extension-20260919/amd64/postgresql-18-pg-task-dbgsym_3.0.0-1PGSTY~bookworm_amd64.deb	postgresql-18-pg-task-dbgsym	3.0.0-1PGSTY~bookworm	amd64	dbgsym	True
apt/bookworm/extension-20260919/amd64/postgresql-18-pg-task_3.0.0-1PGSTY~bookworm_amd64.deb	postgresql-18-pg-task	3.0.0-1PGSTY~bookworm	amd64	main	True
apt/bookworm/extension-20260919/amd64/postgresql-18-pg-trickle-dbgsym_0.107.0-1PGSTY~bookworm_amd64.deb	postgresql-18-pg-trickle-dbgsym	0.107.0-1PGSTY~bookworm	amd64	dbgsym	True
apt/bookworm/extension-20260919/amd64/postgresql-18-pg-trickle_0.107.0-1PGSTY~bookworm_amd64.deb	postgresql-18-pg-trickle	0.107.0-1PGSTY~bookworm	amd64	main	True
apt/bookworm/extension-20260919/amd64/postgresql-18-pg-vault-tde-dbgsym_1.7.1-1PGSTY~bookworm_amd64.deb	postgresql-18-pg-vault-tde-dbgsym	1.7.1-1PGSTY~bookworm	amd64	dbgsym	True
apt/bookworm/extension-20260919/amd64/postgresql-18-pg-vault-tde_1.7.1-1PGSTY~bookworm_amd64.deb	postgresql-18-pg-vault-tde	1.7.1-1PGSTY~bookworm	amd64	main	True
apt/bookworm/extension-20260919/amd64/postgresql-18-pg-vectorize-dbgsym_0.27.1-1PGSTY~bookworm_amd64.deb	postgresql-18-pg-vectorize-dbgsym	0.27.1-1PGSTY~bookworm	amd64	dbgsym	True
apt/bookworm/extension-20260919/amd64/postgresql-18-pg-vectorize_0.27.1-1PGSTY~bookworm_amd64.deb	postgresql-18-pg-vectorize	0.27.1-1PGSTY~bookworm	amd64	main	True
apt/bookworm/extension-20260919/amd64/postgresql-18-pgmq_1.13.0-1PGSTY~bookworm_all.deb	postgresql-18-pgmq	1.13.0-1PGSTY~bookworm	all	main	True
apt/bookworm/extension-20260919/amd64/postgresql-18-pgrdf-dbgsym_0.6.36-1PGSTY~bookworm_amd64.deb	postgresql-18-pgrdf-dbgsym	0.6.36-1PGSTY~bookworm	amd64	dbgsym	True
apt/bookworm/extension-20260919/amd64/postgresql-18-pgrdf_0.6.36-1PGSTY~bookworm_amd64.deb	postgresql-18-pgrdf	0.6.36-1PGSTY~bookworm	amd64	main	True
apt/bookworm/extension-20260919/amd64/postgresql-18-plpgsql-check-dbgsym_2.10.10-1PGSTY~bookworm_amd64.deb	postgresql-18-plpgsql-check-dbgsym	2.10.10-1PGSTY~bookworm	amd64	dbgsym	True
apt/bookworm/extension-20260919/amd64/postgresql-18-plpgsql-check_2.10.10-1PGSTY~bookworm_amd64.deb	postgresql-18-plpgsql-check	2.10.10-1PGSTY~bookworm	amd64	main	True
apt/bookworm/extension-20260919/amd64/postgresql-18-plprql-dbgsym_18.0.2-1PGSTY~bookworm_amd64.deb	postgresql-18-plprql-dbgsym	18.0.2-1PGSTY~bookworm	amd64	dbgsym	True
apt/bookworm/extension-20260919/amd64/postgresql-18-plprql_18.0.2-1PGSTY~bookworm_amd64.deb	postgresql-18-plprql	18.0.2-1PGSTY~bookworm	amd64	main	True
apt/bookworm/extension-20260919/amd64/postgresql-18-psql-bm25s-dbgsym_0.4.14-1PGSTY~bookworm_amd64.deb	postgresql-18-psql-bm25s-dbgsym	0.4.14-1PGSTY~bookworm	amd64	dbgsym	True
apt/bookworm/extension-20260919/amd64/postgresql-18-psql-bm25s_0.4.14-1PGSTY~bookworm_amd64.deb	postgresql-18-psql-bm25s	0.4.14-1PGSTY~bookworm	amd64	main	True
apt/bookworm/extension-20260919/amd64/postgresql-18-timescaledb-tsl-dbgsym_2.30.1-1PGSTY~bookworm_amd64.deb	postgresql-18-timescaledb-tsl-dbgsym	2.30.1-1PGSTY~bookworm	amd64	dbgsym	True
apt/bookworm/extension-20260919/amd64/postgresql-18-timescaledb-tsl_2.30.1-1PGSTY~bookworm_amd64.deb	postgresql-18-timescaledb-tsl	2.30.1-1PGSTY~bookworm	amd64	main	True
apt/bookworm/extension-20260919/amd64/postgresql-18-ulak-dbgsym_0.2.0-1PGSTY~bookworm_amd64.deb	postgresql-18-ulak-dbgsym	0.2.0-1PGSTY~bookworm	amd64	dbgsym	True
apt/bookworm/extension-20260919/amd64/postgresql-18-ulak_0.2.0-1PGSTY~bookworm_amd64.deb	postgresql-18-ulak	0.2.0-1PGSTY~bookworm	amd64	main	True
apt/bookworm/extension-20260919/amd64/postgresql-18-wrappers-dbgsym_0.6.3-1PGSTY~bookworm_amd64.deb	postgresql-18-wrappers-dbgsym	0.6.3-1PGSTY~bookworm	amd64	dbgsym	True
apt/bookworm/extension-20260919/amd64/postgresql-18-wrappers_0.6.3-1PGSTY~bookworm_amd64.deb	postgresql-18-wrappers	0.6.3-1PGSTY~bookworm	amd64	main	True
apt/bookworm/extension-20260919/arm64/ivorysql-18-dbgsym_5.6-1PGSTY~bookworm_arm64.deb	ivorysql-18-dbgsym	5.6-1PGSTY~bookworm	arm64	dbgsym	True
apt/bookworm/extension-20260919/arm64/ivorysql-18_5.6-1PGSTY~bookworm_arm64.deb	ivorysql-18	5.6-1PGSTY~bookworm	arm64	main	True
apt/bookworm/extension-20260919/arm64/postgresql-14-ddlx_0.31-1PGSTY~bookworm_all.deb	postgresql-14-ddlx	0.31-1PGSTY~bookworm	all	main	True
apt/bookworm/extension-20260919/arm64/postgresql-14-jev_0.2.0-1PGSTY~bookworm_all.deb	postgresql-14-jev	0.2.0-1PGSTY~bookworm	all	main	True
apt/bookworm/extension-20260919/arm64/postgresql-14-log-fdw-dbgsym_1.5-1PGSTY~bookworm_arm64.deb	postgresql-14-log-fdw-dbgsym	1.5-1PGSTY~bookworm	arm64	dbgsym	True
apt/bookworm/extension-20260919/arm64/postgresql-14-log-fdw_1.5-1PGSTY~bookworm_arm64.deb	postgresql-14-log-fdw	1.5-1PGSTY~bookworm	arm64	main	True
apt/bookworm/extension-20260919/arm64/postgresql-14-nominatim-fdw-dbgsym_2.2.0-1PGSTY~bookworm_arm64.deb	postgresql-14-nominatim-fdw-dbgsym	2.2.0-1PGSTY~bookworm	arm64	dbgsym	True
apt/bookworm/extension-20260919/arm64/postgresql-14-nominatim-fdw_2.2.0-1PGSTY~bookworm_arm64.deb	postgresql-14-nominatim-fdw	2.2.0-1PGSTY~bookworm	arm64	main	True
apt/bookworm/extension-20260919/arm64/postgresql-14-pg-curl-dbgsym_2.4.6-1PGSTY~bookworm_arm64.deb	postgresql-14-pg-curl-dbgsym	2.4.6-1PGSTY~bookworm	arm64	dbgsym	True
apt/bookworm/extension-20260919/arm64/postgresql-14-pg-curl_2.4.6-1PGSTY~bookworm_arm64.deb	postgresql-14-pg-curl	2.4.6-1PGSTY~bookworm	arm64	main	True
apt/bookworm/extension-20260919/arm64/postgresql-14-pg-durable-dbgsym_0.2.8-1PGSTY~bookworm_arm64.deb	postgresql-14-pg-durable-dbgsym	0.2.8-1PGSTY~bookworm	arm64	dbgsym	True
apt/bookworm/extension-20260919/arm64/postgresql-14-pg-durable_0.2.8-1PGSTY~bookworm_arm64.deb	postgresql-14-pg-durable	0.2.8-1PGSTY~bookworm	arm64	main	True
apt/bookworm/extension-20260919/arm64/postgresql-14-pg-grammar-guard_0.4.1-1PGSTY~bookworm_all.deb	postgresql-14-pg-grammar-guard	0.4.1-1PGSTY~bookworm	all	main	True
apt/bookworm/extension-20260919/arm64/postgresql-14-pg-living-assertions_0.4.2-1PGSTY~bookworm_all.deb	postgresql-14-pg-living-assertions	0.4.2-1PGSTY~bookworm	all	main	True
apt/bookworm/extension-20260919/arm64/postgresql-14-pg-local-cache-dbgsym_2.0.4-1PGSTY~bookworm_arm64.deb	postgresql-14-pg-local-cache-dbgsym	2.0.4-1PGSTY~bookworm	arm64	dbgsym	True
apt/bookworm/extension-20260919/arm64/postgresql-14-pg-local-cache_2.0.4-1PGSTY~bookworm_arm64.deb	postgresql-14-pg-local-cache	2.0.4-1PGSTY~bookworm	arm64	main	True
apt/bookworm/extension-20260919/arm64/postgresql-14-pg-profile_4.16-1PGSTY~bookworm_all.deb	postgresql-14-pg-profile	4.16-1PGSTY~bookworm	all	main	True
apt/bookworm/extension-20260919/arm64/postgresql-14-pg-stat-monitor-dbgsym_2.4.0-1PGSTY~bookworm_arm64.deb	postgresql-14-pg-stat-monitor-dbgsym	2.4.0-1PGSTY~bookworm	arm64	dbgsym	True
apt/bookworm/extension-20260919/arm64/postgresql-14-pg-stat-monitor_2.4.0-1PGSTY~bookworm_arm64.deb	postgresql-14-pg-stat-monitor	2.4.0-1PGSTY~bookworm	arm64	main	True
apt/bookworm/extension-20260919/arm64/postgresql-14-pg-task-dbgsym_3.0.0-1PGSTY~bookworm_arm64.deb	postgresql-14-pg-task-dbgsym	3.0.0-1PGSTY~bookworm	arm64	dbgsym	True
apt/bookworm/extension-20260919/arm64/postgresql-14-pg-task_3.0.0-1PGSTY~bookworm_arm64.deb	postgresql-14-pg-task	3.0.0-1PGSTY~bookworm	arm64	main	True
apt/bookworm/extension-20260919/arm64/postgresql-14-pg-vectorize-dbgsym_0.27.1-1PGSTY~bookworm_arm64.deb	postgresql-14-pg-vectorize-dbgsym	0.27.1-1PGSTY~bookworm	arm64	dbgsym	True
apt/bookworm/extension-20260919/arm64/postgresql-14-pg-vectorize_0.27.1-1PGSTY~bookworm_arm64.deb	postgresql-14-pg-vectorize	0.27.1-1PGSTY~bookworm	arm64	main	True
apt/bookworm/extension-20260919/arm64/postgresql-14-pgmq_1.13.0-1PGSTY~bookworm_all.deb	postgresql-14-pgmq	1.13.0-1PGSTY~bookworm	all	main	True
apt/bookworm/extension-20260919/arm64/postgresql-14-pgrdf-dbgsym_0.6.36-1PGSTY~bookworm_arm64.deb	postgresql-14-pgrdf-dbgsym	0.6.36-1PGSTY~bookworm	arm64	dbgsym	True
apt/bookworm/extension-20260919/arm64/postgresql-14-pgrdf_0.6.36-1PGSTY~bookworm_arm64.deb	postgresql-14-pgrdf	0.6.36-1PGSTY~bookworm	arm64	main	True
apt/bookworm/extension-20260919/arm64/postgresql-14-plpgsql-check-dbgsym_2.10.10-1PGSTY~bookworm_arm64.deb	postgresql-14-plpgsql-check-dbgsym	2.10.10-1PGSTY~bookworm	arm64	dbgsym	True
apt/bookworm/extension-20260919/arm64/postgresql-14-plpgsql-check_2.10.10-1PGSTY~bookworm_arm64.deb	postgresql-14-plpgsql-check	2.10.10-1PGSTY~bookworm	arm64	main	True
apt/bookworm/extension-20260919/arm64/postgresql-14-plprql-dbgsym_18.0.2-1PGSTY~bookworm_arm64.deb	postgresql-14-plprql-dbgsym	18.0.2-1PGSTY~bookworm	arm64	dbgsym	True
apt/bookworm/extension-20260919/arm64/postgresql-14-plprql_18.0.2-1PGSTY~bookworm_arm64.deb	postgresql-14-plprql	18.0.2-1PGSTY~bookworm	arm64	main	True
apt/bookworm/extension-20260919/arm64/postgresql-14-ulak-dbgsym_0.2.0-1PGSTY~bookworm_arm64.deb	postgresql-14-ulak-dbgsym	0.2.0-1PGSTY~bookworm	arm64	dbgsym	True
apt/bookworm/extension-20260919/arm64/postgresql-14-ulak_0.2.0-1PGSTY~bookworm_arm64.deb	postgresql-14-ulak	0.2.0-1PGSTY~bookworm	arm64	main	True
apt/bookworm/extension-20260919/arm64/postgresql-14-wrappers-dbgsym_0.6.3-1PGSTY~bookworm_arm64.deb	postgresql-14-wrappers-dbgsym	0.6.3-1PGSTY~bookworm	arm64	dbgsym	True
apt/bookworm/extension-20260919/arm64/postgresql-14-wrappers_0.6.3-1PGSTY~bookworm_arm64.deb	postgresql-14-wrappers	0.6.3-1PGSTY~bookworm	arm64	main	True
apt/bookworm/extension-20260919/arm64/postgresql-15-ddlx_0.31-1PGSTY~bookworm_all.deb	postgresql-15-ddlx	0.31-1PGSTY~bookworm	all	main	True
apt/bookworm/extension-20260919/arm64/postgresql-15-documentdb-dbgsym_0.117-1PGSTY~bookworm_arm64.deb	postgresql-15-documentdb-dbgsym	0.117-1PGSTY~bookworm	arm64	dbgsym	True
apt/bookworm/extension-20260919/arm64/postgresql-15-documentdb_0.117-1PGSTY~bookworm_arm64.deb	postgresql-15-documentdb	0.117-1PGSTY~bookworm	arm64	main	True
apt/bookworm/extension-20260919/arm64/postgresql-15-jev_0.2.0-1PGSTY~bookworm_all.deb	postgresql-15-jev	0.2.0-1PGSTY~bookworm	all	main	True
apt/bookworm/extension-20260919/arm64/postgresql-15-log-fdw-dbgsym_1.5-1PGSTY~bookworm_arm64.deb	postgresql-15-log-fdw-dbgsym	1.5-1PGSTY~bookworm	arm64	dbgsym	True
apt/bookworm/extension-20260919/arm64/postgresql-15-log-fdw_1.5-1PGSTY~bookworm_arm64.deb	postgresql-15-log-fdw	1.5-1PGSTY~bookworm	arm64	main	True
apt/bookworm/extension-20260919/arm64/postgresql-15-nominatim-fdw-dbgsym_2.2.0-1PGSTY~bookworm_arm64.deb	postgresql-15-nominatim-fdw-dbgsym	2.2.0-1PGSTY~bookworm	arm64	dbgsym	True
apt/bookworm/extension-20260919/arm64/postgresql-15-nominatim-fdw_2.2.0-1PGSTY~bookworm_arm64.deb	postgresql-15-nominatim-fdw	2.2.0-1PGSTY~bookworm	arm64	main	True
apt/bookworm/extension-20260919/arm64/postgresql-15-pg-curl-dbgsym_2.4.6-1PGSTY~bookworm_arm64.deb	postgresql-15-pg-curl-dbgsym	2.4.6-1PGSTY~bookworm	arm64	dbgsym	True
apt/bookworm/extension-20260919/arm64/postgresql-15-pg-curl_2.4.6-1PGSTY~bookworm_arm64.deb	postgresql-15-pg-curl	2.4.6-1PGSTY~bookworm	arm64	main	True
apt/bookworm/extension-20260919/arm64/postgresql-15-pg-durable-dbgsym_0.2.8-1PGSTY~bookworm_arm64.deb	postgresql-15-pg-durable-dbgsym	0.2.8-1PGSTY~bookworm	arm64	dbgsym	True
apt/bookworm/extension-20260919/arm64/postgresql-15-pg-durable_0.2.8-1PGSTY~bookworm_arm64.deb	postgresql-15-pg-durable	0.2.8-1PGSTY~bookworm	arm64	main	True
apt/bookworm/extension-20260919/arm64/postgresql-15-pg-grammar-guard_0.4.1-1PGSTY~bookworm_all.deb	postgresql-15-pg-grammar-guard	0.4.1-1PGSTY~bookworm	all	main	True
apt/bookworm/extension-20260919/arm64/postgresql-15-pg-living-assertions_0.4.2-1PGSTY~bookworm_all.deb	postgresql-15-pg-living-assertions	0.4.2-1PGSTY~bookworm	all	main	True
apt/bookworm/extension-20260919/arm64/postgresql-15-pg-local-cache-dbgsym_2.0.4-1PGSTY~bookworm_arm64.deb	postgresql-15-pg-local-cache-dbgsym	2.0.4-1PGSTY~bookworm	arm64	dbgsym	True
apt/bookworm/extension-20260919/arm64/postgresql-15-pg-local-cache_2.0.4-1PGSTY~bookworm_arm64.deb	postgresql-15-pg-local-cache	2.0.4-1PGSTY~bookworm	arm64	main	True
apt/bookworm/extension-20260919/arm64/postgresql-15-pg-profile_4.16-1PGSTY~bookworm_all.deb	postgresql-15-pg-profile	4.16-1PGSTY~bookworm	all	main	True
apt/bookworm/extension-20260919/arm64/postgresql-15-pg-search-dbgsym_0.25.9-1PGSTY~bookworm_arm64.deb	postgresql-15-pg-search-dbgsym	0.25.9-1PGSTY~bookworm	arm64	dbgsym	True
apt/bookworm/extension-20260919/arm64/postgresql-15-pg-search_0.25.9-1PGSTY~bookworm_arm64.deb	postgresql-15-pg-search	0.25.9-1PGSTY~bookworm	arm64	main	True
apt/bookworm/extension-20260919/arm64/postgresql-15-pg-stat-monitor-dbgsym_2.4.0-1PGSTY~bookworm_arm64.deb	postgresql-15-pg-stat-monitor-dbgsym	2.4.0-1PGSTY~bookworm	arm64	dbgsym	True
apt/bookworm/extension-20260919/arm64/postgresql-15-pg-stat-monitor_2.4.0-1PGSTY~bookworm_arm64.deb	postgresql-15-pg-stat-monitor	2.4.0-1PGSTY~bookworm	arm64	main	True
apt/bookworm/extension-20260919/arm64/postgresql-15-pg-task-dbgsym_3.0.0-1PGSTY~bookworm_arm64.deb	postgresql-15-pg-task-dbgsym	3.0.0-1PGSTY~bookworm	arm64	dbgsym	True
apt/bookworm/extension-20260919/arm64/postgresql-15-pg-task_3.0.0-1PGSTY~bookworm_arm64.deb	postgresql-15-pg-task	3.0.0-1PGSTY~bookworm	arm64	main	True
apt/bookworm/extension-20260919/arm64/postgresql-15-pg-vectorize-dbgsym_0.27.1-1PGSTY~bookworm_arm64.deb	postgresql-15-pg-vectorize-dbgsym	0.27.1-1PGSTY~bookworm	arm64	dbgsym	True
apt/bookworm/extension-20260919/arm64/postgresql-15-pg-vectorize_0.27.1-1PGSTY~bookworm_arm64.deb	postgresql-15-pg-vectorize	0.27.1-1PGSTY~bookworm	arm64	main	True
apt/bookworm/extension-20260919/arm64/postgresql-15-pgmq_1.13.0-1PGSTY~bookworm_all.deb	postgresql-15-pgmq	1.13.0-1PGSTY~bookworm	all	main	True
apt/bookworm/extension-20260919/arm64/postgresql-15-pgrdf-dbgsym_0.6.36-1PGSTY~bookworm_arm64.deb	postgresql-15-pgrdf-dbgsym	0.6.36-1PGSTY~bookworm	arm64	dbgsym	True
apt/bookworm/extension-20260919/arm64/postgresql-15-pgrdf_0.6.36-1PGSTY~bookworm_arm64.deb	postgresql-15-pgrdf	0.6.36-1PGSTY~bookworm	arm64	main	True
apt/bookworm/extension-20260919/arm64/postgresql-15-plpgsql-check-dbgsym_2.10.10-1PGSTY~bookworm_arm64.deb	postgresql-15-plpgsql-check-dbgsym	2.10.10-1PGSTY~bookworm	arm64	dbgsym	True
apt/bookworm/extension-20260919/arm64/postgresql-15-plpgsql-check_2.10.10-1PGSTY~bookworm_arm64.deb	postgresql-15-plpgsql-check	2.10.10-1PGSTY~bookworm	arm64	main	True
apt/bookworm/extension-20260919/arm64/postgresql-15-plprql-dbgsym_18.0.2-1PGSTY~bookworm_arm64.deb	postgresql-15-plprql-dbgsym	18.0.2-1PGSTY~bookworm	arm64	dbgsym	True
apt/bookworm/extension-20260919/arm64/postgresql-15-plprql_18.0.2-1PGSTY~bookworm_arm64.deb	postgresql-15-plprql	18.0.2-1PGSTY~bookworm	arm64	main	True
apt/bookworm/extension-20260919/arm64/postgresql-15-ulak-dbgsym_0.2.0-1PGSTY~bookworm_arm64.deb	postgresql-15-ulak-dbgsym	0.2.0-1PGSTY~bookworm	arm64	dbgsym	True
apt/bookworm/extension-20260919/arm64/postgresql-15-ulak_0.2.0-1PGSTY~bookworm_arm64.deb	postgresql-15-ulak	0.2.0-1PGSTY~bookworm	arm64	main	True
apt/bookworm/extension-20260919/arm64/postgresql-15-wrappers-dbgsym_0.6.3-1PGSTY~bookworm_arm64.deb	postgresql-15-wrappers-dbgsym	0.6.3-1PGSTY~bookworm	arm64	dbgsym	True
apt/bookworm/extension-20260919/arm64/postgresql-15-wrappers_0.6.3-1PGSTY~bookworm_arm64.deb	postgresql-15-wrappers	0.6.3-1PGSTY~bookworm	arm64	main	True
apt/bookworm/extension-20260919/arm64/postgresql-16-biscuit-dbgsym_3.1.0-1PGSTY~bookworm_arm64.deb	postgresql-16-biscuit-dbgsym	3.1.0-1PGSTY~bookworm	arm64	dbgsym	True
apt/bookworm/extension-20260919/arm64/postgresql-16-biscuit_3.1.0-1PGSTY~bookworm_arm64.deb	postgresql-16-biscuit	3.1.0-1PGSTY~bookworm	arm64	main	True
apt/bookworm/extension-20260919/arm64/postgresql-16-ddlx_0.31-1PGSTY~bookworm_all.deb	postgresql-16-ddlx	0.31-1PGSTY~bookworm	all	main	True
apt/bookworm/extension-20260919/arm64/postgresql-16-documentdb-dbgsym_0.117-1PGSTY~bookworm_arm64.deb	postgresql-16-documentdb-dbgsym	0.117-1PGSTY~bookworm	arm64	dbgsym	True
apt/bookworm/extension-20260919/arm64/postgresql-16-documentdb_0.117-1PGSTY~bookworm_arm64.deb	postgresql-16-documentdb	0.117-1PGSTY~bookworm	arm64	main	True
apt/bookworm/extension-20260919/arm64/postgresql-16-jev_0.2.0-1PGSTY~bookworm_all.deb	postgresql-16-jev	0.2.0-1PGSTY~bookworm	all	main	True
apt/bookworm/extension-20260919/arm64/postgresql-16-kafgres-dbgsym_0.1.0-1PGSTY~bookworm_arm64.deb	postgresql-16-kafgres-dbgsym	0.1.0-1PGSTY~bookworm	arm64	dbgsym	True
apt/bookworm/extension-20260919/arm64/postgresql-16-kafgres_0.1.0-1PGSTY~bookworm_arm64.deb	postgresql-16-kafgres	0.1.0-1PGSTY~bookworm	arm64	main	True
apt/bookworm/extension-20260919/arm64/postgresql-16-log-fdw-dbgsym_1.5-1PGSTY~bookworm_arm64.deb	postgresql-16-log-fdw-dbgsym	1.5-1PGSTY~bookworm	arm64	dbgsym	True
apt/bookworm/extension-20260919/arm64/postgresql-16-log-fdw_1.5-1PGSTY~bookworm_arm64.deb	postgresql-16-log-fdw	1.5-1PGSTY~bookworm	arm64	main	True
apt/bookworm/extension-20260919/arm64/postgresql-16-macavity-dbgsym_0.1.0-1PGSTY~bookworm_arm64.deb	postgresql-16-macavity-dbgsym	0.1.0-1PGSTY~bookworm	arm64	dbgsym	True
apt/bookworm/extension-20260919/arm64/postgresql-16-macavity_0.1.0-1PGSTY~bookworm_arm64.deb	postgresql-16-macavity	0.1.0-1PGSTY~bookworm	arm64	main	True
apt/bookworm/extension-20260919/arm64/postgresql-16-nominatim-fdw-dbgsym_2.2.0-1PGSTY~bookworm_arm64.deb	postgresql-16-nominatim-fdw-dbgsym	2.2.0-1PGSTY~bookworm	arm64	dbgsym	True
apt/bookworm/extension-20260919/arm64/postgresql-16-nominatim-fdw_2.2.0-1PGSTY~bookworm_arm64.deb	postgresql-16-nominatim-fdw	2.2.0-1PGSTY~bookworm	arm64	main	True
apt/bookworm/extension-20260919/arm64/postgresql-16-pg-circuit-dbgsym_0.1.0-1PGSTY~bookworm_arm64.deb	postgresql-16-pg-circuit-dbgsym	0.1.0-1PGSTY~bookworm	arm64	dbgsym	True
apt/bookworm/extension-20260919/arm64/postgresql-16-pg-circuit_0.1.0-1PGSTY~bookworm_arm64.deb	postgresql-16-pg-circuit	0.1.0-1PGSTY~bookworm	arm64	main	True
apt/bookworm/extension-20260919/arm64/postgresql-16-pg-curl-dbgsym_2.4.6-1PGSTY~bookworm_arm64.deb	postgresql-16-pg-curl-dbgsym	2.4.6-1PGSTY~bookworm	arm64	dbgsym	True
apt/bookworm/extension-20260919/arm64/postgresql-16-pg-curl_2.4.6-1PGSTY~bookworm_arm64.deb	postgresql-16-pg-curl	2.4.6-1PGSTY~bookworm	arm64	main	True
apt/bookworm/extension-20260919/arm64/postgresql-16-pg-durable-dbgsym_0.2.8-1PGSTY~bookworm_arm64.deb	postgresql-16-pg-durable-dbgsym	0.2.8-1PGSTY~bookworm	arm64	dbgsym	True
apt/bookworm/extension-20260919/arm64/postgresql-16-pg-durable_0.2.8-1PGSTY~bookworm_arm64.deb	postgresql-16-pg-durable	0.2.8-1PGSTY~bookworm	arm64	main	True
apt/bookworm/extension-20260919/arm64/postgresql-16-pg-grammar-guard_0.4.1-1PGSTY~bookworm_all.deb	postgresql-16-pg-grammar-guard	0.4.1-1PGSTY~bookworm	all	main	True
apt/bookworm/extension-20260919/arm64/postgresql-16-pg-lake-dbgsym_3.5.1-1PGSTY~bookworm_arm64.deb	postgresql-16-pg-lake-dbgsym	3.5.1-1PGSTY~bookworm	arm64	dbgsym	True
apt/bookworm/extension-20260919/arm64/postgresql-16-pg-lake_3.5.1-1PGSTY~bookworm_arm64.deb	postgresql-16-pg-lake	3.5.1-1PGSTY~bookworm	arm64	main	True
apt/bookworm/extension-20260919/arm64/postgresql-16-pg-living-assertions_0.4.2-1PGSTY~bookworm_all.deb	postgresql-16-pg-living-assertions	0.4.2-1PGSTY~bookworm	all	main	True
apt/bookworm/extension-20260919/arm64/postgresql-16-pg-local-cache-dbgsym_2.0.4-1PGSTY~bookworm_arm64.deb	postgresql-16-pg-local-cache-dbgsym	2.0.4-1PGSTY~bookworm	arm64	dbgsym	True
apt/bookworm/extension-20260919/arm64/postgresql-16-pg-local-cache_2.0.4-1PGSTY~bookworm_arm64.deb	postgresql-16-pg-local-cache	2.0.4-1PGSTY~bookworm	arm64	main	True
apt/bookworm/extension-20260919/arm64/postgresql-16-pg-profile_4.16-1PGSTY~bookworm_all.deb	postgresql-16-pg-profile	4.16-1PGSTY~bookworm	all	main	True
apt/bookworm/extension-20260919/arm64/postgresql-16-pg-search-dbgsym_0.25.9-1PGSTY~bookworm_arm64.deb	postgresql-16-pg-search-dbgsym	0.25.9-1PGSTY~bookworm	arm64	dbgsym	True
apt/bookworm/extension-20260919/arm64/postgresql-16-pg-search_0.25.9-1PGSTY~bookworm_arm64.deb	postgresql-16-pg-search	0.25.9-1PGSTY~bookworm	arm64	main	True
apt/bookworm/extension-20260919/arm64/postgresql-16-pg-stat-monitor-dbgsym_2.4.0-1PGSTY~bookworm_arm64.deb	postgresql-16-pg-stat-monitor-dbgsym	2.4.0-1PGSTY~bookworm	arm64	dbgsym	True
apt/bookworm/extension-20260919/arm64/postgresql-16-pg-stat-monitor_2.4.0-1PGSTY~bookworm_arm64.deb	postgresql-16-pg-stat-monitor	2.4.0-1PGSTY~bookworm	arm64	main	True
apt/bookworm/extension-20260919/arm64/postgresql-16-pg-task-dbgsym_3.0.0-1PGSTY~bookworm_arm64.deb	postgresql-16-pg-task-dbgsym	3.0.0-1PGSTY~bookworm	arm64	dbgsym	True
apt/bookworm/extension-20260919/arm64/postgresql-16-pg-task_3.0.0-1PGSTY~bookworm_arm64.deb	postgresql-16-pg-task	3.0.0-1PGSTY~bookworm	arm64	main	True
apt/bookworm/extension-20260919/arm64/postgresql-16-pg-vectorize-dbgsym_0.27.1-1PGSTY~bookworm_arm64.deb	postgresql-16-pg-vectorize-dbgsym	0.27.1-1PGSTY~bookworm	arm64	dbgsym	True
apt/bookworm/extension-20260919/arm64/postgresql-16-pg-vectorize_0.27.1-1PGSTY~bookworm_arm64.deb	postgresql-16-pg-vectorize	0.27.1-1PGSTY~bookworm	arm64	main	True
apt/bookworm/extension-20260919/arm64/postgresql-16-pgmq_1.13.0-1PGSTY~bookworm_all.deb	postgresql-16-pgmq	1.13.0-1PGSTY~bookworm	all	main	True
apt/bookworm/extension-20260919/arm64/postgresql-16-pgrdf-dbgsym_0.6.36-1PGSTY~bookworm_arm64.deb	postgresql-16-pgrdf-dbgsym	0.6.36-1PGSTY~bookworm	arm64	dbgsym	True
apt/bookworm/extension-20260919/arm64/postgresql-16-pgrdf_0.6.36-1PGSTY~bookworm_arm64.deb	postgresql-16-pgrdf	0.6.36-1PGSTY~bookworm	arm64	main	True
apt/bookworm/extension-20260919/arm64/postgresql-16-plpgsql-check-dbgsym_2.10.10-1PGSTY~bookworm_arm64.deb	postgresql-16-plpgsql-check-dbgsym	2.10.10-1PGSTY~bookworm	arm64	dbgsym	True
apt/bookworm/extension-20260919/arm64/postgresql-16-plpgsql-check_2.10.10-1PGSTY~bookworm_arm64.deb	postgresql-16-plpgsql-check	2.10.10-1PGSTY~bookworm	arm64	main	True
apt/bookworm/extension-20260919/arm64/postgresql-16-plprql-dbgsym_18.0.2-1PGSTY~bookworm_arm64.deb	postgresql-16-plprql-dbgsym	18.0.2-1PGSTY~bookworm	arm64	dbgsym	True
apt/bookworm/extension-20260919/arm64/postgresql-16-plprql_18.0.2-1PGSTY~bookworm_arm64.deb	postgresql-16-plprql	18.0.2-1PGSTY~bookworm	arm64	main	True
apt/bookworm/extension-20260919/arm64/postgresql-16-timescaledb-tsl-dbgsym_2.30.1-1PGSTY~bookworm_arm64.deb	postgresql-16-timescaledb-tsl-dbgsym	2.30.1-1PGSTY~bookworm	arm64	dbgsym	True
apt/bookworm/extension-20260919/arm64/postgresql-16-timescaledb-tsl_2.30.1-1PGSTY~bookworm_arm64.deb	postgresql-16-timescaledb-tsl	2.30.1-1PGSTY~bookworm	arm64	main	True
apt/bookworm/extension-20260919/arm64/postgresql-16-ulak-dbgsym_0.2.0-1PGSTY~bookworm_arm64.deb	postgresql-16-ulak-dbgsym	0.2.0-1PGSTY~bookworm	arm64	dbgsym	True
apt/bookworm/extension-20260919/arm64/postgresql-16-ulak_0.2.0-1PGSTY~bookworm_arm64.deb	postgresql-16-ulak	0.2.0-1PGSTY~bookworm	arm64	main	True
apt/bookworm/extension-20260919/arm64/postgresql-16-wrappers-dbgsym_0.6.3-1PGSTY~bookworm_arm64.deb	postgresql-16-wrappers-dbgsym	0.6.3-1PGSTY~bookworm	arm64	dbgsym	True
apt/bookworm/extension-20260919/arm64/postgresql-16-wrappers_0.6.3-1PGSTY~bookworm_arm64.deb	postgresql-16-wrappers	0.6.3-1PGSTY~bookworm	arm64	main	True
apt/bookworm/extension-20260919/arm64/postgresql-17-biscuit-dbgsym_3.1.0-1PGSTY~bookworm_arm64.deb	postgresql-17-biscuit-dbgsym	3.1.0-1PGSTY~bookworm	arm64	dbgsym	True
apt/bookworm/extension-20260919/arm64/postgresql-17-biscuit_3.1.0-1PGSTY~bookworm_arm64.deb	postgresql-17-biscuit	3.1.0-1PGSTY~bookworm	arm64	main	True
apt/bookworm/extension-20260919/arm64/postgresql-17-ddlx_0.31-1PGSTY~bookworm_all.deb	postgresql-17-ddlx	0.31-1PGSTY~bookworm	all	main	True
apt/bookworm/extension-20260919/arm64/postgresql-17-documentdb-dbgsym_0.117-1PGSTY~bookworm_arm64.deb	postgresql-17-documentdb-dbgsym	0.117-1PGSTY~bookworm	arm64	dbgsym	True
apt/bookworm/extension-20260919/arm64/postgresql-17-documentdb_0.117-1PGSTY~bookworm_arm64.deb	postgresql-17-documentdb	0.117-1PGSTY~bookworm	arm64	main	True
apt/bookworm/extension-20260919/arm64/postgresql-17-jev_0.2.0-1PGSTY~bookworm_all.deb	postgresql-17-jev	0.2.0-1PGSTY~bookworm	all	main	True
apt/bookworm/extension-20260919/arm64/postgresql-17-log-fdw-dbgsym_1.5-1PGSTY~bookworm_arm64.deb	postgresql-17-log-fdw-dbgsym	1.5-1PGSTY~bookworm	arm64	dbgsym	True
apt/bookworm/extension-20260919/arm64/postgresql-17-log-fdw_1.5-1PGSTY~bookworm_arm64.deb	postgresql-17-log-fdw	1.5-1PGSTY~bookworm	arm64	main	True
apt/bookworm/extension-20260919/arm64/postgresql-17-macavity-dbgsym_0.1.0-1PGSTY~bookworm_arm64.deb	postgresql-17-macavity-dbgsym	0.1.0-1PGSTY~bookworm	arm64	dbgsym	True
apt/bookworm/extension-20260919/arm64/postgresql-17-macavity_0.1.0-1PGSTY~bookworm_arm64.deb	postgresql-17-macavity	0.1.0-1PGSTY~bookworm	arm64	main	True
apt/bookworm/extension-20260919/arm64/postgresql-17-nominatim-fdw-dbgsym_2.2.0-1PGSTY~bookworm_arm64.deb	postgresql-17-nominatim-fdw-dbgsym	2.2.0-1PGSTY~bookworm	arm64	dbgsym	True
apt/bookworm/extension-20260919/arm64/postgresql-17-nominatim-fdw_2.2.0-1PGSTY~bookworm_arm64.deb	postgresql-17-nominatim-fdw	2.2.0-1PGSTY~bookworm	arm64	main	True
apt/bookworm/extension-20260919/arm64/postgresql-17-pg-circuit-dbgsym_0.1.0-1PGSTY~bookworm_arm64.deb	postgresql-17-pg-circuit-dbgsym	0.1.0-1PGSTY~bookworm	arm64	dbgsym	True
apt/bookworm/extension-20260919/arm64/postgresql-17-pg-circuit_0.1.0-1PGSTY~bookworm_arm64.deb	postgresql-17-pg-circuit	0.1.0-1PGSTY~bookworm	arm64	main	True
apt/bookworm/extension-20260919/arm64/postgresql-17-pg-curl-dbgsym_2.4.6-1PGSTY~bookworm_arm64.deb	postgresql-17-pg-curl-dbgsym	2.4.6-1PGSTY~bookworm	arm64	dbgsym	True
apt/bookworm/extension-20260919/arm64/postgresql-17-pg-curl_2.4.6-1PGSTY~bookworm_arm64.deb	postgresql-17-pg-curl	2.4.6-1PGSTY~bookworm	arm64	main	True
apt/bookworm/extension-20260919/arm64/postgresql-17-pg-durable-dbgsym_0.2.8-1PGSTY~bookworm_arm64.deb	postgresql-17-pg-durable-dbgsym	0.2.8-1PGSTY~bookworm	arm64	dbgsym	True
apt/bookworm/extension-20260919/arm64/postgresql-17-pg-durable_0.2.8-1PGSTY~bookworm_arm64.deb	postgresql-17-pg-durable	0.2.8-1PGSTY~bookworm	arm64	main	True
apt/bookworm/extension-20260919/arm64/postgresql-17-pg-fts-dbgsym_1.8.3-1PGSTY~bookworm_arm64.deb	postgresql-17-pg-fts-dbgsym	1.8.3-1PGSTY~bookworm	arm64	dbgsym	True
apt/bookworm/extension-20260919/arm64/postgresql-17-pg-fts_1.8.3-1PGSTY~bookworm_arm64.deb	postgresql-17-pg-fts	1.8.3-1PGSTY~bookworm	arm64	main	True
apt/bookworm/extension-20260919/arm64/postgresql-17-pg-grammar-guard_0.4.1-1PGSTY~bookworm_all.deb	postgresql-17-pg-grammar-guard	0.4.1-1PGSTY~bookworm	all	main	True
apt/bookworm/extension-20260919/arm64/postgresql-17-pg-lake-dbgsym_3.5.1-1PGSTY~bookworm_arm64.deb	postgresql-17-pg-lake-dbgsym	3.5.1-1PGSTY~bookworm	arm64	dbgsym	True
apt/bookworm/extension-20260919/arm64/postgresql-17-pg-lake_3.5.1-1PGSTY~bookworm_arm64.deb	postgresql-17-pg-lake	3.5.1-1PGSTY~bookworm	arm64	main	True
apt/bookworm/extension-20260919/arm64/postgresql-17-pg-living-assertions_0.4.2-1PGSTY~bookworm_all.deb	postgresql-17-pg-living-assertions	0.4.2-1PGSTY~bookworm	all	main	True
apt/bookworm/extension-20260919/arm64/postgresql-17-pg-local-cache-dbgsym_2.0.4-1PGSTY~bookworm_arm64.deb	postgresql-17-pg-local-cache-dbgsym	2.0.4-1PGSTY~bookworm	arm64	dbgsym	True
apt/bookworm/extension-20260919/arm64/postgresql-17-pg-local-cache_2.0.4-1PGSTY~bookworm_arm64.deb	postgresql-17-pg-local-cache	2.0.4-1PGSTY~bookworm	arm64	main	True
apt/bookworm/extension-20260919/arm64/postgresql-17-pg-profile_4.16-1PGSTY~bookworm_all.deb	postgresql-17-pg-profile	4.16-1PGSTY~bookworm	all	main	True
apt/bookworm/extension-20260919/arm64/postgresql-17-pg-search-dbgsym_0.25.9-1PGSTY~bookworm_arm64.deb	postgresql-17-pg-search-dbgsym	0.25.9-1PGSTY~bookworm	arm64	dbgsym	True
apt/bookworm/extension-20260919/arm64/postgresql-17-pg-search_0.25.9-1PGSTY~bookworm_arm64.deb	postgresql-17-pg-search	0.25.9-1PGSTY~bookworm	arm64	main	True
apt/bookworm/extension-20260919/arm64/postgresql-17-pg-stat-monitor-dbgsym_2.4.0-1PGSTY~bookworm_arm64.deb	postgresql-17-pg-stat-monitor-dbgsym	2.4.0-1PGSTY~bookworm	arm64	dbgsym	True
apt/bookworm/extension-20260919/arm64/postgresql-17-pg-stat-monitor_2.4.0-1PGSTY~bookworm_arm64.deb	postgresql-17-pg-stat-monitor	2.4.0-1PGSTY~bookworm	arm64	main	True
apt/bookworm/extension-20260919/arm64/postgresql-17-pg-task-dbgsym_3.0.0-1PGSTY~bookworm_arm64.deb	postgresql-17-pg-task-dbgsym	3.0.0-1PGSTY~bookworm	arm64	dbgsym	True
apt/bookworm/extension-20260919/arm64/postgresql-17-pg-task_3.0.0-1PGSTY~bookworm_arm64.deb	postgresql-17-pg-task	3.0.0-1PGSTY~bookworm	arm64	main	True
apt/bookworm/extension-20260919/arm64/postgresql-17-pg-vault-tde-dbgsym_1.7.1-1PGSTY~bookworm_arm64.deb	postgresql-17-pg-vault-tde-dbgsym	1.7.1-1PGSTY~bookworm	arm64	dbgsym	True
apt/bookworm/extension-20260919/arm64/postgresql-17-pg-vault-tde_1.7.1-1PGSTY~bookworm_arm64.deb	postgresql-17-pg-vault-tde	1.7.1-1PGSTY~bookworm	arm64	main	True
apt/bookworm/extension-20260919/arm64/postgresql-17-pg-vectorize-dbgsym_0.27.1-1PGSTY~bookworm_arm64.deb	postgresql-17-pg-vectorize-dbgsym	0.27.1-1PGSTY~bookworm	arm64	dbgsym	True
apt/bookworm/extension-20260919/arm64/postgresql-17-pg-vectorize_0.27.1-1PGSTY~bookworm_arm64.deb	postgresql-17-pg-vectorize	0.27.1-1PGSTY~bookworm	arm64	main	True
apt/bookworm/extension-20260919/arm64/postgresql-17-pgmq_1.13.0-1PGSTY~bookworm_all.deb	postgresql-17-pgmq	1.13.0-1PGSTY~bookworm	all	main	True
apt/bookworm/extension-20260919/arm64/postgresql-17-pgrdf-dbgsym_0.6.36-1PGSTY~bookworm_arm64.deb	postgresql-17-pgrdf-dbgsym	0.6.36-1PGSTY~bookworm	arm64	dbgsym	True
apt/bookworm/extension-20260919/arm64/postgresql-17-pgrdf_0.6.36-1PGSTY~bookworm_arm64.deb	postgresql-17-pgrdf	0.6.36-1PGSTY~bookworm	arm64	main	True
apt/bookworm/extension-20260919/arm64/postgresql-17-plpgsql-check-dbgsym_2.10.10-1PGSTY~bookworm_arm64.deb	postgresql-17-plpgsql-check-dbgsym	2.10.10-1PGSTY~bookworm	arm64	dbgsym	True
apt/bookworm/extension-20260919/arm64/postgresql-17-plpgsql-check_2.10.10-1PGSTY~bookworm_arm64.deb	postgresql-17-plpgsql-check	2.10.10-1PGSTY~bookworm	arm64	main	True
apt/bookworm/extension-20260919/arm64/postgresql-17-plprql-dbgsym_18.0.2-1PGSTY~bookworm_arm64.deb	postgresql-17-plprql-dbgsym	18.0.2-1PGSTY~bookworm	arm64	dbgsym	True
apt/bookworm/extension-20260919/arm64/postgresql-17-plprql_18.0.2-1PGSTY~bookworm_arm64.deb	postgresql-17-plprql	18.0.2-1PGSTY~bookworm	arm64	main	True
apt/bookworm/extension-20260919/arm64/postgresql-17-psql-bm25s-dbgsym_0.4.14-1PGSTY~bookworm_arm64.deb	postgresql-17-psql-bm25s-dbgsym	0.4.14-1PGSTY~bookworm	arm64	dbgsym	True
apt/bookworm/extension-20260919/arm64/postgresql-17-psql-bm25s_0.4.14-1PGSTY~bookworm_arm64.deb	postgresql-17-psql-bm25s	0.4.14-1PGSTY~bookworm	arm64	main	True
apt/bookworm/extension-20260919/arm64/postgresql-17-timescaledb-tsl-dbgsym_2.30.1-1PGSTY~bookworm_arm64.deb	postgresql-17-timescaledb-tsl-dbgsym	2.30.1-1PGSTY~bookworm	arm64	dbgsym	True
apt/bookworm/extension-20260919/arm64/postgresql-17-timescaledb-tsl_2.30.1-1PGSTY~bookworm_arm64.deb	postgresql-17-timescaledb-tsl	2.30.1-1PGSTY~bookworm	arm64	main	True
apt/bookworm/extension-20260919/arm64/postgresql-17-ulak-dbgsym_0.2.0-1PGSTY~bookworm_arm64.deb	postgresql-17-ulak-dbgsym	0.2.0-1PGSTY~bookworm	arm64	dbgsym	True
apt/bookworm/extension-20260919/arm64/postgresql-17-ulak_0.2.0-1PGSTY~bookworm_arm64.deb	postgresql-17-ulak	0.2.0-1PGSTY~bookworm	arm64	main	True
apt/bookworm/extension-20260919/arm64/postgresql-17-wrappers-dbgsym_0.6.3-1PGSTY~bookworm_arm64.deb	postgresql-17-wrappers-dbgsym	0.6.3-1PGSTY~bookworm	arm64	dbgsym	True
apt/bookworm/extension-20260919/arm64/postgresql-17-wrappers_0.6.3-1PGSTY~bookworm_arm64.deb	postgresql-17-wrappers	0.6.3-1PGSTY~bookworm	arm64	main	True
apt/bookworm/extension-20260919/arm64/postgresql-18-biscuit-dbgsym_3.1.0-1PGSTY~bookworm_arm64.deb	postgresql-18-biscuit-dbgsym	3.1.0-1PGSTY~bookworm	arm64	dbgsym	True
apt/bookworm/extension-20260919/arm64/postgresql-18-biscuit_3.1.0-1PGSTY~bookworm_arm64.deb	postgresql-18-biscuit	3.1.0-1PGSTY~bookworm	arm64	main	True
apt/bookworm/extension-20260919/arm64/postgresql-18-ddlx_0.31-1PGSTY~bookworm_all.deb	postgresql-18-ddlx	0.31-1PGSTY~bookworm	all	main	True
apt/bookworm/extension-20260919/arm64/postgresql-18-documentdb-dbgsym_0.117-1PGSTY~bookworm_arm64.deb	postgresql-18-documentdb-dbgsym	0.117-1PGSTY~bookworm	arm64	dbgsym	True
apt/bookworm/extension-20260919/arm64/postgresql-18-documentdb_0.117-1PGSTY~bookworm_arm64.deb	postgresql-18-documentdb	0.117-1PGSTY~bookworm	arm64	main	True
apt/bookworm/extension-20260919/arm64/postgresql-18-log-fdw-dbgsym_1.5-1PGSTY~bookworm_arm64.deb	postgresql-18-log-fdw-dbgsym	1.5-1PGSTY~bookworm	arm64	dbgsym	True
apt/bookworm/extension-20260919/arm64/postgresql-18-log-fdw_1.5-1PGSTY~bookworm_arm64.deb	postgresql-18-log-fdw	1.5-1PGSTY~bookworm	arm64	main	True
apt/bookworm/extension-20260919/arm64/postgresql-18-macavity-dbgsym_0.1.0-1PGSTY~bookworm_arm64.deb	postgresql-18-macavity-dbgsym	0.1.0-1PGSTY~bookworm	arm64	dbgsym	True
apt/bookworm/extension-20260919/arm64/postgresql-18-macavity_0.1.0-1PGSTY~bookworm_arm64.deb	postgresql-18-macavity	0.1.0-1PGSTY~bookworm	arm64	main	True
apt/bookworm/extension-20260919/arm64/postgresql-18-nominatim-fdw-dbgsym_2.2.0-1PGSTY~bookworm_arm64.deb	postgresql-18-nominatim-fdw-dbgsym	2.2.0-1PGSTY~bookworm	arm64	dbgsym	True
apt/bookworm/extension-20260919/arm64/postgresql-18-nominatim-fdw_2.2.0-1PGSTY~bookworm_arm64.deb	postgresql-18-nominatim-fdw	2.2.0-1PGSTY~bookworm	arm64	main	True
apt/bookworm/extension-20260919/arm64/postgresql-18-pg-circuit-dbgsym_0.1.0-1PGSTY~bookworm_arm64.deb	postgresql-18-pg-circuit-dbgsym	0.1.0-1PGSTY~bookworm	arm64	dbgsym	True
apt/bookworm/extension-20260919/arm64/postgresql-18-pg-circuit_0.1.0-1PGSTY~bookworm_arm64.deb	postgresql-18-pg-circuit	0.1.0-1PGSTY~bookworm	arm64	main	True
apt/bookworm/extension-20260919/arm64/postgresql-18-pg-curl-dbgsym_2.4.6-1PGSTY~bookworm_arm64.deb	postgresql-18-pg-curl-dbgsym	2.4.6-1PGSTY~bookworm	arm64	dbgsym	True
apt/bookworm/extension-20260919/arm64/postgresql-18-pg-curl_2.4.6-1PGSTY~bookworm_arm64.deb	postgresql-18-pg-curl	2.4.6-1PGSTY~bookworm	arm64	main	True
apt/bookworm/extension-20260919/arm64/postgresql-18-pg-durable-dbgsym_0.2.8-1PGSTY~bookworm_arm64.deb	postgresql-18-pg-durable-dbgsym	0.2.8-1PGSTY~bookworm	arm64	dbgsym	True
apt/bookworm/extension-20260919/arm64/postgresql-18-pg-durable_0.2.8-1PGSTY~bookworm_arm64.deb	postgresql-18-pg-durable	0.2.8-1PGSTY~bookworm	arm64	main	True
apt/bookworm/extension-20260919/arm64/postgresql-18-pg-fts-dbgsym_1.8.3-1PGSTY~bookworm_arm64.deb	postgresql-18-pg-fts-dbgsym	1.8.3-1PGSTY~bookworm	arm64	dbgsym	True
apt/bookworm/extension-20260919/arm64/postgresql-18-pg-fts_1.8.3-1PGSTY~bookworm_arm64.deb	postgresql-18-pg-fts	1.8.3-1PGSTY~bookworm	arm64	main	True
apt/bookworm/extension-20260919/arm64/postgresql-18-pg-grammar-guard_0.4.1-1PGSTY~bookworm_all.deb	postgresql-18-pg-grammar-guard	0.4.1-1PGSTY~bookworm	all	main	True
apt/bookworm/extension-20260919/arm64/postgresql-18-pg-lake-dbgsym_3.5.1-1PGSTY~bookworm_arm64.deb	postgresql-18-pg-lake-dbgsym	3.5.1-1PGSTY~bookworm	arm64	dbgsym	True
apt/bookworm/extension-20260919/arm64/postgresql-18-pg-lake_3.5.1-1PGSTY~bookworm_arm64.deb	postgresql-18-pg-lake	3.5.1-1PGSTY~bookworm	arm64	main	True
apt/bookworm/extension-20260919/arm64/postgresql-18-pg-living-assertions_0.4.2-1PGSTY~bookworm_all.deb	postgresql-18-pg-living-assertions	0.4.2-1PGSTY~bookworm	all	main	True
apt/bookworm/extension-20260919/arm64/postgresql-18-pg-local-cache-dbgsym_2.0.4-1PGSTY~bookworm_arm64.deb	postgresql-18-pg-local-cache-dbgsym	2.0.4-1PGSTY~bookworm	arm64	dbgsym	True
apt/bookworm/extension-20260919/arm64/postgresql-18-pg-local-cache_2.0.4-1PGSTY~bookworm_arm64.deb	postgresql-18-pg-local-cache	2.0.4-1PGSTY~bookworm	arm64	main	True
apt/bookworm/extension-20260919/arm64/postgresql-18-pg-profile_4.16-1PGSTY~bookworm_all.deb	postgresql-18-pg-profile	4.16-1PGSTY~bookworm	all	main	True
apt/bookworm/extension-20260919/arm64/postgresql-18-pg-search-dbgsym_0.25.9-1PGSTY~bookworm_arm64.deb	postgresql-18-pg-search-dbgsym	0.25.9-1PGSTY~bookworm	arm64	dbgsym	True
apt/bookworm/extension-20260919/arm64/postgresql-18-pg-search_0.25.9-1PGSTY~bookworm_arm64.deb	postgresql-18-pg-search	0.25.9-1PGSTY~bookworm	arm64	main	True
apt/bookworm/extension-20260919/arm64/postgresql-18-pg-stat-monitor-dbgsym_2.4.0-1PGSTY~bookworm_arm64.deb	postgresql-18-pg-stat-monitor-dbgsym	2.4.0-1PGSTY~bookworm	arm64	dbgsym	True
apt/bookworm/extension-20260919/arm64/postgresql-18-pg-stat-monitor_2.4.0-1PGSTY~bookworm_arm64.deb	postgresql-18-pg-stat-monitor	2.4.0-1PGSTY~bookworm	arm64	main	True
apt/bookworm/extension-20260919/arm64/postgresql-18-pg-task-dbgsym_3.0.0-1PGSTY~bookworm_arm64.deb	postgresql-18-pg-task-dbgsym	3.0.0-1PGSTY~bookworm	arm64	dbgsym	True
apt/bookworm/extension-20260919/arm64/postgresql-18-pg-task_3.0.0-1PGSTY~bookworm_arm64.deb	postgresql-18-pg-task	3.0.0-1PGSTY~bookworm	arm64	main	True
apt/bookworm/extension-20260919/arm64/postgresql-18-pg-trickle-dbgsym_0.107.0-1PGSTY~bookworm_arm64.deb	postgresql-18-pg-trickle-dbgsym	0.107.0-1PGSTY~bookworm	arm64	dbgsym	True
apt/bookworm/extension-20260919/arm64/postgresql-18-pg-trickle_0.107.0-1PGSTY~bookworm_arm64.deb	postgresql-18-pg-trickle	0.107.0-1PGSTY~bookworm	arm64	main	True
apt/bookworm/extension-20260919/arm64/postgresql-18-pg-vault-tde-dbgsym_1.7.1-1PGSTY~bookworm_arm64.deb	postgresql-18-pg-vault-tde-dbgsym	1.7.1-1PGSTY~bookworm	arm64	dbgsym	True
apt/bookworm/extension-20260919/arm64/postgresql-18-pg-vault-tde_1.7.1-1PGSTY~bookworm_arm64.deb	postgresql-18-pg-vault-tde	1.7.1-1PGSTY~bookworm	arm64	main	True
apt/bookworm/extension-20260919/arm64/postgresql-18-pg-vectorize-dbgsym_0.27.1-1PGSTY~bookworm_arm64.deb	postgresql-18-pg-vectorize-dbgsym	0.27.1-1PGSTY~bookworm	arm64	dbgsym	True
apt/bookworm/extension-20260919/arm64/postgresql-18-pg-vectorize_0.27.1-1PGSTY~bookworm_arm64.deb	postgresql-18-pg-vectorize	0.27.1-1PGSTY~bookworm	arm64	main	True
apt/bookworm/extension-20260919/arm64/postgresql-18-pgmq_1.13.0-1PGSTY~bookworm_all.deb	postgresql-18-pgmq	1.13.0-1PGSTY~bookworm	all	main	True
apt/bookworm/extension-20260919/arm64/postgresql-18-pgrdf-dbgsym_0.6.36-1PGSTY~bookworm_arm64.deb	postgresql-18-pgrdf-dbgsym	0.6.36-1PGSTY~bookworm	arm64	dbgsym	True
apt/bookworm/extension-20260919/arm64/postgresql-18-pgrdf_0.6.36-1PGSTY~bookworm_arm64.deb	postgresql-18-pgrdf	0.6.36-1PGSTY~bookworm	arm64	main	True
apt/bookworm/extension-20260919/arm64/postgresql-18-plpgsql-check-dbgsym_2.10.10-1PGSTY~bookworm_arm64.deb	postgresql-18-plpgsql-check-dbgsym	2.10.10-1PGSTY~bookworm	arm64	dbgsym	True
apt/bookworm/extension-20260919/arm64/postgresql-18-plpgsql-check_2.10.10-1PGSTY~bookworm_arm64.deb	postgresql-18-plpgsql-check	2.10.10-1PGSTY~bookworm	arm64	main	True
apt/bookworm/extension-20260919/arm64/postgresql-18-plprql-dbgsym_18.0.2-1PGSTY~bookworm_arm64.deb	postgresql-18-plprql-dbgsym	18.0.2-1PGSTY~bookworm	arm64	dbgsym	True
apt/bookworm/extension-20260919/arm64/postgresql-18-plprql_18.0.2-1PGSTY~bookworm_arm64.deb	postgresql-18-plprql	18.0.2-1PGSTY~bookworm	arm64	main	True
apt/bookworm/extension-20260919/arm64/postgresql-18-psql-bm25s-dbgsym_0.4.14-1PGSTY~bookworm_arm64.deb	postgresql-18-psql-bm25s-dbgsym	0.4.14-1PGSTY~bookworm	arm64	dbgsym	True
apt/bookworm/extension-20260919/arm64/postgresql-18-psql-bm25s_0.4.14-1PGSTY~bookworm_arm64.deb	postgresql-18-psql-bm25s	0.4.14-1PGSTY~bookworm	arm64	main	True
apt/bookworm/extension-20260919/arm64/postgresql-18-timescaledb-tsl-dbgsym_2.30.1-1PGSTY~bookworm_arm64.deb	postgresql-18-timescaledb-tsl-dbgsym	2.30.1-1PGSTY~bookworm	arm64	dbgsym	True
apt/bookworm/extension-20260919/arm64/postgresql-18-timescaledb-tsl_2.30.1-1PGSTY~bookworm_arm64.deb	postgresql-18-timescaledb-tsl	2.30.1-1PGSTY~bookworm	arm64	main	True
apt/bookworm/extension-20260919/arm64/postgresql-18-ulak-dbgsym_0.2.0-1PGSTY~bookworm_arm64.deb	postgresql-18-ulak-dbgsym	0.2.0-1PGSTY~bookworm	arm64	dbgsym	True
apt/bookworm/extension-20260919/arm64/postgresql-18-ulak_0.2.0-1PGSTY~bookworm_arm64.deb	postgresql-18-ulak	0.2.0-1PGSTY~bookworm	arm64	main	True
apt/bookworm/extension-20260919/arm64/postgresql-18-wrappers-dbgsym_0.6.3-1PGSTY~bookworm_arm64.deb	postgresql-18-wrappers-dbgsym	0.6.3-1PGSTY~bookworm	arm64	dbgsym	True
apt/bookworm/extension-20260919/arm64/postgresql-18-wrappers_0.6.3-1PGSTY~bookworm_arm64.deb	postgresql-18-wrappers	0.6.3-1PGSTY~bookworm	arm64	main	True
apt/jammy/extension-20260919/amd64/ivorysql-18-dbgsym_5.6-1PGSTY~jammy_amd64.ddeb	ivorysql-18-dbgsym	5.6-1PGSTY~jammy	amd64	dbgsym	True
apt/jammy/extension-20260919/amd64/ivorysql-18_5.6-1PGSTY~jammy_amd64.deb	ivorysql-18	5.6-1PGSTY~jammy	amd64	main	True
apt/jammy/extension-20260919/amd64/postgresql-14-ddlx_0.31-1PGSTY~jammy_all.deb	postgresql-14-ddlx	0.31-1PGSTY~jammy	all	main	True
apt/jammy/extension-20260919/amd64/postgresql-14-jev_0.2.0-1PGSTY~jammy_all.deb	postgresql-14-jev	0.2.0-1PGSTY~jammy	all	main	True
apt/jammy/extension-20260919/amd64/postgresql-14-log-fdw-dbgsym_1.5-1PGSTY~jammy_amd64.ddeb	postgresql-14-log-fdw-dbgsym	1.5-1PGSTY~jammy	amd64	dbgsym	True
apt/jammy/extension-20260919/amd64/postgresql-14-log-fdw_1.5-1PGSTY~jammy_amd64.deb	postgresql-14-log-fdw	1.5-1PGSTY~jammy	amd64	main	True
apt/jammy/extension-20260919/amd64/postgresql-14-nominatim-fdw-dbgsym_2.2.0-1PGSTY~jammy_amd64.ddeb	postgresql-14-nominatim-fdw-dbgsym	2.2.0-1PGSTY~jammy	amd64	dbgsym	True
apt/jammy/extension-20260919/amd64/postgresql-14-nominatim-fdw_2.2.0-1PGSTY~jammy_amd64.deb	postgresql-14-nominatim-fdw	2.2.0-1PGSTY~jammy	amd64	main	True
apt/jammy/extension-20260919/amd64/postgresql-14-pg-curl-dbgsym_2.4.6-1PGSTY~jammy_amd64.ddeb	postgresql-14-pg-curl-dbgsym	2.4.6-1PGSTY~jammy	amd64	dbgsym	True
apt/jammy/extension-20260919/amd64/postgresql-14-pg-curl_2.4.6-1PGSTY~jammy_amd64.deb	postgresql-14-pg-curl	2.4.6-1PGSTY~jammy	amd64	main	True
apt/jammy/extension-20260919/amd64/postgresql-14-pg-durable-dbgsym_0.2.8-1PGSTY~jammy_amd64.ddeb	postgresql-14-pg-durable-dbgsym	0.2.8-1PGSTY~jammy	amd64	dbgsym	True
apt/jammy/extension-20260919/amd64/postgresql-14-pg-durable_0.2.8-1PGSTY~jammy_amd64.deb	postgresql-14-pg-durable	0.2.8-1PGSTY~jammy	amd64	main	True
apt/jammy/extension-20260919/amd64/postgresql-14-pg-grammar-guard_0.4.1-1PGSTY~jammy_all.deb	postgresql-14-pg-grammar-guard	0.4.1-1PGSTY~jammy	all	main	True
apt/jammy/extension-20260919/amd64/postgresql-14-pg-living-assertions_0.4.2-1PGSTY~jammy_all.deb	postgresql-14-pg-living-assertions	0.4.2-1PGSTY~jammy	all	main	True
apt/jammy/extension-20260919/amd64/postgresql-14-pg-local-cache-dbgsym_2.0.4-1PGSTY~jammy_amd64.ddeb	postgresql-14-pg-local-cache-dbgsym	2.0.4-1PGSTY~jammy	amd64	dbgsym	True
apt/jammy/extension-20260919/amd64/postgresql-14-pg-local-cache_2.0.4-1PGSTY~jammy_amd64.deb	postgresql-14-pg-local-cache	2.0.4-1PGSTY~jammy	amd64	main	True
apt/jammy/extension-20260919/amd64/postgresql-14-pg-profile_4.16-1PGSTY~jammy_all.deb	postgresql-14-pg-profile	4.16-1PGSTY~jammy	all	main	True
apt/jammy/extension-20260919/amd64/postgresql-14-pg-stat-monitor-dbgsym_2.4.0-1PGSTY~jammy_amd64.ddeb	postgresql-14-pg-stat-monitor-dbgsym	2.4.0-1PGSTY~jammy	amd64	dbgsym	True
apt/jammy/extension-20260919/amd64/postgresql-14-pg-stat-monitor_2.4.0-1PGSTY~jammy_amd64.deb	postgresql-14-pg-stat-monitor	2.4.0-1PGSTY~jammy	amd64	main	True
apt/jammy/extension-20260919/amd64/postgresql-14-pg-task-dbgsym_3.0.0-1PGSTY~jammy_amd64.ddeb	postgresql-14-pg-task-dbgsym	3.0.0-1PGSTY~jammy	amd64	dbgsym	True
apt/jammy/extension-20260919/amd64/postgresql-14-pg-task_3.0.0-1PGSTY~jammy_amd64.deb	postgresql-14-pg-task	3.0.0-1PGSTY~jammy	amd64	main	True
apt/jammy/extension-20260919/amd64/postgresql-14-pg-vectorize-dbgsym_0.27.1-1PGSTY~jammy_amd64.ddeb	postgresql-14-pg-vectorize-dbgsym	0.27.1-1PGSTY~jammy	amd64	dbgsym	True
apt/jammy/extension-20260919/amd64/postgresql-14-pg-vectorize_0.27.1-1PGSTY~jammy_amd64.deb	postgresql-14-pg-vectorize	0.27.1-1PGSTY~jammy	amd64	main	True
apt/jammy/extension-20260919/amd64/postgresql-14-pgmq_1.13.0-1PGSTY~jammy_all.deb	postgresql-14-pgmq	1.13.0-1PGSTY~jammy	all	main	True
apt/jammy/extension-20260919/amd64/postgresql-14-pgrdf-dbgsym_0.6.36-1PGSTY~jammy_amd64.ddeb	postgresql-14-pgrdf-dbgsym	0.6.36-1PGSTY~jammy	amd64	dbgsym	True
apt/jammy/extension-20260919/amd64/postgresql-14-pgrdf_0.6.36-1PGSTY~jammy_amd64.deb	postgresql-14-pgrdf	0.6.36-1PGSTY~jammy	amd64	main	True
apt/jammy/extension-20260919/amd64/postgresql-14-plpgsql-check-dbgsym_2.10.10-1PGSTY~jammy_amd64.ddeb	postgresql-14-plpgsql-check-dbgsym	2.10.10-1PGSTY~jammy	amd64	dbgsym	True
apt/jammy/extension-20260919/amd64/postgresql-14-plpgsql-check_2.10.10-1PGSTY~jammy_amd64.deb	postgresql-14-plpgsql-check	2.10.10-1PGSTY~jammy	amd64	main	True
apt/jammy/extension-20260919/amd64/postgresql-14-plprql-dbgsym_18.0.2-1PGSTY~jammy_amd64.ddeb	postgresql-14-plprql-dbgsym	18.0.2-1PGSTY~jammy	amd64	dbgsym	True
apt/jammy/extension-20260919/amd64/postgresql-14-plprql_18.0.2-1PGSTY~jammy_amd64.deb	postgresql-14-plprql	18.0.2-1PGSTY~jammy	amd64	main	True
apt/jammy/extension-20260919/amd64/postgresql-14-ulak-dbgsym_0.2.0-1PGSTY~jammy_amd64.ddeb	postgresql-14-ulak-dbgsym	0.2.0-1PGSTY~jammy	amd64	dbgsym	True
apt/jammy/extension-20260919/amd64/postgresql-14-ulak_0.2.0-1PGSTY~jammy_amd64.deb	postgresql-14-ulak	0.2.0-1PGSTY~jammy	amd64	main	True
apt/jammy/extension-20260919/amd64/postgresql-14-wrappers-dbgsym_0.6.3-1PGSTY~jammy_amd64.ddeb	postgresql-14-wrappers-dbgsym	0.6.3-1PGSTY~jammy	amd64	dbgsym	True
apt/jammy/extension-20260919/amd64/postgresql-14-wrappers_0.6.3-1PGSTY~jammy_amd64.deb	postgresql-14-wrappers	0.6.3-1PGSTY~jammy	amd64	main	True
apt/jammy/extension-20260919/amd64/postgresql-15-ddlx_0.31-1PGSTY~jammy_all.deb	postgresql-15-ddlx	0.31-1PGSTY~jammy	all	main	True
apt/jammy/extension-20260919/amd64/postgresql-15-documentdb-dbgsym_0.117-1PGSTY~jammy_amd64.ddeb	postgresql-15-documentdb-dbgsym	0.117-1PGSTY~jammy	amd64	dbgsym	True
apt/jammy/extension-20260919/amd64/postgresql-15-documentdb_0.117-1PGSTY~jammy_amd64.deb	postgresql-15-documentdb	0.117-1PGSTY~jammy	amd64	main	True
apt/jammy/extension-20260919/amd64/postgresql-15-jev_0.2.0-1PGSTY~jammy_all.deb	postgresql-15-jev	0.2.0-1PGSTY~jammy	all	main	True
apt/jammy/extension-20260919/amd64/postgresql-15-log-fdw-dbgsym_1.5-1PGSTY~jammy_amd64.ddeb	postgresql-15-log-fdw-dbgsym	1.5-1PGSTY~jammy	amd64	dbgsym	True
apt/jammy/extension-20260919/amd64/postgresql-15-log-fdw_1.5-1PGSTY~jammy_amd64.deb	postgresql-15-log-fdw	1.5-1PGSTY~jammy	amd64	main	True
apt/jammy/extension-20260919/amd64/postgresql-15-nominatim-fdw-dbgsym_2.2.0-1PGSTY~jammy_amd64.ddeb	postgresql-15-nominatim-fdw-dbgsym	2.2.0-1PGSTY~jammy	amd64	dbgsym	True
apt/jammy/extension-20260919/amd64/postgresql-15-nominatim-fdw_2.2.0-1PGSTY~jammy_amd64.deb	postgresql-15-nominatim-fdw	2.2.0-1PGSTY~jammy	amd64	main	True
apt/jammy/extension-20260919/amd64/postgresql-15-pg-curl-dbgsym_2.4.6-1PGSTY~jammy_amd64.ddeb	postgresql-15-pg-curl-dbgsym	2.4.6-1PGSTY~jammy	amd64	dbgsym	True
apt/jammy/extension-20260919/amd64/postgresql-15-pg-curl_2.4.6-1PGSTY~jammy_amd64.deb	postgresql-15-pg-curl	2.4.6-1PGSTY~jammy	amd64	main	True
apt/jammy/extension-20260919/amd64/postgresql-15-pg-durable-dbgsym_0.2.8-1PGSTY~jammy_amd64.ddeb	postgresql-15-pg-durable-dbgsym	0.2.8-1PGSTY~jammy	amd64	dbgsym	True
apt/jammy/extension-20260919/amd64/postgresql-15-pg-durable_0.2.8-1PGSTY~jammy_amd64.deb	postgresql-15-pg-durable	0.2.8-1PGSTY~jammy	amd64	main	True
apt/jammy/extension-20260919/amd64/postgresql-15-pg-grammar-guard_0.4.1-1PGSTY~jammy_all.deb	postgresql-15-pg-grammar-guard	0.4.1-1PGSTY~jammy	all	main	True
apt/jammy/extension-20260919/amd64/postgresql-15-pg-living-assertions_0.4.2-1PGSTY~jammy_all.deb	postgresql-15-pg-living-assertions	0.4.2-1PGSTY~jammy	all	main	True
apt/jammy/extension-20260919/amd64/postgresql-15-pg-local-cache-dbgsym_2.0.4-1PGSTY~jammy_amd64.ddeb	postgresql-15-pg-local-cache-dbgsym	2.0.4-1PGSTY~jammy	amd64	dbgsym	True
apt/jammy/extension-20260919/amd64/postgresql-15-pg-local-cache_2.0.4-1PGSTY~jammy_amd64.deb	postgresql-15-pg-local-cache	2.0.4-1PGSTY~jammy	amd64	main	True
apt/jammy/extension-20260919/amd64/postgresql-15-pg-profile_4.16-1PGSTY~jammy_all.deb	postgresql-15-pg-profile	4.16-1PGSTY~jammy	all	main	True
apt/jammy/extension-20260919/amd64/postgresql-15-pg-search-dbgsym_0.25.9-1PGSTY~jammy_amd64.ddeb	postgresql-15-pg-search-dbgsym	0.25.9-1PGSTY~jammy	amd64	dbgsym	True
apt/jammy/extension-20260919/amd64/postgresql-15-pg-search_0.25.9-1PGSTY~jammy_amd64.deb	postgresql-15-pg-search	0.25.9-1PGSTY~jammy	amd64	main	True
apt/jammy/extension-20260919/amd64/postgresql-15-pg-stat-monitor-dbgsym_2.4.0-1PGSTY~jammy_amd64.ddeb	postgresql-15-pg-stat-monitor-dbgsym	2.4.0-1PGSTY~jammy	amd64	dbgsym	True
apt/jammy/extension-20260919/amd64/postgresql-15-pg-stat-monitor_2.4.0-1PGSTY~jammy_amd64.deb	postgresql-15-pg-stat-monitor	2.4.0-1PGSTY~jammy	amd64	main	True
apt/jammy/extension-20260919/amd64/postgresql-15-pg-task-dbgsym_3.0.0-1PGSTY~jammy_amd64.ddeb	postgresql-15-pg-task-dbgsym	3.0.0-1PGSTY~jammy	amd64	dbgsym	True
apt/jammy/extension-20260919/amd64/postgresql-15-pg-task_3.0.0-1PGSTY~jammy_amd64.deb	postgresql-15-pg-task	3.0.0-1PGSTY~jammy	amd64	main	True
apt/jammy/extension-20260919/amd64/postgresql-15-pg-vectorize-dbgsym_0.27.1-1PGSTY~jammy_amd64.ddeb	postgresql-15-pg-vectorize-dbgsym	0.27.1-1PGSTY~jammy	amd64	dbgsym	True
apt/jammy/extension-20260919/amd64/postgresql-15-pg-vectorize_0.27.1-1PGSTY~jammy_amd64.deb	postgresql-15-pg-vectorize	0.27.1-1PGSTY~jammy	amd64	main	True
apt/jammy/extension-20260919/amd64/postgresql-15-pgmq_1.13.0-1PGSTY~jammy_all.deb	postgresql-15-pgmq	1.13.0-1PGSTY~jammy	all	main	True
apt/jammy/extension-20260919/amd64/postgresql-15-pgrdf-dbgsym_0.6.36-1PGSTY~jammy_amd64.ddeb	postgresql-15-pgrdf-dbgsym	0.6.36-1PGSTY~jammy	amd64	dbgsym	True
apt/jammy/extension-20260919/amd64/postgresql-15-pgrdf_0.6.36-1PGSTY~jammy_amd64.deb	postgresql-15-pgrdf	0.6.36-1PGSTY~jammy	amd64	main	True
apt/jammy/extension-20260919/amd64/postgresql-15-plpgsql-check-dbgsym_2.10.10-1PGSTY~jammy_amd64.ddeb	postgresql-15-plpgsql-check-dbgsym	2.10.10-1PGSTY~jammy	amd64	dbgsym	True
apt/jammy/extension-20260919/amd64/postgresql-15-plpgsql-check_2.10.10-1PGSTY~jammy_amd64.deb	postgresql-15-plpgsql-check	2.10.10-1PGSTY~jammy	amd64	main	True
apt/jammy/extension-20260919/amd64/postgresql-15-plprql-dbgsym_18.0.2-1PGSTY~jammy_amd64.ddeb	postgresql-15-plprql-dbgsym	18.0.2-1PGSTY~jammy	amd64	dbgsym	True
apt/jammy/extension-20260919/amd64/postgresql-15-plprql_18.0.2-1PGSTY~jammy_amd64.deb	postgresql-15-plprql	18.0.2-1PGSTY~jammy	amd64	main	True
apt/jammy/extension-20260919/amd64/postgresql-15-ulak-dbgsym_0.2.0-1PGSTY~jammy_amd64.ddeb	postgresql-15-ulak-dbgsym	0.2.0-1PGSTY~jammy	amd64	dbgsym	True
apt/jammy/extension-20260919/amd64/postgresql-15-ulak_0.2.0-1PGSTY~jammy_amd64.deb	postgresql-15-ulak	0.2.0-1PGSTY~jammy	amd64	main	True
apt/jammy/extension-20260919/amd64/postgresql-15-wrappers-dbgsym_0.6.3-1PGSTY~jammy_amd64.ddeb	postgresql-15-wrappers-dbgsym	0.6.3-1PGSTY~jammy	amd64	dbgsym	True
apt/jammy/extension-20260919/amd64/postgresql-15-wrappers_0.6.3-1PGSTY~jammy_amd64.deb	postgresql-15-wrappers	0.6.3-1PGSTY~jammy	amd64	main	True
apt/jammy/extension-20260919/amd64/postgresql-16-biscuit-dbgsym_3.1.0-1PGSTY~jammy_amd64.ddeb	postgresql-16-biscuit-dbgsym	3.1.0-1PGSTY~jammy	amd64	dbgsym	True
apt/jammy/extension-20260919/amd64/postgresql-16-biscuit_3.1.0-1PGSTY~jammy_amd64.deb	postgresql-16-biscuit	3.1.0-1PGSTY~jammy	amd64	main	True
apt/jammy/extension-20260919/amd64/postgresql-16-ddlx_0.31-1PGSTY~jammy_all.deb	postgresql-16-ddlx	0.31-1PGSTY~jammy	all	main	True
apt/jammy/extension-20260919/amd64/postgresql-16-documentdb-dbgsym_0.117-1PGSTY~jammy_amd64.ddeb	postgresql-16-documentdb-dbgsym	0.117-1PGSTY~jammy	amd64	dbgsym	True
apt/jammy/extension-20260919/amd64/postgresql-16-documentdb_0.117-1PGSTY~jammy_amd64.deb	postgresql-16-documentdb	0.117-1PGSTY~jammy	amd64	main	True
apt/jammy/extension-20260919/amd64/postgresql-16-jev_0.2.0-1PGSTY~jammy_all.deb	postgresql-16-jev	0.2.0-1PGSTY~jammy	all	main	True
apt/jammy/extension-20260919/amd64/postgresql-16-kafgres-dbgsym_0.1.0-1PGSTY~jammy_amd64.ddeb	postgresql-16-kafgres-dbgsym	0.1.0-1PGSTY~jammy	amd64	dbgsym	True
apt/jammy/extension-20260919/amd64/postgresql-16-kafgres_0.1.0-1PGSTY~jammy_amd64.deb	postgresql-16-kafgres	0.1.0-1PGSTY~jammy	amd64	main	True
apt/jammy/extension-20260919/amd64/postgresql-16-log-fdw-dbgsym_1.5-1PGSTY~jammy_amd64.ddeb	postgresql-16-log-fdw-dbgsym	1.5-1PGSTY~jammy	amd64	dbgsym	True
apt/jammy/extension-20260919/amd64/postgresql-16-log-fdw_1.5-1PGSTY~jammy_amd64.deb	postgresql-16-log-fdw	1.5-1PGSTY~jammy	amd64	main	True
apt/jammy/extension-20260919/amd64/postgresql-16-macavity-dbgsym_0.1.0-1PGSTY~jammy_amd64.ddeb	postgresql-16-macavity-dbgsym	0.1.0-1PGSTY~jammy	amd64	dbgsym	True
apt/jammy/extension-20260919/amd64/postgresql-16-macavity_0.1.0-1PGSTY~jammy_amd64.deb	postgresql-16-macavity	0.1.0-1PGSTY~jammy	amd64	main	True
apt/jammy/extension-20260919/amd64/postgresql-16-nominatim-fdw-dbgsym_2.2.0-1PGSTY~jammy_amd64.ddeb	postgresql-16-nominatim-fdw-dbgsym	2.2.0-1PGSTY~jammy	amd64	dbgsym	True
apt/jammy/extension-20260919/amd64/postgresql-16-nominatim-fdw_2.2.0-1PGSTY~jammy_amd64.deb	postgresql-16-nominatim-fdw	2.2.0-1PGSTY~jammy	amd64	main	True
apt/jammy/extension-20260919/amd64/postgresql-16-pg-circuit-dbgsym_0.1.0-1PGSTY~jammy_amd64.ddeb	postgresql-16-pg-circuit-dbgsym	0.1.0-1PGSTY~jammy	amd64	dbgsym	True
apt/jammy/extension-20260919/amd64/postgresql-16-pg-circuit_0.1.0-1PGSTY~jammy_amd64.deb	postgresql-16-pg-circuit	0.1.0-1PGSTY~jammy	amd64	main	True
apt/jammy/extension-20260919/amd64/postgresql-16-pg-curl-dbgsym_2.4.6-1PGSTY~jammy_amd64.ddeb	postgresql-16-pg-curl-dbgsym	2.4.6-1PGSTY~jammy	amd64	dbgsym	True
apt/jammy/extension-20260919/amd64/postgresql-16-pg-curl_2.4.6-1PGSTY~jammy_amd64.deb	postgresql-16-pg-curl	2.4.6-1PGSTY~jammy	amd64	main	True
apt/jammy/extension-20260919/amd64/postgresql-16-pg-durable-dbgsym_0.2.8-1PGSTY~jammy_amd64.ddeb	postgresql-16-pg-durable-dbgsym	0.2.8-1PGSTY~jammy	amd64	dbgsym	True
apt/jammy/extension-20260919/amd64/postgresql-16-pg-durable_0.2.8-1PGSTY~jammy_amd64.deb	postgresql-16-pg-durable	0.2.8-1PGSTY~jammy	amd64	main	True
apt/jammy/extension-20260919/amd64/postgresql-16-pg-grammar-guard_0.4.1-1PGSTY~jammy_all.deb	postgresql-16-pg-grammar-guard	0.4.1-1PGSTY~jammy	all	main	True
apt/jammy/extension-20260919/amd64/postgresql-16-pg-lake-dbgsym_3.5.1-1PGSTY~jammy_amd64.ddeb	postgresql-16-pg-lake-dbgsym	3.5.1-1PGSTY~jammy	amd64	dbgsym	True
apt/jammy/extension-20260919/amd64/postgresql-16-pg-lake_3.5.1-1PGSTY~jammy_amd64.deb	postgresql-16-pg-lake	3.5.1-1PGSTY~jammy	amd64	main	True
apt/jammy/extension-20260919/amd64/postgresql-16-pg-living-assertions_0.4.2-1PGSTY~jammy_all.deb	postgresql-16-pg-living-assertions	0.4.2-1PGSTY~jammy	all	main	True
apt/jammy/extension-20260919/amd64/postgresql-16-pg-local-cache-dbgsym_2.0.4-1PGSTY~jammy_amd64.ddeb	postgresql-16-pg-local-cache-dbgsym	2.0.4-1PGSTY~jammy	amd64	dbgsym	True
apt/jammy/extension-20260919/amd64/postgresql-16-pg-local-cache_2.0.4-1PGSTY~jammy_amd64.deb	postgresql-16-pg-local-cache	2.0.4-1PGSTY~jammy	amd64	main	True
apt/jammy/extension-20260919/amd64/postgresql-16-pg-profile_4.16-1PGSTY~jammy_all.deb	postgresql-16-pg-profile	4.16-1PGSTY~jammy	all	main	True
apt/jammy/extension-20260919/amd64/postgresql-16-pg-search-dbgsym_0.25.9-1PGSTY~jammy_amd64.ddeb	postgresql-16-pg-search-dbgsym	0.25.9-1PGSTY~jammy	amd64	dbgsym	True
apt/jammy/extension-20260919/amd64/postgresql-16-pg-search_0.25.9-1PGSTY~jammy_amd64.deb	postgresql-16-pg-search	0.25.9-1PGSTY~jammy	amd64	main	True
apt/jammy/extension-20260919/amd64/postgresql-16-pg-stat-monitor-dbgsym_2.4.0-1PGSTY~jammy_amd64.ddeb	postgresql-16-pg-stat-monitor-dbgsym	2.4.0-1PGSTY~jammy	amd64	dbgsym	True
apt/jammy/extension-20260919/amd64/postgresql-16-pg-stat-monitor_2.4.0-1PGSTY~jammy_amd64.deb	postgresql-16-pg-stat-monitor	2.4.0-1PGSTY~jammy	amd64	main	True
apt/jammy/extension-20260919/amd64/postgresql-16-pg-task-dbgsym_3.0.0-1PGSTY~jammy_amd64.ddeb	postgresql-16-pg-task-dbgsym	3.0.0-1PGSTY~jammy	amd64	dbgsym	True
apt/jammy/extension-20260919/amd64/postgresql-16-pg-task_3.0.0-1PGSTY~jammy_amd64.deb	postgresql-16-pg-task	3.0.0-1PGSTY~jammy	amd64	main	True
apt/jammy/extension-20260919/amd64/postgresql-16-pg-vectorize-dbgsym_0.27.1-1PGSTY~jammy_amd64.ddeb	postgresql-16-pg-vectorize-dbgsym	0.27.1-1PGSTY~jammy	amd64	dbgsym	True
apt/jammy/extension-20260919/amd64/postgresql-16-pg-vectorize_0.27.1-1PGSTY~jammy_amd64.deb	postgresql-16-pg-vectorize	0.27.1-1PGSTY~jammy	amd64	main	True
apt/jammy/extension-20260919/amd64/postgresql-16-pgmq_1.13.0-1PGSTY~jammy_all.deb	postgresql-16-pgmq	1.13.0-1PGSTY~jammy	all	main	True
apt/jammy/extension-20260919/amd64/postgresql-16-pgrdf-dbgsym_0.6.36-1PGSTY~jammy_amd64.ddeb	postgresql-16-pgrdf-dbgsym	0.6.36-1PGSTY~jammy	amd64	dbgsym	True
apt/jammy/extension-20260919/amd64/postgresql-16-pgrdf_0.6.36-1PGSTY~jammy_amd64.deb	postgresql-16-pgrdf	0.6.36-1PGSTY~jammy	amd64	main	True
apt/jammy/extension-20260919/amd64/postgresql-16-plpgsql-check-dbgsym_2.10.10-1PGSTY~jammy_amd64.ddeb	postgresql-16-plpgsql-check-dbgsym	2.10.10-1PGSTY~jammy	amd64	dbgsym	True
apt/jammy/extension-20260919/amd64/postgresql-16-plpgsql-check_2.10.10-1PGSTY~jammy_amd64.deb	postgresql-16-plpgsql-check	2.10.10-1PGSTY~jammy	amd64	main	True
apt/jammy/extension-20260919/amd64/postgresql-16-plprql-dbgsym_18.0.2-1PGSTY~jammy_amd64.ddeb	postgresql-16-plprql-dbgsym	18.0.2-1PGSTY~jammy	amd64	dbgsym	True
apt/jammy/extension-20260919/amd64/postgresql-16-plprql_18.0.2-1PGSTY~jammy_amd64.deb	postgresql-16-plprql	18.0.2-1PGSTY~jammy	amd64	main	True
apt/jammy/extension-20260919/amd64/postgresql-16-timescaledb-tsl-dbgsym_2.30.1-1PGSTY~jammy_amd64.ddeb	postgresql-16-timescaledb-tsl-dbgsym	2.30.1-1PGSTY~jammy	amd64	dbgsym	True
apt/jammy/extension-20260919/amd64/postgresql-16-timescaledb-tsl_2.30.1-1PGSTY~jammy_amd64.deb	postgresql-16-timescaledb-tsl	2.30.1-1PGSTY~jammy	amd64	main	True
apt/jammy/extension-20260919/amd64/postgresql-16-ulak-dbgsym_0.2.0-1PGSTY~jammy_amd64.ddeb	postgresql-16-ulak-dbgsym	0.2.0-1PGSTY~jammy	amd64	dbgsym	True
apt/jammy/extension-20260919/amd64/postgresql-16-ulak_0.2.0-1PGSTY~jammy_amd64.deb	postgresql-16-ulak	0.2.0-1PGSTY~jammy	amd64	main	True
apt/jammy/extension-20260919/amd64/postgresql-16-wrappers-dbgsym_0.6.3-1PGSTY~jammy_amd64.ddeb	postgresql-16-wrappers-dbgsym	0.6.3-1PGSTY~jammy	amd64	dbgsym	True
apt/jammy/extension-20260919/amd64/postgresql-16-wrappers_0.6.3-1PGSTY~jammy_amd64.deb	postgresql-16-wrappers	0.6.3-1PGSTY~jammy	amd64	main	True
apt/jammy/extension-20260919/amd64/postgresql-17-biscuit-dbgsym_3.1.0-1PGSTY~jammy_amd64.ddeb	postgresql-17-biscuit-dbgsym	3.1.0-1PGSTY~jammy	amd64	dbgsym	True
apt/jammy/extension-20260919/amd64/postgresql-17-biscuit_3.1.0-1PGSTY~jammy_amd64.deb	postgresql-17-biscuit	3.1.0-1PGSTY~jammy	amd64	main	True
apt/jammy/extension-20260919/amd64/postgresql-17-ddlx_0.31-1PGSTY~jammy_all.deb	postgresql-17-ddlx	0.31-1PGSTY~jammy	all	main	True
apt/jammy/extension-20260919/amd64/postgresql-17-documentdb-dbgsym_0.117-1PGSTY~jammy_amd64.ddeb	postgresql-17-documentdb-dbgsym	0.117-1PGSTY~jammy	amd64	dbgsym	True
apt/jammy/extension-20260919/amd64/postgresql-17-documentdb_0.117-1PGSTY~jammy_amd64.deb	postgresql-17-documentdb	0.117-1PGSTY~jammy	amd64	main	True
apt/jammy/extension-20260919/amd64/postgresql-17-jev_0.2.0-1PGSTY~jammy_all.deb	postgresql-17-jev	0.2.0-1PGSTY~jammy	all	main	True
apt/jammy/extension-20260919/amd64/postgresql-17-log-fdw-dbgsym_1.5-1PGSTY~jammy_amd64.ddeb	postgresql-17-log-fdw-dbgsym	1.5-1PGSTY~jammy	amd64	dbgsym	True
apt/jammy/extension-20260919/amd64/postgresql-17-log-fdw_1.5-1PGSTY~jammy_amd64.deb	postgresql-17-log-fdw	1.5-1PGSTY~jammy	amd64	main	True
apt/jammy/extension-20260919/amd64/postgresql-17-macavity-dbgsym_0.1.0-1PGSTY~jammy_amd64.ddeb	postgresql-17-macavity-dbgsym	0.1.0-1PGSTY~jammy	amd64	dbgsym	True
apt/jammy/extension-20260919/amd64/postgresql-17-macavity_0.1.0-1PGSTY~jammy_amd64.deb	postgresql-17-macavity	0.1.0-1PGSTY~jammy	amd64	main	True
apt/jammy/extension-20260919/amd64/postgresql-17-nominatim-fdw-dbgsym_2.2.0-1PGSTY~jammy_amd64.ddeb	postgresql-17-nominatim-fdw-dbgsym	2.2.0-1PGSTY~jammy	amd64	dbgsym	True
apt/jammy/extension-20260919/amd64/postgresql-17-nominatim-fdw_2.2.0-1PGSTY~jammy_amd64.deb	postgresql-17-nominatim-fdw	2.2.0-1PGSTY~jammy	amd64	main	True
apt/jammy/extension-20260919/amd64/postgresql-17-pg-circuit-dbgsym_0.1.0-1PGSTY~jammy_amd64.ddeb	postgresql-17-pg-circuit-dbgsym	0.1.0-1PGSTY~jammy	amd64	dbgsym	True
apt/jammy/extension-20260919/amd64/postgresql-17-pg-circuit_0.1.0-1PGSTY~jammy_amd64.deb	postgresql-17-pg-circuit	0.1.0-1PGSTY~jammy	amd64	main	True
apt/jammy/extension-20260919/amd64/postgresql-17-pg-curl-dbgsym_2.4.6-1PGSTY~jammy_amd64.ddeb	postgresql-17-pg-curl-dbgsym	2.4.6-1PGSTY~jammy	amd64	dbgsym	True
apt/jammy/extension-20260919/amd64/postgresql-17-pg-curl_2.4.6-1PGSTY~jammy_amd64.deb	postgresql-17-pg-curl	2.4.6-1PGSTY~jammy	amd64	main	True
apt/jammy/extension-20260919/amd64/postgresql-17-pg-durable-dbgsym_0.2.8-1PGSTY~jammy_amd64.ddeb	postgresql-17-pg-durable-dbgsym	0.2.8-1PGSTY~jammy	amd64	dbgsym	True
apt/jammy/extension-20260919/amd64/postgresql-17-pg-durable_0.2.8-1PGSTY~jammy_amd64.deb	postgresql-17-pg-durable	0.2.8-1PGSTY~jammy	amd64	main	True
apt/jammy/extension-20260919/amd64/postgresql-17-pg-fts-dbgsym_1.8.3-1PGSTY~jammy_amd64.ddeb	postgresql-17-pg-fts-dbgsym	1.8.3-1PGSTY~jammy	amd64	dbgsym	True
apt/jammy/extension-20260919/amd64/postgresql-17-pg-fts_1.8.3-1PGSTY~jammy_amd64.deb	postgresql-17-pg-fts	1.8.3-1PGSTY~jammy	amd64	main	True
apt/jammy/extension-20260919/amd64/postgresql-17-pg-grammar-guard_0.4.1-1PGSTY~jammy_all.deb	postgresql-17-pg-grammar-guard	0.4.1-1PGSTY~jammy	all	main	True
apt/jammy/extension-20260919/amd64/postgresql-17-pg-lake-dbgsym_3.5.1-1PGSTY~jammy_amd64.ddeb	postgresql-17-pg-lake-dbgsym	3.5.1-1PGSTY~jammy	amd64	dbgsym	True
apt/jammy/extension-20260919/amd64/postgresql-17-pg-lake_3.5.1-1PGSTY~jammy_amd64.deb	postgresql-17-pg-lake	3.5.1-1PGSTY~jammy	amd64	main	True
apt/jammy/extension-20260919/amd64/postgresql-17-pg-living-assertions_0.4.2-1PGSTY~jammy_all.deb	postgresql-17-pg-living-assertions	0.4.2-1PGSTY~jammy	all	main	True
apt/jammy/extension-20260919/amd64/postgresql-17-pg-local-cache-dbgsym_2.0.4-1PGSTY~jammy_amd64.ddeb	postgresql-17-pg-local-cache-dbgsym	2.0.4-1PGSTY~jammy	amd64	dbgsym	True
apt/jammy/extension-20260919/amd64/postgresql-17-pg-local-cache_2.0.4-1PGSTY~jammy_amd64.deb	postgresql-17-pg-local-cache	2.0.4-1PGSTY~jammy	amd64	main	True
apt/jammy/extension-20260919/amd64/postgresql-17-pg-profile_4.16-1PGSTY~jammy_all.deb	postgresql-17-pg-profile	4.16-1PGSTY~jammy	all	main	True
apt/jammy/extension-20260919/amd64/postgresql-17-pg-search-dbgsym_0.25.9-1PGSTY~jammy_amd64.ddeb	postgresql-17-pg-search-dbgsym	0.25.9-1PGSTY~jammy	amd64	dbgsym	True
apt/jammy/extension-20260919/amd64/postgresql-17-pg-search_0.25.9-1PGSTY~jammy_amd64.deb	postgresql-17-pg-search	0.25.9-1PGSTY~jammy	amd64	main	True
apt/jammy/extension-20260919/amd64/postgresql-17-pg-stat-monitor-dbgsym_2.4.0-1PGSTY~jammy_amd64.ddeb	postgresql-17-pg-stat-monitor-dbgsym	2.4.0-1PGSTY~jammy	amd64	dbgsym	True
apt/jammy/extension-20260919/amd64/postgresql-17-pg-stat-monitor_2.4.0-1PGSTY~jammy_amd64.deb	postgresql-17-pg-stat-monitor	2.4.0-1PGSTY~jammy	amd64	main	True
apt/jammy/extension-20260919/amd64/postgresql-17-pg-task-dbgsym_3.0.0-1PGSTY~jammy_amd64.ddeb	postgresql-17-pg-task-dbgsym	3.0.0-1PGSTY~jammy	amd64	dbgsym	True
apt/jammy/extension-20260919/amd64/postgresql-17-pg-task_3.0.0-1PGSTY~jammy_amd64.deb	postgresql-17-pg-task	3.0.0-1PGSTY~jammy	amd64	main	True
apt/jammy/extension-20260919/amd64/postgresql-17-pg-vault-tde-dbgsym_1.7.1-1PGSTY~jammy_amd64.ddeb	postgresql-17-pg-vault-tde-dbgsym	1.7.1-1PGSTY~jammy	amd64	dbgsym	True
apt/jammy/extension-20260919/amd64/postgresql-17-pg-vault-tde_1.7.1-1PGSTY~jammy_amd64.deb	postgresql-17-pg-vault-tde	1.7.1-1PGSTY~jammy	amd64	main	True
apt/jammy/extension-20260919/amd64/postgresql-17-pg-vectorize-dbgsym_0.27.1-1PGSTY~jammy_amd64.ddeb	postgresql-17-pg-vectorize-dbgsym	0.27.1-1PGSTY~jammy	amd64	dbgsym	True
apt/jammy/extension-20260919/amd64/postgresql-17-pg-vectorize_0.27.1-1PGSTY~jammy_amd64.deb	postgresql-17-pg-vectorize	0.27.1-1PGSTY~jammy	amd64	main	True
apt/jammy/extension-20260919/amd64/postgresql-17-pgmq_1.13.0-1PGSTY~jammy_all.deb	postgresql-17-pgmq	1.13.0-1PGSTY~jammy	all	main	True
apt/jammy/extension-20260919/amd64/postgresql-17-pgrdf-dbgsym_0.6.36-1PGSTY~jammy_amd64.ddeb	postgresql-17-pgrdf-dbgsym	0.6.36-1PGSTY~jammy	amd64	dbgsym	True
apt/jammy/extension-20260919/amd64/postgresql-17-pgrdf_0.6.36-1PGSTY~jammy_amd64.deb	postgresql-17-pgrdf	0.6.36-1PGSTY~jammy	amd64	main	True
apt/jammy/extension-20260919/amd64/postgresql-17-plpgsql-check-dbgsym_2.10.10-1PGSTY~jammy_amd64.ddeb	postgresql-17-plpgsql-check-dbgsym	2.10.10-1PGSTY~jammy	amd64	dbgsym	True
apt/jammy/extension-20260919/amd64/postgresql-17-plpgsql-check_2.10.10-1PGSTY~jammy_amd64.deb	postgresql-17-plpgsql-check	2.10.10-1PGSTY~jammy	amd64	main	True
apt/jammy/extension-20260919/amd64/postgresql-17-plprql-dbgsym_18.0.2-1PGSTY~jammy_amd64.ddeb	postgresql-17-plprql-dbgsym	18.0.2-1PGSTY~jammy	amd64	dbgsym	True
apt/jammy/extension-20260919/amd64/postgresql-17-plprql_18.0.2-1PGSTY~jammy_amd64.deb	postgresql-17-plprql	18.0.2-1PGSTY~jammy	amd64	main	True
apt/jammy/extension-20260919/amd64/postgresql-17-psql-bm25s-dbgsym_0.4.14-1PGSTY~jammy_amd64.ddeb	postgresql-17-psql-bm25s-dbgsym	0.4.14-1PGSTY~jammy	amd64	dbgsym	True
apt/jammy/extension-20260919/amd64/postgresql-17-psql-bm25s_0.4.14-1PGSTY~jammy_amd64.deb	postgresql-17-psql-bm25s	0.4.14-1PGSTY~jammy	amd64	main	True
apt/jammy/extension-20260919/amd64/postgresql-17-timescaledb-tsl-dbgsym_2.30.1-1PGSTY~jammy_amd64.ddeb	postgresql-17-timescaledb-tsl-dbgsym	2.30.1-1PGSTY~jammy	amd64	dbgsym	True
apt/jammy/extension-20260919/amd64/postgresql-17-timescaledb-tsl_2.30.1-1PGSTY~jammy_amd64.deb	postgresql-17-timescaledb-tsl	2.30.1-1PGSTY~jammy	amd64	main	True
apt/jammy/extension-20260919/amd64/postgresql-17-ulak-dbgsym_0.2.0-1PGSTY~jammy_amd64.ddeb	postgresql-17-ulak-dbgsym	0.2.0-1PGSTY~jammy	amd64	dbgsym	True
apt/jammy/extension-20260919/amd64/postgresql-17-ulak_0.2.0-1PGSTY~jammy_amd64.deb	postgresql-17-ulak	0.2.0-1PGSTY~jammy	amd64	main	True
apt/jammy/extension-20260919/amd64/postgresql-17-wrappers-dbgsym_0.6.3-1PGSTY~jammy_amd64.ddeb	postgresql-17-wrappers-dbgsym	0.6.3-1PGSTY~jammy	amd64	dbgsym	True
apt/jammy/extension-20260919/amd64/postgresql-17-wrappers_0.6.3-1PGSTY~jammy_amd64.deb	postgresql-17-wrappers	0.6.3-1PGSTY~jammy	amd64	main	True
apt/jammy/extension-20260919/amd64/postgresql-18-biscuit-dbgsym_3.1.0-1PGSTY~jammy_amd64.ddeb	postgresql-18-biscuit-dbgsym	3.1.0-1PGSTY~jammy	amd64	dbgsym	True
apt/jammy/extension-20260919/amd64/postgresql-18-biscuit_3.1.0-1PGSTY~jammy_amd64.deb	postgresql-18-biscuit	3.1.0-1PGSTY~jammy	amd64	main	True
apt/jammy/extension-20260919/amd64/postgresql-18-ddlx_0.31-1PGSTY~jammy_all.deb	postgresql-18-ddlx	0.31-1PGSTY~jammy	all	main	True
apt/jammy/extension-20260919/amd64/postgresql-18-documentdb-dbgsym_0.117-1PGSTY~jammy_amd64.ddeb	postgresql-18-documentdb-dbgsym	0.117-1PGSTY~jammy	amd64	dbgsym	True
apt/jammy/extension-20260919/amd64/postgresql-18-documentdb_0.117-1PGSTY~jammy_amd64.deb	postgresql-18-documentdb	0.117-1PGSTY~jammy	amd64	main	True
apt/jammy/extension-20260919/amd64/postgresql-18-log-fdw-dbgsym_1.5-1PGSTY~jammy_amd64.ddeb	postgresql-18-log-fdw-dbgsym	1.5-1PGSTY~jammy	amd64	dbgsym	True
apt/jammy/extension-20260919/amd64/postgresql-18-log-fdw_1.5-1PGSTY~jammy_amd64.deb	postgresql-18-log-fdw	1.5-1PGSTY~jammy	amd64	main	True
apt/jammy/extension-20260919/amd64/postgresql-18-macavity-dbgsym_0.1.0-1PGSTY~jammy_amd64.ddeb	postgresql-18-macavity-dbgsym	0.1.0-1PGSTY~jammy	amd64	dbgsym	True
apt/jammy/extension-20260919/amd64/postgresql-18-macavity_0.1.0-1PGSTY~jammy_amd64.deb	postgresql-18-macavity	0.1.0-1PGSTY~jammy	amd64	main	True
apt/jammy/extension-20260919/amd64/postgresql-18-nominatim-fdw-dbgsym_2.2.0-1PGSTY~jammy_amd64.ddeb	postgresql-18-nominatim-fdw-dbgsym	2.2.0-1PGSTY~jammy	amd64	dbgsym	True
apt/jammy/extension-20260919/amd64/postgresql-18-nominatim-fdw_2.2.0-1PGSTY~jammy_amd64.deb	postgresql-18-nominatim-fdw	2.2.0-1PGSTY~jammy	amd64	main	True
apt/jammy/extension-20260919/amd64/postgresql-18-pg-circuit-dbgsym_0.1.0-1PGSTY~jammy_amd64.ddeb	postgresql-18-pg-circuit-dbgsym	0.1.0-1PGSTY~jammy	amd64	dbgsym	True
apt/jammy/extension-20260919/amd64/postgresql-18-pg-circuit_0.1.0-1PGSTY~jammy_amd64.deb	postgresql-18-pg-circuit	0.1.0-1PGSTY~jammy	amd64	main	True
apt/jammy/extension-20260919/amd64/postgresql-18-pg-curl-dbgsym_2.4.6-1PGSTY~jammy_amd64.ddeb	postgresql-18-pg-curl-dbgsym	2.4.6-1PGSTY~jammy	amd64	dbgsym	True
apt/jammy/extension-20260919/amd64/postgresql-18-pg-curl_2.4.6-1PGSTY~jammy_amd64.deb	postgresql-18-pg-curl	2.4.6-1PGSTY~jammy	amd64	main	True
apt/jammy/extension-20260919/amd64/postgresql-18-pg-durable-dbgsym_0.2.8-1PGSTY~jammy_amd64.ddeb	postgresql-18-pg-durable-dbgsym	0.2.8-1PGSTY~jammy	amd64	dbgsym	True
apt/jammy/extension-20260919/amd64/postgresql-18-pg-durable_0.2.8-1PGSTY~jammy_amd64.deb	postgresql-18-pg-durable	0.2.8-1PGSTY~jammy	amd64	main	True
apt/jammy/extension-20260919/amd64/postgresql-18-pg-fts-dbgsym_1.8.3-1PGSTY~jammy_amd64.ddeb	postgresql-18-pg-fts-dbgsym	1.8.3-1PGSTY~jammy	amd64	dbgsym	True
apt/jammy/extension-20260919/amd64/postgresql-18-pg-fts_1.8.3-1PGSTY~jammy_amd64.deb	postgresql-18-pg-fts	1.8.3-1PGSTY~jammy	amd64	main	True
apt/jammy/extension-20260919/amd64/postgresql-18-pg-grammar-guard_0.4.1-1PGSTY~jammy_all.deb	postgresql-18-pg-grammar-guard	0.4.1-1PGSTY~jammy	all	main	True
apt/jammy/extension-20260919/amd64/postgresql-18-pg-lake-dbgsym_3.5.1-1PGSTY~jammy_amd64.ddeb	postgresql-18-pg-lake-dbgsym	3.5.1-1PGSTY~jammy	amd64	dbgsym	True
apt/jammy/extension-20260919/amd64/postgresql-18-pg-lake_3.5.1-1PGSTY~jammy_amd64.deb	postgresql-18-pg-lake	3.5.1-1PGSTY~jammy	amd64	main	True
apt/jammy/extension-20260919/amd64/postgresql-18-pg-living-assertions_0.4.2-1PGSTY~jammy_all.deb	postgresql-18-pg-living-assertions	0.4.2-1PGSTY~jammy	all	main	True
apt/jammy/extension-20260919/amd64/postgresql-18-pg-local-cache-dbgsym_2.0.4-1PGSTY~jammy_amd64.ddeb	postgresql-18-pg-local-cache-dbgsym	2.0.4-1PGSTY~jammy	amd64	dbgsym	True
apt/jammy/extension-20260919/amd64/postgresql-18-pg-local-cache_2.0.4-1PGSTY~jammy_amd64.deb	postgresql-18-pg-local-cache	2.0.4-1PGSTY~jammy	amd64	main	True
apt/jammy/extension-20260919/amd64/postgresql-18-pg-profile_4.16-1PGSTY~jammy_all.deb	postgresql-18-pg-profile	4.16-1PGSTY~jammy	all	main	True
apt/jammy/extension-20260919/amd64/postgresql-18-pg-search-dbgsym_0.25.9-1PGSTY~jammy_amd64.ddeb	postgresql-18-pg-search-dbgsym	0.25.9-1PGSTY~jammy	amd64	dbgsym	True
apt/jammy/extension-20260919/amd64/postgresql-18-pg-search_0.25.9-1PGSTY~jammy_amd64.deb	postgresql-18-pg-search	0.25.9-1PGSTY~jammy	amd64	main	True
apt/jammy/extension-20260919/amd64/postgresql-18-pg-stat-monitor-dbgsym_2.4.0-1PGSTY~jammy_amd64.ddeb	postgresql-18-pg-stat-monitor-dbgsym	2.4.0-1PGSTY~jammy	amd64	dbgsym	True
apt/jammy/extension-20260919/amd64/postgresql-18-pg-stat-monitor_2.4.0-1PGSTY~jammy_amd64.deb	postgresql-18-pg-stat-monitor	2.4.0-1PGSTY~jammy	amd64	main	True
apt/jammy/extension-20260919/amd64/postgresql-18-pg-task-dbgsym_3.0.0-1PGSTY~jammy_amd64.ddeb	postgresql-18-pg-task-dbgsym	3.0.0-1PGSTY~jammy	amd64	dbgsym	True
apt/jammy/extension-20260919/amd64/postgresql-18-pg-task_3.0.0-1PGSTY~jammy_amd64.deb	postgresql-18-pg-task	3.0.0-1PGSTY~jammy	amd64	main	True
apt/jammy/extension-20260919/amd64/postgresql-18-pg-trickle-dbgsym_0.107.0-1PGSTY~jammy_amd64.ddeb	postgresql-18-pg-trickle-dbgsym	0.107.0-1PGSTY~jammy	amd64	dbgsym	True
apt/jammy/extension-20260919/amd64/postgresql-18-pg-trickle_0.107.0-1PGSTY~jammy_amd64.deb	postgresql-18-pg-trickle	0.107.0-1PGSTY~jammy	amd64	main	True
apt/jammy/extension-20260919/amd64/postgresql-18-pg-vault-tde-dbgsym_1.7.1-1PGSTY~jammy_amd64.ddeb	postgresql-18-pg-vault-tde-dbgsym	1.7.1-1PGSTY~jammy	amd64	dbgsym	True
apt/jammy/extension-20260919/amd64/postgresql-18-pg-vault-tde_1.7.1-1PGSTY~jammy_amd64.deb	postgresql-18-pg-vault-tde	1.7.1-1PGSTY~jammy	amd64	main	True
apt/jammy/extension-20260919/amd64/postgresql-18-pg-vectorize-dbgsym_0.27.1-1PGSTY~jammy_amd64.ddeb	postgresql-18-pg-vectorize-dbgsym	0.27.1-1PGSTY~jammy	amd64	dbgsym	True
apt/jammy/extension-20260919/amd64/postgresql-18-pg-vectorize_0.27.1-1PGSTY~jammy_amd64.deb	postgresql-18-pg-vectorize	0.27.1-1PGSTY~jammy	amd64	main	True
apt/jammy/extension-20260919/amd64/postgresql-18-pgmq_1.13.0-1PGSTY~jammy_all.deb	postgresql-18-pgmq	1.13.0-1PGSTY~jammy	all	main	True
apt/jammy/extension-20260919/amd64/postgresql-18-pgrdf-dbgsym_0.6.36-1PGSTY~jammy_amd64.ddeb	postgresql-18-pgrdf-dbgsym	0.6.36-1PGSTY~jammy	amd64	dbgsym	True
apt/jammy/extension-20260919/amd64/postgresql-18-pgrdf_0.6.36-1PGSTY~jammy_amd64.deb	postgresql-18-pgrdf	0.6.36-1PGSTY~jammy	amd64	main	True
apt/jammy/extension-20260919/amd64/postgresql-18-plpgsql-check-dbgsym_2.10.10-1PGSTY~jammy_amd64.ddeb	postgresql-18-plpgsql-check-dbgsym	2.10.10-1PGSTY~jammy	amd64	dbgsym	True
apt/jammy/extension-20260919/amd64/postgresql-18-plpgsql-check_2.10.10-1PGSTY~jammy_amd64.deb	postgresql-18-plpgsql-check	2.10.10-1PGSTY~jammy	amd64	main	True
apt/jammy/extension-20260919/amd64/postgresql-18-plprql-dbgsym_18.0.2-1PGSTY~jammy_amd64.ddeb	postgresql-18-plprql-dbgsym	18.0.2-1PGSTY~jammy	amd64	dbgsym	True
apt/jammy/extension-20260919/amd64/postgresql-18-plprql_18.0.2-1PGSTY~jammy_amd64.deb	postgresql-18-plprql	18.0.2-1PGSTY~jammy	amd64	main	True
apt/jammy/extension-20260919/amd64/postgresql-18-psql-bm25s-dbgsym_0.4.14-1PGSTY~jammy_amd64.ddeb	postgresql-18-psql-bm25s-dbgsym	0.4.14-1PGSTY~jammy	amd64	dbgsym	True
apt/jammy/extension-20260919/amd64/postgresql-18-psql-bm25s_0.4.14-1PGSTY~jammy_amd64.deb	postgresql-18-psql-bm25s	0.4.14-1PGSTY~jammy	amd64	main	True
apt/jammy/extension-20260919/amd64/postgresql-18-timescaledb-tsl-dbgsym_2.30.1-1PGSTY~jammy_amd64.ddeb	postgresql-18-timescaledb-tsl-dbgsym	2.30.1-1PGSTY~jammy	amd64	dbgsym	True
apt/jammy/extension-20260919/amd64/postgresql-18-timescaledb-tsl_2.30.1-1PGSTY~jammy_amd64.deb	postgresql-18-timescaledb-tsl	2.30.1-1PGSTY~jammy	amd64	main	True
apt/jammy/extension-20260919/amd64/postgresql-18-ulak-dbgsym_0.2.0-1PGSTY~jammy_amd64.ddeb	postgresql-18-ulak-dbgsym	0.2.0-1PGSTY~jammy	amd64	dbgsym	True
apt/jammy/extension-20260919/amd64/postgresql-18-ulak_0.2.0-1PGSTY~jammy_amd64.deb	postgresql-18-ulak	0.2.0-1PGSTY~jammy	amd64	main	True
apt/jammy/extension-20260919/amd64/postgresql-18-wrappers-dbgsym_0.6.3-1PGSTY~jammy_amd64.ddeb	postgresql-18-wrappers-dbgsym	0.6.3-1PGSTY~jammy	amd64	dbgsym	True
apt/jammy/extension-20260919/amd64/postgresql-18-wrappers_0.6.3-1PGSTY~jammy_amd64.deb	postgresql-18-wrappers	0.6.3-1PGSTY~jammy	amd64	main	True
apt/jammy/extension-20260919/arm64/ivorysql-18-dbgsym_5.6-1PGSTY~jammy_arm64.ddeb	ivorysql-18-dbgsym	5.6-1PGSTY~jammy	arm64	dbgsym	True
apt/jammy/extension-20260919/arm64/ivorysql-18_5.6-1PGSTY~jammy_arm64.deb	ivorysql-18	5.6-1PGSTY~jammy	arm64	main	True
apt/jammy/extension-20260919/arm64/postgresql-14-ddlx_0.31-1PGSTY~jammy_all.deb	postgresql-14-ddlx	0.31-1PGSTY~jammy	all	main	True
apt/jammy/extension-20260919/arm64/postgresql-14-jev_0.2.0-1PGSTY~jammy_all.deb	postgresql-14-jev	0.2.0-1PGSTY~jammy	all	main	True
apt/jammy/extension-20260919/arm64/postgresql-14-log-fdw-dbgsym_1.5-1PGSTY~jammy_arm64.ddeb	postgresql-14-log-fdw-dbgsym	1.5-1PGSTY~jammy	arm64	dbgsym	True
apt/jammy/extension-20260919/arm64/postgresql-14-log-fdw_1.5-1PGSTY~jammy_arm64.deb	postgresql-14-log-fdw	1.5-1PGSTY~jammy	arm64	main	True
apt/jammy/extension-20260919/arm64/postgresql-14-nominatim-fdw-dbgsym_2.2.0-1PGSTY~jammy_arm64.ddeb	postgresql-14-nominatim-fdw-dbgsym	2.2.0-1PGSTY~jammy	arm64	dbgsym	True
apt/jammy/extension-20260919/arm64/postgresql-14-nominatim-fdw_2.2.0-1PGSTY~jammy_arm64.deb	postgresql-14-nominatim-fdw	2.2.0-1PGSTY~jammy	arm64	main	True
apt/jammy/extension-20260919/arm64/postgresql-14-pg-curl-dbgsym_2.4.6-1PGSTY~jammy_arm64.ddeb	postgresql-14-pg-curl-dbgsym	2.4.6-1PGSTY~jammy	arm64	dbgsym	True
apt/jammy/extension-20260919/arm64/postgresql-14-pg-curl_2.4.6-1PGSTY~jammy_arm64.deb	postgresql-14-pg-curl	2.4.6-1PGSTY~jammy	arm64	main	True
apt/jammy/extension-20260919/arm64/postgresql-14-pg-durable-dbgsym_0.2.8-1PGSTY~jammy_arm64.ddeb	postgresql-14-pg-durable-dbgsym	0.2.8-1PGSTY~jammy	arm64	dbgsym	True
apt/jammy/extension-20260919/arm64/postgresql-14-pg-durable_0.2.8-1PGSTY~jammy_arm64.deb	postgresql-14-pg-durable	0.2.8-1PGSTY~jammy	arm64	main	True
apt/jammy/extension-20260919/arm64/postgresql-14-pg-grammar-guard_0.4.1-1PGSTY~jammy_all.deb	postgresql-14-pg-grammar-guard	0.4.1-1PGSTY~jammy	all	main	True
apt/jammy/extension-20260919/arm64/postgresql-14-pg-living-assertions_0.4.2-1PGSTY~jammy_all.deb	postgresql-14-pg-living-assertions	0.4.2-1PGSTY~jammy	all	main	True
apt/jammy/extension-20260919/arm64/postgresql-14-pg-local-cache-dbgsym_2.0.4-1PGSTY~jammy_arm64.ddeb	postgresql-14-pg-local-cache-dbgsym	2.0.4-1PGSTY~jammy	arm64	dbgsym	True
apt/jammy/extension-20260919/arm64/postgresql-14-pg-local-cache_2.0.4-1PGSTY~jammy_arm64.deb	postgresql-14-pg-local-cache	2.0.4-1PGSTY~jammy	arm64	main	True
apt/jammy/extension-20260919/arm64/postgresql-14-pg-profile_4.16-1PGSTY~jammy_all.deb	postgresql-14-pg-profile	4.16-1PGSTY~jammy	all	main	True
apt/jammy/extension-20260919/arm64/postgresql-14-pg-stat-monitor-dbgsym_2.4.0-1PGSTY~jammy_arm64.ddeb	postgresql-14-pg-stat-monitor-dbgsym	2.4.0-1PGSTY~jammy	arm64	dbgsym	True
apt/jammy/extension-20260919/arm64/postgresql-14-pg-stat-monitor_2.4.0-1PGSTY~jammy_arm64.deb	postgresql-14-pg-stat-monitor	2.4.0-1PGSTY~jammy	arm64	main	True
apt/jammy/extension-20260919/arm64/postgresql-14-pg-task-dbgsym_3.0.0-1PGSTY~jammy_arm64.ddeb	postgresql-14-pg-task-dbgsym	3.0.0-1PGSTY~jammy	arm64	dbgsym	True
apt/jammy/extension-20260919/arm64/postgresql-14-pg-task_3.0.0-1PGSTY~jammy_arm64.deb	postgresql-14-pg-task	3.0.0-1PGSTY~jammy	arm64	main	True
apt/jammy/extension-20260919/arm64/postgresql-14-pg-vectorize-dbgsym_0.27.1-1PGSTY~jammy_arm64.ddeb	postgresql-14-pg-vectorize-dbgsym	0.27.1-1PGSTY~jammy	arm64	dbgsym	True
apt/jammy/extension-20260919/arm64/postgresql-14-pg-vectorize_0.27.1-1PGSTY~jammy_arm64.deb	postgresql-14-pg-vectorize	0.27.1-1PGSTY~jammy	arm64	main	True
apt/jammy/extension-20260919/arm64/postgresql-14-pgmq_1.13.0-1PGSTY~jammy_all.deb	postgresql-14-pgmq	1.13.0-1PGSTY~jammy	all	main	True
apt/jammy/extension-20260919/arm64/postgresql-14-pgrdf-dbgsym_0.6.36-1PGSTY~jammy_arm64.ddeb	postgresql-14-pgrdf-dbgsym	0.6.36-1PGSTY~jammy	arm64	dbgsym	True
apt/jammy/extension-20260919/arm64/postgresql-14-pgrdf_0.6.36-1PGSTY~jammy_arm64.deb	postgresql-14-pgrdf	0.6.36-1PGSTY~jammy	arm64	main	True
apt/jammy/extension-20260919/arm64/postgresql-14-plpgsql-check-dbgsym_2.10.10-1PGSTY~jammy_arm64.ddeb	postgresql-14-plpgsql-check-dbgsym	2.10.10-1PGSTY~jammy	arm64	dbgsym	True
apt/jammy/extension-20260919/arm64/postgresql-14-plpgsql-check_2.10.10-1PGSTY~jammy_arm64.deb	postgresql-14-plpgsql-check	2.10.10-1PGSTY~jammy	arm64	main	True
apt/jammy/extension-20260919/arm64/postgresql-14-plprql-dbgsym_18.0.2-1PGSTY~jammy_arm64.ddeb	postgresql-14-plprql-dbgsym	18.0.2-1PGSTY~jammy	arm64	dbgsym	True
apt/jammy/extension-20260919/arm64/postgresql-14-plprql_18.0.2-1PGSTY~jammy_arm64.deb	postgresql-14-plprql	18.0.2-1PGSTY~jammy	arm64	main	True
apt/jammy/extension-20260919/arm64/postgresql-14-ulak-dbgsym_0.2.0-1PGSTY~jammy_arm64.ddeb	postgresql-14-ulak-dbgsym	0.2.0-1PGSTY~jammy	arm64	dbgsym	True
apt/jammy/extension-20260919/arm64/postgresql-14-ulak_0.2.0-1PGSTY~jammy_arm64.deb	postgresql-14-ulak	0.2.0-1PGSTY~jammy	arm64	main	True
apt/jammy/extension-20260919/arm64/postgresql-14-wrappers-dbgsym_0.6.3-1PGSTY~jammy_arm64.ddeb	postgresql-14-wrappers-dbgsym	0.6.3-1PGSTY~jammy	arm64	dbgsym	True
apt/jammy/extension-20260919/arm64/postgresql-14-wrappers_0.6.3-1PGSTY~jammy_arm64.deb	postgresql-14-wrappers	0.6.3-1PGSTY~jammy	arm64	main	True
apt/jammy/extension-20260919/arm64/postgresql-15-ddlx_0.31-1PGSTY~jammy_all.deb	postgresql-15-ddlx	0.31-1PGSTY~jammy	all	main	True
apt/jammy/extension-20260919/arm64/postgresql-15-documentdb-dbgsym_0.117-1PGSTY~jammy_arm64.ddeb	postgresql-15-documentdb-dbgsym	0.117-1PGSTY~jammy	arm64	dbgsym	True
apt/jammy/extension-20260919/arm64/postgresql-15-documentdb_0.117-1PGSTY~jammy_arm64.deb	postgresql-15-documentdb	0.117-1PGSTY~jammy	arm64	main	True
apt/jammy/extension-20260919/arm64/postgresql-15-jev_0.2.0-1PGSTY~jammy_all.deb	postgresql-15-jev	0.2.0-1PGSTY~jammy	all	main	True
apt/jammy/extension-20260919/arm64/postgresql-15-log-fdw-dbgsym_1.5-1PGSTY~jammy_arm64.ddeb	postgresql-15-log-fdw-dbgsym	1.5-1PGSTY~jammy	arm64	dbgsym	True
apt/jammy/extension-20260919/arm64/postgresql-15-log-fdw_1.5-1PGSTY~jammy_arm64.deb	postgresql-15-log-fdw	1.5-1PGSTY~jammy	arm64	main	True
apt/jammy/extension-20260919/arm64/postgresql-15-nominatim-fdw-dbgsym_2.2.0-1PGSTY~jammy_arm64.ddeb	postgresql-15-nominatim-fdw-dbgsym	2.2.0-1PGSTY~jammy	arm64	dbgsym	True
apt/jammy/extension-20260919/arm64/postgresql-15-nominatim-fdw_2.2.0-1PGSTY~jammy_arm64.deb	postgresql-15-nominatim-fdw	2.2.0-1PGSTY~jammy	arm64	main	True
apt/jammy/extension-20260919/arm64/postgresql-15-pg-curl-dbgsym_2.4.6-1PGSTY~jammy_arm64.ddeb	postgresql-15-pg-curl-dbgsym	2.4.6-1PGSTY~jammy	arm64	dbgsym	True
apt/jammy/extension-20260919/arm64/postgresql-15-pg-curl_2.4.6-1PGSTY~jammy_arm64.deb	postgresql-15-pg-curl	2.4.6-1PGSTY~jammy	arm64	main	True
apt/jammy/extension-20260919/arm64/postgresql-15-pg-durable-dbgsym_0.2.8-1PGSTY~jammy_arm64.ddeb	postgresql-15-pg-durable-dbgsym	0.2.8-1PGSTY~jammy	arm64	dbgsym	True
apt/jammy/extension-20260919/arm64/postgresql-15-pg-durable_0.2.8-1PGSTY~jammy_arm64.deb	postgresql-15-pg-durable	0.2.8-1PGSTY~jammy	arm64	main	True
apt/jammy/extension-20260919/arm64/postgresql-15-pg-grammar-guard_0.4.1-1PGSTY~jammy_all.deb	postgresql-15-pg-grammar-guard	0.4.1-1PGSTY~jammy	all	main	True
apt/jammy/extension-20260919/arm64/postgresql-15-pg-living-assertions_0.4.2-1PGSTY~jammy_all.deb	postgresql-15-pg-living-assertions	0.4.2-1PGSTY~jammy	all	main	True
apt/jammy/extension-20260919/arm64/postgresql-15-pg-local-cache-dbgsym_2.0.4-1PGSTY~jammy_arm64.ddeb	postgresql-15-pg-local-cache-dbgsym	2.0.4-1PGSTY~jammy	arm64	dbgsym	True
apt/jammy/extension-20260919/arm64/postgresql-15-pg-local-cache_2.0.4-1PGSTY~jammy_arm64.deb	postgresql-15-pg-local-cache	2.0.4-1PGSTY~jammy	arm64	main	True
apt/jammy/extension-20260919/arm64/postgresql-15-pg-profile_4.16-1PGSTY~jammy_all.deb	postgresql-15-pg-profile	4.16-1PGSTY~jammy	all	main	True
apt/jammy/extension-20260919/arm64/postgresql-15-pg-search-dbgsym_0.25.9-1PGSTY~jammy_arm64.ddeb	postgresql-15-pg-search-dbgsym	0.25.9-1PGSTY~jammy	arm64	dbgsym	True
apt/jammy/extension-20260919/arm64/postgresql-15-pg-search_0.25.9-1PGSTY~jammy_arm64.deb	postgresql-15-pg-search	0.25.9-1PGSTY~jammy	arm64	main	True
apt/jammy/extension-20260919/arm64/postgresql-15-pg-stat-monitor-dbgsym_2.4.0-1PGSTY~jammy_arm64.ddeb	postgresql-15-pg-stat-monitor-dbgsym	2.4.0-1PGSTY~jammy	arm64	dbgsym	True
apt/jammy/extension-20260919/arm64/postgresql-15-pg-stat-monitor_2.4.0-1PGSTY~jammy_arm64.deb	postgresql-15-pg-stat-monitor	2.4.0-1PGSTY~jammy	arm64	main	True
apt/jammy/extension-20260919/arm64/postgresql-15-pg-task-dbgsym_3.0.0-1PGSTY~jammy_arm64.ddeb	postgresql-15-pg-task-dbgsym	3.0.0-1PGSTY~jammy	arm64	dbgsym	True
apt/jammy/extension-20260919/arm64/postgresql-15-pg-task_3.0.0-1PGSTY~jammy_arm64.deb	postgresql-15-pg-task	3.0.0-1PGSTY~jammy	arm64	main	True
apt/jammy/extension-20260919/arm64/postgresql-15-pg-vectorize-dbgsym_0.27.1-1PGSTY~jammy_arm64.ddeb	postgresql-15-pg-vectorize-dbgsym	0.27.1-1PGSTY~jammy	arm64	dbgsym	True
apt/jammy/extension-20260919/arm64/postgresql-15-pg-vectorize_0.27.1-1PGSTY~jammy_arm64.deb	postgresql-15-pg-vectorize	0.27.1-1PGSTY~jammy	arm64	main	True
apt/jammy/extension-20260919/arm64/postgresql-15-pgmq_1.13.0-1PGSTY~jammy_all.deb	postgresql-15-pgmq	1.13.0-1PGSTY~jammy	all	main	True
apt/jammy/extension-20260919/arm64/postgresql-15-pgrdf-dbgsym_0.6.36-1PGSTY~jammy_arm64.ddeb	postgresql-15-pgrdf-dbgsym	0.6.36-1PGSTY~jammy	arm64	dbgsym	True
apt/jammy/extension-20260919/arm64/postgresql-15-pgrdf_0.6.36-1PGSTY~jammy_arm64.deb	postgresql-15-pgrdf	0.6.36-1PGSTY~jammy	arm64	main	True
apt/jammy/extension-20260919/arm64/postgresql-15-plpgsql-check-dbgsym_2.10.10-1PGSTY~jammy_arm64.ddeb	postgresql-15-plpgsql-check-dbgsym	2.10.10-1PGSTY~jammy	arm64	dbgsym	True
apt/jammy/extension-20260919/arm64/postgresql-15-plpgsql-check_2.10.10-1PGSTY~jammy_arm64.deb	postgresql-15-plpgsql-check	2.10.10-1PGSTY~jammy	arm64	main	True
apt/jammy/extension-20260919/arm64/postgresql-15-plprql-dbgsym_18.0.2-1PGSTY~jammy_arm64.ddeb	postgresql-15-plprql-dbgsym	18.0.2-1PGSTY~jammy	arm64	dbgsym	True
apt/jammy/extension-20260919/arm64/postgresql-15-plprql_18.0.2-1PGSTY~jammy_arm64.deb	postgresql-15-plprql	18.0.2-1PGSTY~jammy	arm64	main	True
apt/jammy/extension-20260919/arm64/postgresql-15-ulak-dbgsym_0.2.0-1PGSTY~jammy_arm64.ddeb	postgresql-15-ulak-dbgsym	0.2.0-1PGSTY~jammy	arm64	dbgsym	True
apt/jammy/extension-20260919/arm64/postgresql-15-ulak_0.2.0-1PGSTY~jammy_arm64.deb	postgresql-15-ulak	0.2.0-1PGSTY~jammy	arm64	main	True
apt/jammy/extension-20260919/arm64/postgresql-15-wrappers-dbgsym_0.6.3-1PGSTY~jammy_arm64.ddeb	postgresql-15-wrappers-dbgsym	0.6.3-1PGSTY~jammy	arm64	dbgsym	True
apt/jammy/extension-20260919/arm64/postgresql-15-wrappers_0.6.3-1PGSTY~jammy_arm64.deb	postgresql-15-wrappers	0.6.3-1PGSTY~jammy	arm64	main	True
apt/jammy/extension-20260919/arm64/postgresql-16-biscuit-dbgsym_3.1.0-1PGSTY~jammy_arm64.ddeb	postgresql-16-biscuit-dbgsym	3.1.0-1PGSTY~jammy	arm64	dbgsym	True
apt/jammy/extension-20260919/arm64/postgresql-16-biscuit_3.1.0-1PGSTY~jammy_arm64.deb	postgresql-16-biscuit	3.1.0-1PGSTY~jammy	arm64	main	True
apt/jammy/extension-20260919/arm64/postgresql-16-ddlx_0.31-1PGSTY~jammy_all.deb	postgresql-16-ddlx	0.31-1PGSTY~jammy	all	main	True
apt/jammy/extension-20260919/arm64/postgresql-16-documentdb-dbgsym_0.117-1PGSTY~jammy_arm64.ddeb	postgresql-16-documentdb-dbgsym	0.117-1PGSTY~jammy	arm64	dbgsym	True
apt/jammy/extension-20260919/arm64/postgresql-16-documentdb_0.117-1PGSTY~jammy_arm64.deb	postgresql-16-documentdb	0.117-1PGSTY~jammy	arm64	main	True
apt/jammy/extension-20260919/arm64/postgresql-16-jev_0.2.0-1PGSTY~jammy_all.deb	postgresql-16-jev	0.2.0-1PGSTY~jammy	all	main	True
apt/jammy/extension-20260919/arm64/postgresql-16-kafgres-dbgsym_0.1.0-1PGSTY~jammy_arm64.ddeb	postgresql-16-kafgres-dbgsym	0.1.0-1PGSTY~jammy	arm64	dbgsym	True
apt/jammy/extension-20260919/arm64/postgresql-16-kafgres_0.1.0-1PGSTY~jammy_arm64.deb	postgresql-16-kafgres	0.1.0-1PGSTY~jammy	arm64	main	True
apt/jammy/extension-20260919/arm64/postgresql-16-log-fdw-dbgsym_1.5-1PGSTY~jammy_arm64.ddeb	postgresql-16-log-fdw-dbgsym	1.5-1PGSTY~jammy	arm64	dbgsym	True
apt/jammy/extension-20260919/arm64/postgresql-16-log-fdw_1.5-1PGSTY~jammy_arm64.deb	postgresql-16-log-fdw	1.5-1PGSTY~jammy	arm64	main	True
apt/jammy/extension-20260919/arm64/postgresql-16-macavity-dbgsym_0.1.0-1PGSTY~jammy_arm64.ddeb	postgresql-16-macavity-dbgsym	0.1.0-1PGSTY~jammy	arm64	dbgsym	True
apt/jammy/extension-20260919/arm64/postgresql-16-macavity_0.1.0-1PGSTY~jammy_arm64.deb	postgresql-16-macavity	0.1.0-1PGSTY~jammy	arm64	main	True
apt/jammy/extension-20260919/arm64/postgresql-16-nominatim-fdw-dbgsym_2.2.0-1PGSTY~jammy_arm64.ddeb	postgresql-16-nominatim-fdw-dbgsym	2.2.0-1PGSTY~jammy	arm64	dbgsym	True
apt/jammy/extension-20260919/arm64/postgresql-16-nominatim-fdw_2.2.0-1PGSTY~jammy_arm64.deb	postgresql-16-nominatim-fdw	2.2.0-1PGSTY~jammy	arm64	main	True
apt/jammy/extension-20260919/arm64/postgresql-16-pg-circuit-dbgsym_0.1.0-1PGSTY~jammy_arm64.ddeb	postgresql-16-pg-circuit-dbgsym	0.1.0-1PGSTY~jammy	arm64	dbgsym	True
apt/jammy/extension-20260919/arm64/postgresql-16-pg-circuit_0.1.0-1PGSTY~jammy_arm64.deb	postgresql-16-pg-circuit	0.1.0-1PGSTY~jammy	arm64	main	True
apt/jammy/extension-20260919/arm64/postgresql-16-pg-curl-dbgsym_2.4.6-1PGSTY~jammy_arm64.ddeb	postgresql-16-pg-curl-dbgsym	2.4.6-1PGSTY~jammy	arm64	dbgsym	True
apt/jammy/extension-20260919/arm64/postgresql-16-pg-curl_2.4.6-1PGSTY~jammy_arm64.deb	postgresql-16-pg-curl	2.4.6-1PGSTY~jammy	arm64	main	True
apt/jammy/extension-20260919/arm64/postgresql-16-pg-durable-dbgsym_0.2.8-1PGSTY~jammy_arm64.ddeb	postgresql-16-pg-durable-dbgsym	0.2.8-1PGSTY~jammy	arm64	dbgsym	True
apt/jammy/extension-20260919/arm64/postgresql-16-pg-durable_0.2.8-1PGSTY~jammy_arm64.deb	postgresql-16-pg-durable	0.2.8-1PGSTY~jammy	arm64	main	True
apt/jammy/extension-20260919/arm64/postgresql-16-pg-grammar-guard_0.4.1-1PGSTY~jammy_all.deb	postgresql-16-pg-grammar-guard	0.4.1-1PGSTY~jammy	all	main	True
apt/jammy/extension-20260919/arm64/postgresql-16-pg-lake-dbgsym_3.5.1-1PGSTY~jammy_arm64.ddeb	postgresql-16-pg-lake-dbgsym	3.5.1-1PGSTY~jammy	arm64	dbgsym	True
apt/jammy/extension-20260919/arm64/postgresql-16-pg-lake_3.5.1-1PGSTY~jammy_arm64.deb	postgresql-16-pg-lake	3.5.1-1PGSTY~jammy	arm64	main	True
apt/jammy/extension-20260919/arm64/postgresql-16-pg-living-assertions_0.4.2-1PGSTY~jammy_all.deb	postgresql-16-pg-living-assertions	0.4.2-1PGSTY~jammy	all	main	True
apt/jammy/extension-20260919/arm64/postgresql-16-pg-local-cache-dbgsym_2.0.4-1PGSTY~jammy_arm64.ddeb	postgresql-16-pg-local-cache-dbgsym	2.0.4-1PGSTY~jammy	arm64	dbgsym	True
apt/jammy/extension-20260919/arm64/postgresql-16-pg-local-cache_2.0.4-1PGSTY~jammy_arm64.deb	postgresql-16-pg-local-cache	2.0.4-1PGSTY~jammy	arm64	main	True
apt/jammy/extension-20260919/arm64/postgresql-16-pg-profile_4.16-1PGSTY~jammy_all.deb	postgresql-16-pg-profile	4.16-1PGSTY~jammy	all	main	True
apt/jammy/extension-20260919/arm64/postgresql-16-pg-search-dbgsym_0.25.9-1PGSTY~jammy_arm64.ddeb	postgresql-16-pg-search-dbgsym	0.25.9-1PGSTY~jammy	arm64	dbgsym	True
apt/jammy/extension-20260919/arm64/postgresql-16-pg-search_0.25.9-1PGSTY~jammy_arm64.deb	postgresql-16-pg-search	0.25.9-1PGSTY~jammy	arm64	main	True
apt/jammy/extension-20260919/arm64/postgresql-16-pg-stat-monitor-dbgsym_2.4.0-1PGSTY~jammy_arm64.ddeb	postgresql-16-pg-stat-monitor-dbgsym	2.4.0-1PGSTY~jammy	arm64	dbgsym	True
apt/jammy/extension-20260919/arm64/postgresql-16-pg-stat-monitor_2.4.0-1PGSTY~jammy_arm64.deb	postgresql-16-pg-stat-monitor	2.4.0-1PGSTY~jammy	arm64	main	True
apt/jammy/extension-20260919/arm64/postgresql-16-pg-task-dbgsym_3.0.0-1PGSTY~jammy_arm64.ddeb	postgresql-16-pg-task-dbgsym	3.0.0-1PGSTY~jammy	arm64	dbgsym	True
apt/jammy/extension-20260919/arm64/postgresql-16-pg-task_3.0.0-1PGSTY~jammy_arm64.deb	postgresql-16-pg-task	3.0.0-1PGSTY~jammy	arm64	main	True
apt/jammy/extension-20260919/arm64/postgresql-16-pg-vectorize-dbgsym_0.27.1-1PGSTY~jammy_arm64.ddeb	postgresql-16-pg-vectorize-dbgsym	0.27.1-1PGSTY~jammy	arm64	dbgsym	True
apt/jammy/extension-20260919/arm64/postgresql-16-pg-vectorize_0.27.1-1PGSTY~jammy_arm64.deb	postgresql-16-pg-vectorize	0.27.1-1PGSTY~jammy	arm64	main	True
apt/jammy/extension-20260919/arm64/postgresql-16-pgmq_1.13.0-1PGSTY~jammy_all.deb	postgresql-16-pgmq	1.13.0-1PGSTY~jammy	all	main	True
apt/jammy/extension-20260919/arm64/postgresql-16-pgrdf-dbgsym_0.6.36-1PGSTY~jammy_arm64.ddeb	postgresql-16-pgrdf-dbgsym	0.6.36-1PGSTY~jammy	arm64	dbgsym	True
apt/jammy/extension-20260919/arm64/postgresql-16-pgrdf_0.6.36-1PGSTY~jammy_arm64.deb	postgresql-16-pgrdf	0.6.36-1PGSTY~jammy	arm64	main	True
apt/jammy/extension-20260919/arm64/postgresql-16-plpgsql-check-dbgsym_2.10.10-1PGSTY~jammy_arm64.ddeb	postgresql-16-plpgsql-check-dbgsym	2.10.10-1PGSTY~jammy	arm64	dbgsym	True
apt/jammy/extension-20260919/arm64/postgresql-16-plpgsql-check_2.10.10-1PGSTY~jammy_arm64.deb	postgresql-16-plpgsql-check	2.10.10-1PGSTY~jammy	arm64	main	True
apt/jammy/extension-20260919/arm64/postgresql-16-plprql-dbgsym_18.0.2-1PGSTY~jammy_arm64.ddeb	postgresql-16-plprql-dbgsym	18.0.2-1PGSTY~jammy	arm64	dbgsym	True
apt/jammy/extension-20260919/arm64/postgresql-16-plprql_18.0.2-1PGSTY~jammy_arm64.deb	postgresql-16-plprql	18.0.2-1PGSTY~jammy	arm64	main	True
apt/jammy/extension-20260919/arm64/postgresql-16-timescaledb-tsl-dbgsym_2.30.1-1PGSTY~jammy_arm64.ddeb	postgresql-16-timescaledb-tsl-dbgsym	2.30.1-1PGSTY~jammy	arm64	dbgsym	True
apt/jammy/extension-20260919/arm64/postgresql-16-timescaledb-tsl_2.30.1-1PGSTY~jammy_arm64.deb	postgresql-16-timescaledb-tsl	2.30.1-1PGSTY~jammy	arm64	main	True
apt/jammy/extension-20260919/arm64/postgresql-16-ulak-dbgsym_0.2.0-1PGSTY~jammy_arm64.ddeb	postgresql-16-ulak-dbgsym	0.2.0-1PGSTY~jammy	arm64	dbgsym	True
apt/jammy/extension-20260919/arm64/postgresql-16-ulak_0.2.0-1PGSTY~jammy_arm64.deb	postgresql-16-ulak	0.2.0-1PGSTY~jammy	arm64	main	True
apt/jammy/extension-20260919/arm64/postgresql-16-wrappers-dbgsym_0.6.3-1PGSTY~jammy_arm64.ddeb	postgresql-16-wrappers-dbgsym	0.6.3-1PGSTY~jammy	arm64	dbgsym	True
apt/jammy/extension-20260919/arm64/postgresql-16-wrappers_0.6.3-1PGSTY~jammy_arm64.deb	postgresql-16-wrappers	0.6.3-1PGSTY~jammy	arm64	main	True
apt/jammy/extension-20260919/arm64/postgresql-17-biscuit-dbgsym_3.1.0-1PGSTY~jammy_arm64.ddeb	postgresql-17-biscuit-dbgsym	3.1.0-1PGSTY~jammy	arm64	dbgsym	True
apt/jammy/extension-20260919/arm64/postgresql-17-biscuit_3.1.0-1PGSTY~jammy_arm64.deb	postgresql-17-biscuit	3.1.0-1PGSTY~jammy	arm64	main	True
apt/jammy/extension-20260919/arm64/postgresql-17-ddlx_0.31-1PGSTY~jammy_all.deb	postgresql-17-ddlx	0.31-1PGSTY~jammy	all	main	True
apt/jammy/extension-20260919/arm64/postgresql-17-documentdb-dbgsym_0.117-1PGSTY~jammy_arm64.ddeb	postgresql-17-documentdb-dbgsym	0.117-1PGSTY~jammy	arm64	dbgsym	True
apt/jammy/extension-20260919/arm64/postgresql-17-documentdb_0.117-1PGSTY~jammy_arm64.deb	postgresql-17-documentdb	0.117-1PGSTY~jammy	arm64	main	True
apt/jammy/extension-20260919/arm64/postgresql-17-jev_0.2.0-1PGSTY~jammy_all.deb	postgresql-17-jev	0.2.0-1PGSTY~jammy	all	main	True
apt/jammy/extension-20260919/arm64/postgresql-17-log-fdw-dbgsym_1.5-1PGSTY~jammy_arm64.ddeb	postgresql-17-log-fdw-dbgsym	1.5-1PGSTY~jammy	arm64	dbgsym	True
apt/jammy/extension-20260919/arm64/postgresql-17-log-fdw_1.5-1PGSTY~jammy_arm64.deb	postgresql-17-log-fdw	1.5-1PGSTY~jammy	arm64	main	True
apt/jammy/extension-20260919/arm64/postgresql-17-macavity-dbgsym_0.1.0-1PGSTY~jammy_arm64.ddeb	postgresql-17-macavity-dbgsym	0.1.0-1PGSTY~jammy	arm64	dbgsym	True
apt/jammy/extension-20260919/arm64/postgresql-17-macavity_0.1.0-1PGSTY~jammy_arm64.deb	postgresql-17-macavity	0.1.0-1PGSTY~jammy	arm64	main	True
apt/jammy/extension-20260919/arm64/postgresql-17-nominatim-fdw-dbgsym_2.2.0-1PGSTY~jammy_arm64.ddeb	postgresql-17-nominatim-fdw-dbgsym	2.2.0-1PGSTY~jammy	arm64	dbgsym	True
apt/jammy/extension-20260919/arm64/postgresql-17-nominatim-fdw_2.2.0-1PGSTY~jammy_arm64.deb	postgresql-17-nominatim-fdw	2.2.0-1PGSTY~jammy	arm64	main	True
apt/jammy/extension-20260919/arm64/postgresql-17-pg-circuit-dbgsym_0.1.0-1PGSTY~jammy_arm64.ddeb	postgresql-17-pg-circuit-dbgsym	0.1.0-1PGSTY~jammy	arm64	dbgsym	True
apt/jammy/extension-20260919/arm64/postgresql-17-pg-circuit_0.1.0-1PGSTY~jammy_arm64.deb	postgresql-17-pg-circuit	0.1.0-1PGSTY~jammy	arm64	main	True
apt/jammy/extension-20260919/arm64/postgresql-17-pg-curl-dbgsym_2.4.6-1PGSTY~jammy_arm64.ddeb	postgresql-17-pg-curl-dbgsym	2.4.6-1PGSTY~jammy	arm64	dbgsym	True
apt/jammy/extension-20260919/arm64/postgresql-17-pg-curl_2.4.6-1PGSTY~jammy_arm64.deb	postgresql-17-pg-curl	2.4.6-1PGSTY~jammy	arm64	main	True
apt/jammy/extension-20260919/arm64/postgresql-17-pg-durable-dbgsym_0.2.8-1PGSTY~jammy_arm64.ddeb	postgresql-17-pg-durable-dbgsym	0.2.8-1PGSTY~jammy	arm64	dbgsym	True
apt/jammy/extension-20260919/arm64/postgresql-17-pg-durable_0.2.8-1PGSTY~jammy_arm64.deb	postgresql-17-pg-durable	0.2.8-1PGSTY~jammy	arm64	main	True
apt/jammy/extension-20260919/arm64/postgresql-17-pg-fts-dbgsym_1.8.3-1PGSTY~jammy_arm64.ddeb	postgresql-17-pg-fts-dbgsym	1.8.3-1PGSTY~jammy	arm64	dbgsym	True
apt/jammy/extension-20260919/arm64/postgresql-17-pg-fts_1.8.3-1PGSTY~jammy_arm64.deb	postgresql-17-pg-fts	1.8.3-1PGSTY~jammy	arm64	main	True
apt/jammy/extension-20260919/arm64/postgresql-17-pg-grammar-guard_0.4.1-1PGSTY~jammy_all.deb	postgresql-17-pg-grammar-guard	0.4.1-1PGSTY~jammy	all	main	True
apt/jammy/extension-20260919/arm64/postgresql-17-pg-lake-dbgsym_3.5.1-1PGSTY~jammy_arm64.ddeb	postgresql-17-pg-lake-dbgsym	3.5.1-1PGSTY~jammy	arm64	dbgsym	True
apt/jammy/extension-20260919/arm64/postgresql-17-pg-lake_3.5.1-1PGSTY~jammy_arm64.deb	postgresql-17-pg-lake	3.5.1-1PGSTY~jammy	arm64	main	True
apt/jammy/extension-20260919/arm64/postgresql-17-pg-living-assertions_0.4.2-1PGSTY~jammy_all.deb	postgresql-17-pg-living-assertions	0.4.2-1PGSTY~jammy	all	main	True
apt/jammy/extension-20260919/arm64/postgresql-17-pg-local-cache-dbgsym_2.0.4-1PGSTY~jammy_arm64.ddeb	postgresql-17-pg-local-cache-dbgsym	2.0.4-1PGSTY~jammy	arm64	dbgsym	True
apt/jammy/extension-20260919/arm64/postgresql-17-pg-local-cache_2.0.4-1PGSTY~jammy_arm64.deb	postgresql-17-pg-local-cache	2.0.4-1PGSTY~jammy	arm64	main	True
apt/jammy/extension-20260919/arm64/postgresql-17-pg-profile_4.16-1PGSTY~jammy_all.deb	postgresql-17-pg-profile	4.16-1PGSTY~jammy	all	main	True
apt/jammy/extension-20260919/arm64/postgresql-17-pg-search-dbgsym_0.25.9-1PGSTY~jammy_arm64.ddeb	postgresql-17-pg-search-dbgsym	0.25.9-1PGSTY~jammy	arm64	dbgsym	True
apt/jammy/extension-20260919/arm64/postgresql-17-pg-search_0.25.9-1PGSTY~jammy_arm64.deb	postgresql-17-pg-search	0.25.9-1PGSTY~jammy	arm64	main	True
apt/jammy/extension-20260919/arm64/postgresql-17-pg-stat-monitor-dbgsym_2.4.0-1PGSTY~jammy_arm64.ddeb	postgresql-17-pg-stat-monitor-dbgsym	2.4.0-1PGSTY~jammy	arm64	dbgsym	True
apt/jammy/extension-20260919/arm64/postgresql-17-pg-stat-monitor_2.4.0-1PGSTY~jammy_arm64.deb	postgresql-17-pg-stat-monitor	2.4.0-1PGSTY~jammy	arm64	main	True
apt/jammy/extension-20260919/arm64/postgresql-17-pg-task-dbgsym_3.0.0-1PGSTY~jammy_arm64.ddeb	postgresql-17-pg-task-dbgsym	3.0.0-1PGSTY~jammy	arm64	dbgsym	True
apt/jammy/extension-20260919/arm64/postgresql-17-pg-task_3.0.0-1PGSTY~jammy_arm64.deb	postgresql-17-pg-task	3.0.0-1PGSTY~jammy	arm64	main	True
apt/jammy/extension-20260919/arm64/postgresql-17-pg-vault-tde-dbgsym_1.7.1-1PGSTY~jammy_arm64.ddeb	postgresql-17-pg-vault-tde-dbgsym	1.7.1-1PGSTY~jammy	arm64	dbgsym	True
apt/jammy/extension-20260919/arm64/postgresql-17-pg-vault-tde_1.7.1-1PGSTY~jammy_arm64.deb	postgresql-17-pg-vault-tde	1.7.1-1PGSTY~jammy	arm64	main	True
apt/jammy/extension-20260919/arm64/postgresql-17-pg-vectorize-dbgsym_0.27.1-1PGSTY~jammy_arm64.ddeb	postgresql-17-pg-vectorize-dbgsym	0.27.1-1PGSTY~jammy	arm64	dbgsym	True
apt/jammy/extension-20260919/arm64/postgresql-17-pg-vectorize_0.27.1-1PGSTY~jammy_arm64.deb	postgresql-17-pg-vectorize	0.27.1-1PGSTY~jammy	arm64	main	True
apt/jammy/extension-20260919/arm64/postgresql-17-pgmq_1.13.0-1PGSTY~jammy_all.deb	postgresql-17-pgmq	1.13.0-1PGSTY~jammy	all	main	True
apt/jammy/extension-20260919/arm64/postgresql-17-pgrdf-dbgsym_0.6.36-1PGSTY~jammy_arm64.ddeb	postgresql-17-pgrdf-dbgsym	0.6.36-1PGSTY~jammy	arm64	dbgsym	True
apt/jammy/extension-20260919/arm64/postgresql-17-pgrdf_0.6.36-1PGSTY~jammy_arm64.deb	postgresql-17-pgrdf	0.6.36-1PGSTY~jammy	arm64	main	True
apt/jammy/extension-20260919/arm64/postgresql-17-plpgsql-check-dbgsym_2.10.10-1PGSTY~jammy_arm64.ddeb	postgresql-17-plpgsql-check-dbgsym	2.10.10-1PGSTY~jammy	arm64	dbgsym	True
apt/jammy/extension-20260919/arm64/postgresql-17-plpgsql-check_2.10.10-1PGSTY~jammy_arm64.deb	postgresql-17-plpgsql-check	2.10.10-1PGSTY~jammy	arm64	main	True
apt/jammy/extension-20260919/arm64/postgresql-17-plprql-dbgsym_18.0.2-1PGSTY~jammy_arm64.ddeb	postgresql-17-plprql-dbgsym	18.0.2-1PGSTY~jammy	arm64	dbgsym	True
apt/jammy/extension-20260919/arm64/postgresql-17-plprql_18.0.2-1PGSTY~jammy_arm64.deb	postgresql-17-plprql	18.0.2-1PGSTY~jammy	arm64	main	True
apt/jammy/extension-20260919/arm64/postgresql-17-psql-bm25s-dbgsym_0.4.14-1PGSTY~jammy_arm64.ddeb	postgresql-17-psql-bm25s-dbgsym	0.4.14-1PGSTY~jammy	arm64	dbgsym	True
apt/jammy/extension-20260919/arm64/postgresql-17-psql-bm25s_0.4.14-1PGSTY~jammy_arm64.deb	postgresql-17-psql-bm25s	0.4.14-1PGSTY~jammy	arm64	main	True
apt/jammy/extension-20260919/arm64/postgresql-17-timescaledb-tsl-dbgsym_2.30.1-1PGSTY~jammy_arm64.ddeb	postgresql-17-timescaledb-tsl-dbgsym	2.30.1-1PGSTY~jammy	arm64	dbgsym	True
apt/jammy/extension-20260919/arm64/postgresql-17-timescaledb-tsl_2.30.1-1PGSTY~jammy_arm64.deb	postgresql-17-timescaledb-tsl	2.30.1-1PGSTY~jammy	arm64	main	True
apt/jammy/extension-20260919/arm64/postgresql-17-ulak-dbgsym_0.2.0-1PGSTY~jammy_arm64.ddeb	postgresql-17-ulak-dbgsym	0.2.0-1PGSTY~jammy	arm64	dbgsym	True
apt/jammy/extension-20260919/arm64/postgresql-17-ulak_0.2.0-1PGSTY~jammy_arm64.deb	postgresql-17-ulak	0.2.0-1PGSTY~jammy	arm64	main	True
apt/jammy/extension-20260919/arm64/postgresql-17-wrappers-dbgsym_0.6.3-1PGSTY~jammy_arm64.ddeb	postgresql-17-wrappers-dbgsym	0.6.3-1PGSTY~jammy	arm64	dbgsym	True
apt/jammy/extension-20260919/arm64/postgresql-17-wrappers_0.6.3-1PGSTY~jammy_arm64.deb	postgresql-17-wrappers	0.6.3-1PGSTY~jammy	arm64	main	True
apt/jammy/extension-20260919/arm64/postgresql-18-biscuit-dbgsym_3.1.0-1PGSTY~jammy_arm64.ddeb	postgresql-18-biscuit-dbgsym	3.1.0-1PGSTY~jammy	arm64	dbgsym	True
apt/jammy/extension-20260919/arm64/postgresql-18-biscuit_3.1.0-1PGSTY~jammy_arm64.deb	postgresql-18-biscuit	3.1.0-1PGSTY~jammy	arm64	main	True
apt/jammy/extension-20260919/arm64/postgresql-18-ddlx_0.31-1PGSTY~jammy_all.deb	postgresql-18-ddlx	0.31-1PGSTY~jammy	all	main	True
apt/jammy/extension-20260919/arm64/postgresql-18-documentdb-dbgsym_0.117-1PGSTY~jammy_arm64.ddeb	postgresql-18-documentdb-dbgsym	0.117-1PGSTY~jammy	arm64	dbgsym	True
apt/jammy/extension-20260919/arm64/postgresql-18-documentdb_0.117-1PGSTY~jammy_arm64.deb	postgresql-18-documentdb	0.117-1PGSTY~jammy	arm64	main	True
apt/jammy/extension-20260919/arm64/postgresql-18-log-fdw-dbgsym_1.5-1PGSTY~jammy_arm64.ddeb	postgresql-18-log-fdw-dbgsym	1.5-1PGSTY~jammy	arm64	dbgsym	True
apt/jammy/extension-20260919/arm64/postgresql-18-log-fdw_1.5-1PGSTY~jammy_arm64.deb	postgresql-18-log-fdw	1.5-1PGSTY~jammy	arm64	main	True
apt/jammy/extension-20260919/arm64/postgresql-18-macavity-dbgsym_0.1.0-1PGSTY~jammy_arm64.ddeb	postgresql-18-macavity-dbgsym	0.1.0-1PGSTY~jammy	arm64	dbgsym	True
apt/jammy/extension-20260919/arm64/postgresql-18-macavity_0.1.0-1PGSTY~jammy_arm64.deb	postgresql-18-macavity	0.1.0-1PGSTY~jammy	arm64	main	True
apt/jammy/extension-20260919/arm64/postgresql-18-nominatim-fdw-dbgsym_2.2.0-1PGSTY~jammy_arm64.ddeb	postgresql-18-nominatim-fdw-dbgsym	2.2.0-1PGSTY~jammy	arm64	dbgsym	True
apt/jammy/extension-20260919/arm64/postgresql-18-nominatim-fdw_2.2.0-1PGSTY~jammy_arm64.deb	postgresql-18-nominatim-fdw	2.2.0-1PGSTY~jammy	arm64	main	True
apt/jammy/extension-20260919/arm64/postgresql-18-pg-circuit-dbgsym_0.1.0-1PGSTY~jammy_arm64.ddeb	postgresql-18-pg-circuit-dbgsym	0.1.0-1PGSTY~jammy	arm64	dbgsym	True
apt/jammy/extension-20260919/arm64/postgresql-18-pg-circuit_0.1.0-1PGSTY~jammy_arm64.deb	postgresql-18-pg-circuit	0.1.0-1PGSTY~jammy	arm64	main	True
apt/jammy/extension-20260919/arm64/postgresql-18-pg-curl-dbgsym_2.4.6-1PGSTY~jammy_arm64.ddeb	postgresql-18-pg-curl-dbgsym	2.4.6-1PGSTY~jammy	arm64	dbgsym	True
apt/jammy/extension-20260919/arm64/postgresql-18-pg-curl_2.4.6-1PGSTY~jammy_arm64.deb	postgresql-18-pg-curl	2.4.6-1PGSTY~jammy	arm64	main	True
apt/jammy/extension-20260919/arm64/postgresql-18-pg-durable-dbgsym_0.2.8-1PGSTY~jammy_arm64.ddeb	postgresql-18-pg-durable-dbgsym	0.2.8-1PGSTY~jammy	arm64	dbgsym	True
apt/jammy/extension-20260919/arm64/postgresql-18-pg-durable_0.2.8-1PGSTY~jammy_arm64.deb	postgresql-18-pg-durable	0.2.8-1PGSTY~jammy	arm64	main	True
apt/jammy/extension-20260919/arm64/postgresql-18-pg-fts-dbgsym_1.8.3-1PGSTY~jammy_arm64.ddeb	postgresql-18-pg-fts-dbgsym	1.8.3-1PGSTY~jammy	arm64	dbgsym	True
apt/jammy/extension-20260919/arm64/postgresql-18-pg-fts_1.8.3-1PGSTY~jammy_arm64.deb	postgresql-18-pg-fts	1.8.3-1PGSTY~jammy	arm64	main	True
apt/jammy/extension-20260919/arm64/postgresql-18-pg-grammar-guard_0.4.1-1PGSTY~jammy_all.deb	postgresql-18-pg-grammar-guard	0.4.1-1PGSTY~jammy	all	main	True
apt/jammy/extension-20260919/arm64/postgresql-18-pg-lake-dbgsym_3.5.1-1PGSTY~jammy_arm64.ddeb	postgresql-18-pg-lake-dbgsym	3.5.1-1PGSTY~jammy	arm64	dbgsym	True
apt/jammy/extension-20260919/arm64/postgresql-18-pg-lake_3.5.1-1PGSTY~jammy_arm64.deb	postgresql-18-pg-lake	3.5.1-1PGSTY~jammy	arm64	main	True
apt/jammy/extension-20260919/arm64/postgresql-18-pg-living-assertions_0.4.2-1PGSTY~jammy_all.deb	postgresql-18-pg-living-assertions	0.4.2-1PGSTY~jammy	all	main	True
apt/jammy/extension-20260919/arm64/postgresql-18-pg-local-cache-dbgsym_2.0.4-1PGSTY~jammy_arm64.ddeb	postgresql-18-pg-local-cache-dbgsym	2.0.4-1PGSTY~jammy	arm64	dbgsym	True
apt/jammy/extension-20260919/arm64/postgresql-18-pg-local-cache_2.0.4-1PGSTY~jammy_arm64.deb	postgresql-18-pg-local-cache	2.0.4-1PGSTY~jammy	arm64	main	True
apt/jammy/extension-20260919/arm64/postgresql-18-pg-profile_4.16-1PGSTY~jammy_all.deb	postgresql-18-pg-profile	4.16-1PGSTY~jammy	all	main	True
apt/jammy/extension-20260919/arm64/postgresql-18-pg-search-dbgsym_0.25.9-1PGSTY~jammy_arm64.ddeb	postgresql-18-pg-search-dbgsym	0.25.9-1PGSTY~jammy	arm64	dbgsym	True
apt/jammy/extension-20260919/arm64/postgresql-18-pg-search_0.25.9-1PGSTY~jammy_arm64.deb	postgresql-18-pg-search	0.25.9-1PGSTY~jammy	arm64	main	True
apt/jammy/extension-20260919/arm64/postgresql-18-pg-stat-monitor-dbgsym_2.4.0-1PGSTY~jammy_arm64.ddeb	postgresql-18-pg-stat-monitor-dbgsym	2.4.0-1PGSTY~jammy	arm64	dbgsym	True
apt/jammy/extension-20260919/arm64/postgresql-18-pg-stat-monitor_2.4.0-1PGSTY~jammy_arm64.deb	postgresql-18-pg-stat-monitor	2.4.0-1PGSTY~jammy	arm64	main	True
apt/jammy/extension-20260919/arm64/postgresql-18-pg-task-dbgsym_3.0.0-1PGSTY~jammy_arm64.ddeb	postgresql-18-pg-task-dbgsym	3.0.0-1PGSTY~jammy	arm64	dbgsym	True
apt/jammy/extension-20260919/arm64/postgresql-18-pg-task_3.0.0-1PGSTY~jammy_arm64.deb	postgresql-18-pg-task	3.0.0-1PGSTY~jammy	arm64	main	True
apt/jammy/extension-20260919/arm64/postgresql-18-pg-trickle-dbgsym_0.107.0-1PGSTY~jammy_arm64.ddeb	postgresql-18-pg-trickle-dbgsym	0.107.0-1PGSTY~jammy	arm64	dbgsym	True
apt/jammy/extension-20260919/arm64/postgresql-18-pg-trickle_0.107.0-1PGSTY~jammy_arm64.deb	postgresql-18-pg-trickle	0.107.0-1PGSTY~jammy	arm64	main	True
apt/jammy/extension-20260919/arm64/postgresql-18-pg-vault-tde-dbgsym_1.7.1-1PGSTY~jammy_arm64.ddeb	postgresql-18-pg-vault-tde-dbgsym	1.7.1-1PGSTY~jammy	arm64	dbgsym	True
apt/jammy/extension-20260919/arm64/postgresql-18-pg-vault-tde_1.7.1-1PGSTY~jammy_arm64.deb	postgresql-18-pg-vault-tde	1.7.1-1PGSTY~jammy	arm64	main	True
apt/jammy/extension-20260919/arm64/postgresql-18-pg-vectorize-dbgsym_0.27.1-1PGSTY~jammy_arm64.ddeb	postgresql-18-pg-vectorize-dbgsym	0.27.1-1PGSTY~jammy	arm64	dbgsym	True
apt/jammy/extension-20260919/arm64/postgresql-18-pg-vectorize_0.27.1-1PGSTY~jammy_arm64.deb	postgresql-18-pg-vectorize	0.27.1-1PGSTY~jammy	arm64	main	True
apt/jammy/extension-20260919/arm64/postgresql-18-pgmq_1.13.0-1PGSTY~jammy_all.deb	postgresql-18-pgmq	1.13.0-1PGSTY~jammy	all	main	True
apt/jammy/extension-20260919/arm64/postgresql-18-pgrdf-dbgsym_0.6.36-1PGSTY~jammy_arm64.ddeb	postgresql-18-pgrdf-dbgsym	0.6.36-1PGSTY~jammy	arm64	dbgsym	True
apt/jammy/extension-20260919/arm64/postgresql-18-pgrdf_0.6.36-1PGSTY~jammy_arm64.deb	postgresql-18-pgrdf	0.6.36-1PGSTY~jammy	arm64	main	True
apt/jammy/extension-20260919/arm64/postgresql-18-plpgsql-check-dbgsym_2.10.10-1PGSTY~jammy_arm64.ddeb	postgresql-18-plpgsql-check-dbgsym	2.10.10-1PGSTY~jammy	arm64	dbgsym	True
apt/jammy/extension-20260919/arm64/postgresql-18-plpgsql-check_2.10.10-1PGSTY~jammy_arm64.deb	postgresql-18-plpgsql-check	2.10.10-1PGSTY~jammy	arm64	main	True
apt/jammy/extension-20260919/arm64/postgresql-18-plprql-dbgsym_18.0.2-1PGSTY~jammy_arm64.ddeb	postgresql-18-plprql-dbgsym	18.0.2-1PGSTY~jammy	arm64	dbgsym	True
apt/jammy/extension-20260919/arm64/postgresql-18-plprql_18.0.2-1PGSTY~jammy_arm64.deb	postgresql-18-plprql	18.0.2-1PGSTY~jammy	arm64	main	True
apt/jammy/extension-20260919/arm64/postgresql-18-psql-bm25s-dbgsym_0.4.14-1PGSTY~jammy_arm64.ddeb	postgresql-18-psql-bm25s-dbgsym	0.4.14-1PGSTY~jammy	arm64	dbgsym	True
apt/jammy/extension-20260919/arm64/postgresql-18-psql-bm25s_0.4.14-1PGSTY~jammy_arm64.deb	postgresql-18-psql-bm25s	0.4.14-1PGSTY~jammy	arm64	main	True
apt/jammy/extension-20260919/arm64/postgresql-18-timescaledb-tsl-dbgsym_2.30.1-1PGSTY~jammy_arm64.ddeb	postgresql-18-timescaledb-tsl-dbgsym	2.30.1-1PGSTY~jammy	arm64	dbgsym	True
apt/jammy/extension-20260919/arm64/postgresql-18-timescaledb-tsl_2.30.1-1PGSTY~jammy_arm64.deb	postgresql-18-timescaledb-tsl	2.30.1-1PGSTY~jammy	arm64	main	True
apt/jammy/extension-20260919/arm64/postgresql-18-ulak-dbgsym_0.2.0-1PGSTY~jammy_arm64.ddeb	postgresql-18-ulak-dbgsym	0.2.0-1PGSTY~jammy	arm64	dbgsym	True
apt/jammy/extension-20260919/arm64/postgresql-18-ulak_0.2.0-1PGSTY~jammy_arm64.deb	postgresql-18-ulak	0.2.0-1PGSTY~jammy	arm64	main	True
apt/jammy/extension-20260919/arm64/postgresql-18-wrappers-dbgsym_0.6.3-1PGSTY~jammy_arm64.ddeb	postgresql-18-wrappers-dbgsym	0.6.3-1PGSTY~jammy	arm64	dbgsym	True
apt/jammy/extension-20260919/arm64/postgresql-18-wrappers_0.6.3-1PGSTY~jammy_arm64.deb	postgresql-18-wrappers	0.6.3-1PGSTY~jammy	arm64	main	True
apt/noble/extension-20260919/amd64/ivorysql-18-dbgsym_5.6-1PGSTY~noble_amd64.ddeb	ivorysql-18-dbgsym	5.6-1PGSTY~noble	amd64	dbgsym	True
apt/noble/extension-20260919/amd64/ivorysql-18_5.6-1PGSTY~noble_amd64.deb	ivorysql-18	5.6-1PGSTY~noble	amd64	main	True
apt/noble/extension-20260919/amd64/postgresql-14-ddlx_0.31-1PGSTY~noble_all.deb	postgresql-14-ddlx	0.31-1PGSTY~noble	all	main	True
apt/noble/extension-20260919/amd64/postgresql-14-jev_0.2.0-1PGSTY~noble_all.deb	postgresql-14-jev	0.2.0-1PGSTY~noble	all	main	True
apt/noble/extension-20260919/amd64/postgresql-14-log-fdw-dbgsym_1.5-1PGSTY~noble_amd64.ddeb	postgresql-14-log-fdw-dbgsym	1.5-1PGSTY~noble	amd64	dbgsym	True
apt/noble/extension-20260919/amd64/postgresql-14-log-fdw_1.5-1PGSTY~noble_amd64.deb	postgresql-14-log-fdw	1.5-1PGSTY~noble	amd64	main	True
apt/noble/extension-20260919/amd64/postgresql-14-nominatim-fdw-dbgsym_2.2.0-1PGSTY~noble_amd64.ddeb	postgresql-14-nominatim-fdw-dbgsym	2.2.0-1PGSTY~noble	amd64	dbgsym	True
apt/noble/extension-20260919/amd64/postgresql-14-nominatim-fdw_2.2.0-1PGSTY~noble_amd64.deb	postgresql-14-nominatim-fdw	2.2.0-1PGSTY~noble	amd64	main	True
apt/noble/extension-20260919/amd64/postgresql-14-pg-curl-dbgsym_2.4.6-1PGSTY~noble_amd64.ddeb	postgresql-14-pg-curl-dbgsym	2.4.6-1PGSTY~noble	amd64	dbgsym	True
apt/noble/extension-20260919/amd64/postgresql-14-pg-curl_2.4.6-1PGSTY~noble_amd64.deb	postgresql-14-pg-curl	2.4.6-1PGSTY~noble	amd64	main	True
apt/noble/extension-20260919/amd64/postgresql-14-pg-durable-dbgsym_0.2.8-1PGSTY~noble_amd64.ddeb	postgresql-14-pg-durable-dbgsym	0.2.8-1PGSTY~noble	amd64	dbgsym	True
apt/noble/extension-20260919/amd64/postgresql-14-pg-durable_0.2.8-1PGSTY~noble_amd64.deb	postgresql-14-pg-durable	0.2.8-1PGSTY~noble	amd64	main	True
apt/noble/extension-20260919/amd64/postgresql-14-pg-grammar-guard_0.4.1-1PGSTY~noble_all.deb	postgresql-14-pg-grammar-guard	0.4.1-1PGSTY~noble	all	main	True
apt/noble/extension-20260919/amd64/postgresql-14-pg-living-assertions_0.4.2-1PGSTY~noble_all.deb	postgresql-14-pg-living-assertions	0.4.2-1PGSTY~noble	all	main	True
apt/noble/extension-20260919/amd64/postgresql-14-pg-local-cache-dbgsym_2.0.4-1PGSTY~noble_amd64.ddeb	postgresql-14-pg-local-cache-dbgsym	2.0.4-1PGSTY~noble	amd64	dbgsym	True
apt/noble/extension-20260919/amd64/postgresql-14-pg-local-cache_2.0.4-1PGSTY~noble_amd64.deb	postgresql-14-pg-local-cache	2.0.4-1PGSTY~noble	amd64	main	True
apt/noble/extension-20260919/amd64/postgresql-14-pg-profile_4.16-1PGSTY~noble_all.deb	postgresql-14-pg-profile	4.16-1PGSTY~noble	all	main	True
apt/noble/extension-20260919/amd64/postgresql-14-pg-stat-monitor-dbgsym_2.4.0-1PGSTY~noble_amd64.ddeb	postgresql-14-pg-stat-monitor-dbgsym	2.4.0-1PGSTY~noble	amd64	dbgsym	True
apt/noble/extension-20260919/amd64/postgresql-14-pg-stat-monitor_2.4.0-1PGSTY~noble_amd64.deb	postgresql-14-pg-stat-monitor	2.4.0-1PGSTY~noble	amd64	main	True
apt/noble/extension-20260919/amd64/postgresql-14-pg-task-dbgsym_3.0.0-1PGSTY~noble_amd64.ddeb	postgresql-14-pg-task-dbgsym	3.0.0-1PGSTY~noble	amd64	dbgsym	True
apt/noble/extension-20260919/amd64/postgresql-14-pg-task_3.0.0-1PGSTY~noble_amd64.deb	postgresql-14-pg-task	3.0.0-1PGSTY~noble	amd64	main	True
apt/noble/extension-20260919/amd64/postgresql-14-pg-vectorize-dbgsym_0.27.1-1PGSTY~noble_amd64.ddeb	postgresql-14-pg-vectorize-dbgsym	0.27.1-1PGSTY~noble	amd64	dbgsym	True
apt/noble/extension-20260919/amd64/postgresql-14-pg-vectorize_0.27.1-1PGSTY~noble_amd64.deb	postgresql-14-pg-vectorize	0.27.1-1PGSTY~noble	amd64	main	True
apt/noble/extension-20260919/amd64/postgresql-14-pgmq_1.13.0-1PGSTY~noble_all.deb	postgresql-14-pgmq	1.13.0-1PGSTY~noble	all	main	True
apt/noble/extension-20260919/amd64/postgresql-14-pgrdf-dbgsym_0.6.36-1PGSTY~noble_amd64.ddeb	postgresql-14-pgrdf-dbgsym	0.6.36-1PGSTY~noble	amd64	dbgsym	True
apt/noble/extension-20260919/amd64/postgresql-14-pgrdf_0.6.36-1PGSTY~noble_amd64.deb	postgresql-14-pgrdf	0.6.36-1PGSTY~noble	amd64	main	True
apt/noble/extension-20260919/amd64/postgresql-14-plpgsql-check-dbgsym_2.10.10-1PGSTY~noble_amd64.ddeb	postgresql-14-plpgsql-check-dbgsym	2.10.10-1PGSTY~noble	amd64	dbgsym	True
apt/noble/extension-20260919/amd64/postgresql-14-plpgsql-check_2.10.10-1PGSTY~noble_amd64.deb	postgresql-14-plpgsql-check	2.10.10-1PGSTY~noble	amd64	main	True
apt/noble/extension-20260919/amd64/postgresql-14-plprql-dbgsym_18.0.2-1PGSTY~noble_amd64.ddeb	postgresql-14-plprql-dbgsym	18.0.2-1PGSTY~noble	amd64	dbgsym	True
apt/noble/extension-20260919/amd64/postgresql-14-plprql_18.0.2-1PGSTY~noble_amd64.deb	postgresql-14-plprql	18.0.2-1PGSTY~noble	amd64	main	True
apt/noble/extension-20260919/amd64/postgresql-14-ulak-dbgsym_0.2.0-1PGSTY~noble_amd64.ddeb	postgresql-14-ulak-dbgsym	0.2.0-1PGSTY~noble	amd64	dbgsym	True
apt/noble/extension-20260919/amd64/postgresql-14-ulak_0.2.0-1PGSTY~noble_amd64.deb	postgresql-14-ulak	0.2.0-1PGSTY~noble	amd64	main	True
apt/noble/extension-20260919/amd64/postgresql-14-wrappers-dbgsym_0.6.3-1PGSTY~noble_amd64.ddeb	postgresql-14-wrappers-dbgsym	0.6.3-1PGSTY~noble	amd64	dbgsym	True
apt/noble/extension-20260919/amd64/postgresql-14-wrappers_0.6.3-1PGSTY~noble_amd64.deb	postgresql-14-wrappers	0.6.3-1PGSTY~noble	amd64	main	True
apt/noble/extension-20260919/amd64/postgresql-15-ddlx_0.31-1PGSTY~noble_all.deb	postgresql-15-ddlx	0.31-1PGSTY~noble	all	main	True
apt/noble/extension-20260919/amd64/postgresql-15-documentdb-dbgsym_0.117-1PGSTY~noble_amd64.ddeb	postgresql-15-documentdb-dbgsym	0.117-1PGSTY~noble	amd64	dbgsym	True
apt/noble/extension-20260919/amd64/postgresql-15-documentdb_0.117-1PGSTY~noble_amd64.deb	postgresql-15-documentdb	0.117-1PGSTY~noble	amd64	main	True
apt/noble/extension-20260919/amd64/postgresql-15-jev_0.2.0-1PGSTY~noble_all.deb	postgresql-15-jev	0.2.0-1PGSTY~noble	all	main	True
apt/noble/extension-20260919/amd64/postgresql-15-log-fdw-dbgsym_1.5-1PGSTY~noble_amd64.ddeb	postgresql-15-log-fdw-dbgsym	1.5-1PGSTY~noble	amd64	dbgsym	True
apt/noble/extension-20260919/amd64/postgresql-15-log-fdw_1.5-1PGSTY~noble_amd64.deb	postgresql-15-log-fdw	1.5-1PGSTY~noble	amd64	main	True
apt/noble/extension-20260919/amd64/postgresql-15-nominatim-fdw-dbgsym_2.2.0-1PGSTY~noble_amd64.ddeb	postgresql-15-nominatim-fdw-dbgsym	2.2.0-1PGSTY~noble	amd64	dbgsym	True
apt/noble/extension-20260919/amd64/postgresql-15-nominatim-fdw_2.2.0-1PGSTY~noble_amd64.deb	postgresql-15-nominatim-fdw	2.2.0-1PGSTY~noble	amd64	main	True
apt/noble/extension-20260919/amd64/postgresql-15-pg-curl-dbgsym_2.4.6-1PGSTY~noble_amd64.ddeb	postgresql-15-pg-curl-dbgsym	2.4.6-1PGSTY~noble	amd64	dbgsym	True
apt/noble/extension-20260919/amd64/postgresql-15-pg-curl_2.4.6-1PGSTY~noble_amd64.deb	postgresql-15-pg-curl	2.4.6-1PGSTY~noble	amd64	main	True
apt/noble/extension-20260919/amd64/postgresql-15-pg-durable-dbgsym_0.2.8-1PGSTY~noble_amd64.ddeb	postgresql-15-pg-durable-dbgsym	0.2.8-1PGSTY~noble	amd64	dbgsym	True
apt/noble/extension-20260919/amd64/postgresql-15-pg-durable_0.2.8-1PGSTY~noble_amd64.deb	postgresql-15-pg-durable	0.2.8-1PGSTY~noble	amd64	main	True
apt/noble/extension-20260919/amd64/postgresql-15-pg-grammar-guard_0.4.1-1PGSTY~noble_all.deb	postgresql-15-pg-grammar-guard	0.4.1-1PGSTY~noble	all	main	True
apt/noble/extension-20260919/amd64/postgresql-15-pg-living-assertions_0.4.2-1PGSTY~noble_all.deb	postgresql-15-pg-living-assertions	0.4.2-1PGSTY~noble	all	main	True
apt/noble/extension-20260919/amd64/postgresql-15-pg-local-cache-dbgsym_2.0.4-1PGSTY~noble_amd64.ddeb	postgresql-15-pg-local-cache-dbgsym	2.0.4-1PGSTY~noble	amd64	dbgsym	True
apt/noble/extension-20260919/amd64/postgresql-15-pg-local-cache_2.0.4-1PGSTY~noble_amd64.deb	postgresql-15-pg-local-cache	2.0.4-1PGSTY~noble	amd64	main	True
apt/noble/extension-20260919/amd64/postgresql-15-pg-profile_4.16-1PGSTY~noble_all.deb	postgresql-15-pg-profile	4.16-1PGSTY~noble	all	main	True
apt/noble/extension-20260919/amd64/postgresql-15-pg-search-dbgsym_0.25.9-1PGSTY~noble_amd64.ddeb	postgresql-15-pg-search-dbgsym	0.25.9-1PGSTY~noble	amd64	dbgsym	True
apt/noble/extension-20260919/amd64/postgresql-15-pg-search_0.25.9-1PGSTY~noble_amd64.deb	postgresql-15-pg-search	0.25.9-1PGSTY~noble	amd64	main	True
apt/noble/extension-20260919/amd64/postgresql-15-pg-stat-monitor-dbgsym_2.4.0-1PGSTY~noble_amd64.ddeb	postgresql-15-pg-stat-monitor-dbgsym	2.4.0-1PGSTY~noble	amd64	dbgsym	True
apt/noble/extension-20260919/amd64/postgresql-15-pg-stat-monitor_2.4.0-1PGSTY~noble_amd64.deb	postgresql-15-pg-stat-monitor	2.4.0-1PGSTY~noble	amd64	main	True
apt/noble/extension-20260919/amd64/postgresql-15-pg-task-dbgsym_3.0.0-1PGSTY~noble_amd64.ddeb	postgresql-15-pg-task-dbgsym	3.0.0-1PGSTY~noble	amd64	dbgsym	True
apt/noble/extension-20260919/amd64/postgresql-15-pg-task_3.0.0-1PGSTY~noble_amd64.deb	postgresql-15-pg-task	3.0.0-1PGSTY~noble	amd64	main	True
apt/noble/extension-20260919/amd64/postgresql-15-pg-vectorize-dbgsym_0.27.1-1PGSTY~noble_amd64.ddeb	postgresql-15-pg-vectorize-dbgsym	0.27.1-1PGSTY~noble	amd64	dbgsym	True
apt/noble/extension-20260919/amd64/postgresql-15-pg-vectorize_0.27.1-1PGSTY~noble_amd64.deb	postgresql-15-pg-vectorize	0.27.1-1PGSTY~noble	amd64	main	True
apt/noble/extension-20260919/amd64/postgresql-15-pgmq_1.13.0-1PGSTY~noble_all.deb	postgresql-15-pgmq	1.13.0-1PGSTY~noble	all	main	True
apt/noble/extension-20260919/amd64/postgresql-15-pgrdf-dbgsym_0.6.36-1PGSTY~noble_amd64.ddeb	postgresql-15-pgrdf-dbgsym	0.6.36-1PGSTY~noble	amd64	dbgsym	True
apt/noble/extension-20260919/amd64/postgresql-15-pgrdf_0.6.36-1PGSTY~noble_amd64.deb	postgresql-15-pgrdf	0.6.36-1PGSTY~noble	amd64	main	True
apt/noble/extension-20260919/amd64/postgresql-15-plpgsql-check-dbgsym_2.10.10-1PGSTY~noble_amd64.ddeb	postgresql-15-plpgsql-check-dbgsym	2.10.10-1PGSTY~noble	amd64	dbgsym	True
apt/noble/extension-20260919/amd64/postgresql-15-plpgsql-check_2.10.10-1PGSTY~noble_amd64.deb	postgresql-15-plpgsql-check	2.10.10-1PGSTY~noble	amd64	main	True
apt/noble/extension-20260919/amd64/postgresql-15-plprql-dbgsym_18.0.2-1PGSTY~noble_amd64.ddeb	postgresql-15-plprql-dbgsym	18.0.2-1PGSTY~noble	amd64	dbgsym	True
apt/noble/extension-20260919/amd64/postgresql-15-plprql_18.0.2-1PGSTY~noble_amd64.deb	postgresql-15-plprql	18.0.2-1PGSTY~noble	amd64	main	True
apt/noble/extension-20260919/amd64/postgresql-15-ulak-dbgsym_0.2.0-1PGSTY~noble_amd64.ddeb	postgresql-15-ulak-dbgsym	0.2.0-1PGSTY~noble	amd64	dbgsym	True
apt/noble/extension-20260919/amd64/postgresql-15-ulak_0.2.0-1PGSTY~noble_amd64.deb	postgresql-15-ulak	0.2.0-1PGSTY~noble	amd64	main	True
apt/noble/extension-20260919/amd64/postgresql-15-wrappers-dbgsym_0.6.3-1PGSTY~noble_amd64.ddeb	postgresql-15-wrappers-dbgsym	0.6.3-1PGSTY~noble	amd64	dbgsym	True
apt/noble/extension-20260919/amd64/postgresql-15-wrappers_0.6.3-1PGSTY~noble_amd64.deb	postgresql-15-wrappers	0.6.3-1PGSTY~noble	amd64	main	True
apt/noble/extension-20260919/amd64/postgresql-16-biscuit-dbgsym_3.1.0-1PGSTY~noble_amd64.ddeb	postgresql-16-biscuit-dbgsym	3.1.0-1PGSTY~noble	amd64	dbgsym	True
apt/noble/extension-20260919/amd64/postgresql-16-biscuit_3.1.0-1PGSTY~noble_amd64.deb	postgresql-16-biscuit	3.1.0-1PGSTY~noble	amd64	main	True
apt/noble/extension-20260919/amd64/postgresql-16-ddlx_0.31-1PGSTY~noble_all.deb	postgresql-16-ddlx	0.31-1PGSTY~noble	all	main	True
apt/noble/extension-20260919/amd64/postgresql-16-documentdb-dbgsym_0.117-1PGSTY~noble_amd64.ddeb	postgresql-16-documentdb-dbgsym	0.117-1PGSTY~noble	amd64	dbgsym	True
apt/noble/extension-20260919/amd64/postgresql-16-documentdb_0.117-1PGSTY~noble_amd64.deb	postgresql-16-documentdb	0.117-1PGSTY~noble	amd64	main	True
apt/noble/extension-20260919/amd64/postgresql-16-jev_0.2.0-1PGSTY~noble_all.deb	postgresql-16-jev	0.2.0-1PGSTY~noble	all	main	True
apt/noble/extension-20260919/amd64/postgresql-16-kafgres-dbgsym_0.1.0-1PGSTY~noble_amd64.ddeb	postgresql-16-kafgres-dbgsym	0.1.0-1PGSTY~noble	amd64	dbgsym	True
apt/noble/extension-20260919/amd64/postgresql-16-kafgres_0.1.0-1PGSTY~noble_amd64.deb	postgresql-16-kafgres	0.1.0-1PGSTY~noble	amd64	main	True
apt/noble/extension-20260919/amd64/postgresql-16-log-fdw-dbgsym_1.5-1PGSTY~noble_amd64.ddeb	postgresql-16-log-fdw-dbgsym	1.5-1PGSTY~noble	amd64	dbgsym	True
apt/noble/extension-20260919/amd64/postgresql-16-log-fdw_1.5-1PGSTY~noble_amd64.deb	postgresql-16-log-fdw	1.5-1PGSTY~noble	amd64	main	True
apt/noble/extension-20260919/amd64/postgresql-16-macavity-dbgsym_0.1.0-1PGSTY~noble_amd64.ddeb	postgresql-16-macavity-dbgsym	0.1.0-1PGSTY~noble	amd64	dbgsym	True
apt/noble/extension-20260919/amd64/postgresql-16-macavity_0.1.0-1PGSTY~noble_amd64.deb	postgresql-16-macavity	0.1.0-1PGSTY~noble	amd64	main	True
apt/noble/extension-20260919/amd64/postgresql-16-nominatim-fdw-dbgsym_2.2.0-1PGSTY~noble_amd64.ddeb	postgresql-16-nominatim-fdw-dbgsym	2.2.0-1PGSTY~noble	amd64	dbgsym	True
apt/noble/extension-20260919/amd64/postgresql-16-nominatim-fdw_2.2.0-1PGSTY~noble_amd64.deb	postgresql-16-nominatim-fdw	2.2.0-1PGSTY~noble	amd64	main	True
apt/noble/extension-20260919/amd64/postgresql-16-pg-circuit-dbgsym_0.1.0-1PGSTY~noble_amd64.ddeb	postgresql-16-pg-circuit-dbgsym	0.1.0-1PGSTY~noble	amd64	dbgsym	True
apt/noble/extension-20260919/amd64/postgresql-16-pg-circuit_0.1.0-1PGSTY~noble_amd64.deb	postgresql-16-pg-circuit	0.1.0-1PGSTY~noble	amd64	main	True
apt/noble/extension-20260919/amd64/postgresql-16-pg-curl-dbgsym_2.4.6-1PGSTY~noble_amd64.ddeb	postgresql-16-pg-curl-dbgsym	2.4.6-1PGSTY~noble	amd64	dbgsym	True
apt/noble/extension-20260919/amd64/postgresql-16-pg-curl_2.4.6-1PGSTY~noble_amd64.deb	postgresql-16-pg-curl	2.4.6-1PGSTY~noble	amd64	main	True
apt/noble/extension-20260919/amd64/postgresql-16-pg-durable-dbgsym_0.2.8-1PGSTY~noble_amd64.ddeb	postgresql-16-pg-durable-dbgsym	0.2.8-1PGSTY~noble	amd64	dbgsym	True
apt/noble/extension-20260919/amd64/postgresql-16-pg-durable_0.2.8-1PGSTY~noble_amd64.deb	postgresql-16-pg-durable	0.2.8-1PGSTY~noble	amd64	main	True
apt/noble/extension-20260919/amd64/postgresql-16-pg-grammar-guard_0.4.1-1PGSTY~noble_all.deb	postgresql-16-pg-grammar-guard	0.4.1-1PGSTY~noble	all	main	True
apt/noble/extension-20260919/amd64/postgresql-16-pg-lake-dbgsym_3.5.1-1PGSTY~noble_amd64.ddeb	postgresql-16-pg-lake-dbgsym	3.5.1-1PGSTY~noble	amd64	dbgsym	True
apt/noble/extension-20260919/amd64/postgresql-16-pg-lake_3.5.1-1PGSTY~noble_amd64.deb	postgresql-16-pg-lake	3.5.1-1PGSTY~noble	amd64	main	True
apt/noble/extension-20260919/amd64/postgresql-16-pg-living-assertions_0.4.2-1PGSTY~noble_all.deb	postgresql-16-pg-living-assertions	0.4.2-1PGSTY~noble	all	main	True
apt/noble/extension-20260919/amd64/postgresql-16-pg-local-cache-dbgsym_2.0.4-1PGSTY~noble_amd64.ddeb	postgresql-16-pg-local-cache-dbgsym	2.0.4-1PGSTY~noble	amd64	dbgsym	True
apt/noble/extension-20260919/amd64/postgresql-16-pg-local-cache_2.0.4-1PGSTY~noble_amd64.deb	postgresql-16-pg-local-cache	2.0.4-1PGSTY~noble	amd64	main	True
apt/noble/extension-20260919/amd64/postgresql-16-pg-profile_4.16-1PGSTY~noble_all.deb	postgresql-16-pg-profile	4.16-1PGSTY~noble	all	main	True
apt/noble/extension-20260919/amd64/postgresql-16-pg-search-dbgsym_0.25.9-1PGSTY~noble_amd64.ddeb	postgresql-16-pg-search-dbgsym	0.25.9-1PGSTY~noble	amd64	dbgsym	True
apt/noble/extension-20260919/amd64/postgresql-16-pg-search_0.25.9-1PGSTY~noble_amd64.deb	postgresql-16-pg-search	0.25.9-1PGSTY~noble	amd64	main	True
apt/noble/extension-20260919/amd64/postgresql-16-pg-stat-monitor-dbgsym_2.4.0-1PGSTY~noble_amd64.ddeb	postgresql-16-pg-stat-monitor-dbgsym	2.4.0-1PGSTY~noble	amd64	dbgsym	True
apt/noble/extension-20260919/amd64/postgresql-16-pg-stat-monitor_2.4.0-1PGSTY~noble_amd64.deb	postgresql-16-pg-stat-monitor	2.4.0-1PGSTY~noble	amd64	main	True
apt/noble/extension-20260919/amd64/postgresql-16-pg-task-dbgsym_3.0.0-1PGSTY~noble_amd64.ddeb	postgresql-16-pg-task-dbgsym	3.0.0-1PGSTY~noble	amd64	dbgsym	True
apt/noble/extension-20260919/amd64/postgresql-16-pg-task_3.0.0-1PGSTY~noble_amd64.deb	postgresql-16-pg-task	3.0.0-1PGSTY~noble	amd64	main	True
apt/noble/extension-20260919/amd64/postgresql-16-pg-vectorize-dbgsym_0.27.1-1PGSTY~noble_amd64.ddeb	postgresql-16-pg-vectorize-dbgsym	0.27.1-1PGSTY~noble	amd64	dbgsym	True
apt/noble/extension-20260919/amd64/postgresql-16-pg-vectorize_0.27.1-1PGSTY~noble_amd64.deb	postgresql-16-pg-vectorize	0.27.1-1PGSTY~noble	amd64	main	True
apt/noble/extension-20260919/amd64/postgresql-16-pgmq_1.13.0-1PGSTY~noble_all.deb	postgresql-16-pgmq	1.13.0-1PGSTY~noble	all	main	True
apt/noble/extension-20260919/amd64/postgresql-16-pgrdf-dbgsym_0.6.36-1PGSTY~noble_amd64.ddeb	postgresql-16-pgrdf-dbgsym	0.6.36-1PGSTY~noble	amd64	dbgsym	True
apt/noble/extension-20260919/amd64/postgresql-16-pgrdf_0.6.36-1PGSTY~noble_amd64.deb	postgresql-16-pgrdf	0.6.36-1PGSTY~noble	amd64	main	True
apt/noble/extension-20260919/amd64/postgresql-16-plpgsql-check-dbgsym_2.10.10-1PGSTY~noble_amd64.ddeb	postgresql-16-plpgsql-check-dbgsym	2.10.10-1PGSTY~noble	amd64	dbgsym	True
apt/noble/extension-20260919/amd64/postgresql-16-plpgsql-check_2.10.10-1PGSTY~noble_amd64.deb	postgresql-16-plpgsql-check	2.10.10-1PGSTY~noble	amd64	main	True
apt/noble/extension-20260919/amd64/postgresql-16-plprql-dbgsym_18.0.2-1PGSTY~noble_amd64.ddeb	postgresql-16-plprql-dbgsym	18.0.2-1PGSTY~noble	amd64	dbgsym	True
apt/noble/extension-20260919/amd64/postgresql-16-plprql_18.0.2-1PGSTY~noble_amd64.deb	postgresql-16-plprql	18.0.2-1PGSTY~noble	amd64	main	True
apt/noble/extension-20260919/amd64/postgresql-16-timescaledb-tsl-dbgsym_2.30.1-1PGSTY~noble_amd64.ddeb	postgresql-16-timescaledb-tsl-dbgsym	2.30.1-1PGSTY~noble	amd64	dbgsym	True
apt/noble/extension-20260919/amd64/postgresql-16-timescaledb-tsl_2.30.1-1PGSTY~noble_amd64.deb	postgresql-16-timescaledb-tsl	2.30.1-1PGSTY~noble	amd64	main	True
apt/noble/extension-20260919/amd64/postgresql-16-ulak-dbgsym_0.2.0-1PGSTY~noble_amd64.ddeb	postgresql-16-ulak-dbgsym	0.2.0-1PGSTY~noble	amd64	dbgsym	True
apt/noble/extension-20260919/amd64/postgresql-16-ulak_0.2.0-1PGSTY~noble_amd64.deb	postgresql-16-ulak	0.2.0-1PGSTY~noble	amd64	main	True
apt/noble/extension-20260919/amd64/postgresql-16-wrappers-dbgsym_0.6.3-1PGSTY~noble_amd64.ddeb	postgresql-16-wrappers-dbgsym	0.6.3-1PGSTY~noble	amd64	dbgsym	True
apt/noble/extension-20260919/amd64/postgresql-16-wrappers_0.6.3-1PGSTY~noble_amd64.deb	postgresql-16-wrappers	0.6.3-1PGSTY~noble	amd64	main	True
apt/noble/extension-20260919/amd64/postgresql-17-biscuit-dbgsym_3.1.0-1PGSTY~noble_amd64.ddeb	postgresql-17-biscuit-dbgsym	3.1.0-1PGSTY~noble	amd64	dbgsym	True
apt/noble/extension-20260919/amd64/postgresql-17-biscuit_3.1.0-1PGSTY~noble_amd64.deb	postgresql-17-biscuit	3.1.0-1PGSTY~noble	amd64	main	True
apt/noble/extension-20260919/amd64/postgresql-17-ddlx_0.31-1PGSTY~noble_all.deb	postgresql-17-ddlx	0.31-1PGSTY~noble	all	main	True
apt/noble/extension-20260919/amd64/postgresql-17-documentdb-dbgsym_0.117-1PGSTY~noble_amd64.ddeb	postgresql-17-documentdb-dbgsym	0.117-1PGSTY~noble	amd64	dbgsym	True
apt/noble/extension-20260919/amd64/postgresql-17-documentdb_0.117-1PGSTY~noble_amd64.deb	postgresql-17-documentdb	0.117-1PGSTY~noble	amd64	main	True
apt/noble/extension-20260919/amd64/postgresql-17-jev_0.2.0-1PGSTY~noble_all.deb	postgresql-17-jev	0.2.0-1PGSTY~noble	all	main	True
apt/noble/extension-20260919/amd64/postgresql-17-log-fdw-dbgsym_1.5-1PGSTY~noble_amd64.ddeb	postgresql-17-log-fdw-dbgsym	1.5-1PGSTY~noble	amd64	dbgsym	True
apt/noble/extension-20260919/amd64/postgresql-17-log-fdw_1.5-1PGSTY~noble_amd64.deb	postgresql-17-log-fdw	1.5-1PGSTY~noble	amd64	main	True
apt/noble/extension-20260919/amd64/postgresql-17-macavity-dbgsym_0.1.0-1PGSTY~noble_amd64.ddeb	postgresql-17-macavity-dbgsym	0.1.0-1PGSTY~noble	amd64	dbgsym	True
apt/noble/extension-20260919/amd64/postgresql-17-macavity_0.1.0-1PGSTY~noble_amd64.deb	postgresql-17-macavity	0.1.0-1PGSTY~noble	amd64	main	True
apt/noble/extension-20260919/amd64/postgresql-17-nominatim-fdw-dbgsym_2.2.0-1PGSTY~noble_amd64.ddeb	postgresql-17-nominatim-fdw-dbgsym	2.2.0-1PGSTY~noble	amd64	dbgsym	True
apt/noble/extension-20260919/amd64/postgresql-17-nominatim-fdw_2.2.0-1PGSTY~noble_amd64.deb	postgresql-17-nominatim-fdw	2.2.0-1PGSTY~noble	amd64	main	True
apt/noble/extension-20260919/amd64/postgresql-17-pg-circuit-dbgsym_0.1.0-1PGSTY~noble_amd64.ddeb	postgresql-17-pg-circuit-dbgsym	0.1.0-1PGSTY~noble	amd64	dbgsym	True
apt/noble/extension-20260919/amd64/postgresql-17-pg-circuit_0.1.0-1PGSTY~noble_amd64.deb	postgresql-17-pg-circuit	0.1.0-1PGSTY~noble	amd64	main	True
apt/noble/extension-20260919/amd64/postgresql-17-pg-curl-dbgsym_2.4.6-1PGSTY~noble_amd64.ddeb	postgresql-17-pg-curl-dbgsym	2.4.6-1PGSTY~noble	amd64	dbgsym	True
apt/noble/extension-20260919/amd64/postgresql-17-pg-curl_2.4.6-1PGSTY~noble_amd64.deb	postgresql-17-pg-curl	2.4.6-1PGSTY~noble	amd64	main	True
apt/noble/extension-20260919/amd64/postgresql-17-pg-durable-dbgsym_0.2.8-1PGSTY~noble_amd64.ddeb	postgresql-17-pg-durable-dbgsym	0.2.8-1PGSTY~noble	amd64	dbgsym	True
apt/noble/extension-20260919/amd64/postgresql-17-pg-durable_0.2.8-1PGSTY~noble_amd64.deb	postgresql-17-pg-durable	0.2.8-1PGSTY~noble	amd64	main	True
apt/noble/extension-20260919/amd64/postgresql-17-pg-fts-dbgsym_1.8.3-1PGSTY~noble_amd64.ddeb	postgresql-17-pg-fts-dbgsym	1.8.3-1PGSTY~noble	amd64	dbgsym	True
apt/noble/extension-20260919/amd64/postgresql-17-pg-fts_1.8.3-1PGSTY~noble_amd64.deb	postgresql-17-pg-fts	1.8.3-1PGSTY~noble	amd64	main	True
apt/noble/extension-20260919/amd64/postgresql-17-pg-grammar-guard_0.4.1-1PGSTY~noble_all.deb	postgresql-17-pg-grammar-guard	0.4.1-1PGSTY~noble	all	main	True
apt/noble/extension-20260919/amd64/postgresql-17-pg-lake-dbgsym_3.5.1-1PGSTY~noble_amd64.ddeb	postgresql-17-pg-lake-dbgsym	3.5.1-1PGSTY~noble	amd64	dbgsym	True
apt/noble/extension-20260919/amd64/postgresql-17-pg-lake_3.5.1-1PGSTY~noble_amd64.deb	postgresql-17-pg-lake	3.5.1-1PGSTY~noble	amd64	main	True
apt/noble/extension-20260919/amd64/postgresql-17-pg-living-assertions_0.4.2-1PGSTY~noble_all.deb	postgresql-17-pg-living-assertions	0.4.2-1PGSTY~noble	all	main	True
apt/noble/extension-20260919/amd64/postgresql-17-pg-local-cache-dbgsym_2.0.4-1PGSTY~noble_amd64.ddeb	postgresql-17-pg-local-cache-dbgsym	2.0.4-1PGSTY~noble	amd64	dbgsym	True
apt/noble/extension-20260919/amd64/postgresql-17-pg-local-cache_2.0.4-1PGSTY~noble_amd64.deb	postgresql-17-pg-local-cache	2.0.4-1PGSTY~noble	amd64	main	True
apt/noble/extension-20260919/amd64/postgresql-17-pg-profile_4.16-1PGSTY~noble_all.deb	postgresql-17-pg-profile	4.16-1PGSTY~noble	all	main	True
apt/noble/extension-20260919/amd64/postgresql-17-pg-search-dbgsym_0.25.9-1PGSTY~noble_amd64.ddeb	postgresql-17-pg-search-dbgsym	0.25.9-1PGSTY~noble	amd64	dbgsym	True
apt/noble/extension-20260919/amd64/postgresql-17-pg-search_0.25.9-1PGSTY~noble_amd64.deb	postgresql-17-pg-search	0.25.9-1PGSTY~noble	amd64	main	True
apt/noble/extension-20260919/amd64/postgresql-17-pg-stat-monitor-dbgsym_2.4.0-1PGSTY~noble_amd64.ddeb	postgresql-17-pg-stat-monitor-dbgsym	2.4.0-1PGSTY~noble	amd64	dbgsym	True
apt/noble/extension-20260919/amd64/postgresql-17-pg-stat-monitor_2.4.0-1PGSTY~noble_amd64.deb	postgresql-17-pg-stat-monitor	2.4.0-1PGSTY~noble	amd64	main	True
apt/noble/extension-20260919/amd64/postgresql-17-pg-task-dbgsym_3.0.0-1PGSTY~noble_amd64.ddeb	postgresql-17-pg-task-dbgsym	3.0.0-1PGSTY~noble	amd64	dbgsym	True
apt/noble/extension-20260919/amd64/postgresql-17-pg-task_3.0.0-1PGSTY~noble_amd64.deb	postgresql-17-pg-task	3.0.0-1PGSTY~noble	amd64	main	True
apt/noble/extension-20260919/amd64/postgresql-17-pg-vault-tde-dbgsym_1.7.1-1PGSTY~noble_amd64.ddeb	postgresql-17-pg-vault-tde-dbgsym	1.7.1-1PGSTY~noble	amd64	dbgsym	True
apt/noble/extension-20260919/amd64/postgresql-17-pg-vault-tde_1.7.1-1PGSTY~noble_amd64.deb	postgresql-17-pg-vault-tde	1.7.1-1PGSTY~noble	amd64	main	True
apt/noble/extension-20260919/amd64/postgresql-17-pg-vectorize-dbgsym_0.27.1-1PGSTY~noble_amd64.ddeb	postgresql-17-pg-vectorize-dbgsym	0.27.1-1PGSTY~noble	amd64	dbgsym	True
apt/noble/extension-20260919/amd64/postgresql-17-pg-vectorize_0.27.1-1PGSTY~noble_amd64.deb	postgresql-17-pg-vectorize	0.27.1-1PGSTY~noble	amd64	main	True
apt/noble/extension-20260919/amd64/postgresql-17-pgmq_1.13.0-1PGSTY~noble_all.deb	postgresql-17-pgmq	1.13.0-1PGSTY~noble	all	main	True
apt/noble/extension-20260919/amd64/postgresql-17-pgrdf-dbgsym_0.6.36-1PGSTY~noble_amd64.ddeb	postgresql-17-pgrdf-dbgsym	0.6.36-1PGSTY~noble	amd64	dbgsym	True
apt/noble/extension-20260919/amd64/postgresql-17-pgrdf_0.6.36-1PGSTY~noble_amd64.deb	postgresql-17-pgrdf	0.6.36-1PGSTY~noble	amd64	main	True
apt/noble/extension-20260919/amd64/postgresql-17-plpgsql-check-dbgsym_2.10.10-1PGSTY~noble_amd64.ddeb	postgresql-17-plpgsql-check-dbgsym	2.10.10-1PGSTY~noble	amd64	dbgsym	True
apt/noble/extension-20260919/amd64/postgresql-17-plpgsql-check_2.10.10-1PGSTY~noble_amd64.deb	postgresql-17-plpgsql-check	2.10.10-1PGSTY~noble	amd64	main	True
apt/noble/extension-20260919/amd64/postgresql-17-plprql-dbgsym_18.0.2-1PGSTY~noble_amd64.ddeb	postgresql-17-plprql-dbgsym	18.0.2-1PGSTY~noble	amd64	dbgsym	True
apt/noble/extension-20260919/amd64/postgresql-17-plprql_18.0.2-1PGSTY~noble_amd64.deb	postgresql-17-plprql	18.0.2-1PGSTY~noble	amd64	main	True
apt/noble/extension-20260919/amd64/postgresql-17-psql-bm25s-dbgsym_0.4.14-1PGSTY~noble_amd64.ddeb	postgresql-17-psql-bm25s-dbgsym	0.4.14-1PGSTY~noble	amd64	dbgsym	True
apt/noble/extension-20260919/amd64/postgresql-17-psql-bm25s_0.4.14-1PGSTY~noble_amd64.deb	postgresql-17-psql-bm25s	0.4.14-1PGSTY~noble	amd64	main	True
apt/noble/extension-20260919/amd64/postgresql-17-timescaledb-tsl-dbgsym_2.30.1-1PGSTY~noble_amd64.ddeb	postgresql-17-timescaledb-tsl-dbgsym	2.30.1-1PGSTY~noble	amd64	dbgsym	True
apt/noble/extension-20260919/amd64/postgresql-17-timescaledb-tsl_2.30.1-1PGSTY~noble_amd64.deb	postgresql-17-timescaledb-tsl	2.30.1-1PGSTY~noble	amd64	main	True
apt/noble/extension-20260919/amd64/postgresql-17-ulak-dbgsym_0.2.0-1PGSTY~noble_amd64.ddeb	postgresql-17-ulak-dbgsym	0.2.0-1PGSTY~noble	amd64	dbgsym	True
apt/noble/extension-20260919/amd64/postgresql-17-ulak_0.2.0-1PGSTY~noble_amd64.deb	postgresql-17-ulak	0.2.0-1PGSTY~noble	amd64	main	True
apt/noble/extension-20260919/amd64/postgresql-17-wrappers-dbgsym_0.6.3-1PGSTY~noble_amd64.ddeb	postgresql-17-wrappers-dbgsym	0.6.3-1PGSTY~noble	amd64	dbgsym	True
apt/noble/extension-20260919/amd64/postgresql-17-wrappers_0.6.3-1PGSTY~noble_amd64.deb	postgresql-17-wrappers	0.6.3-1PGSTY~noble	amd64	main	True
apt/noble/extension-20260919/amd64/postgresql-18-biscuit-dbgsym_3.1.0-1PGSTY~noble_amd64.ddeb	postgresql-18-biscuit-dbgsym	3.1.0-1PGSTY~noble	amd64	dbgsym	True
apt/noble/extension-20260919/amd64/postgresql-18-biscuit_3.1.0-1PGSTY~noble_amd64.deb	postgresql-18-biscuit	3.1.0-1PGSTY~noble	amd64	main	True
apt/noble/extension-20260919/amd64/postgresql-18-ddlx_0.31-1PGSTY~noble_all.deb	postgresql-18-ddlx	0.31-1PGSTY~noble	all	main	True
apt/noble/extension-20260919/amd64/postgresql-18-documentdb-dbgsym_0.117-1PGSTY~noble_amd64.ddeb	postgresql-18-documentdb-dbgsym	0.117-1PGSTY~noble	amd64	dbgsym	True
apt/noble/extension-20260919/amd64/postgresql-18-documentdb_0.117-1PGSTY~noble_amd64.deb	postgresql-18-documentdb	0.117-1PGSTY~noble	amd64	main	True
apt/noble/extension-20260919/amd64/postgresql-18-log-fdw-dbgsym_1.5-1PGSTY~noble_amd64.ddeb	postgresql-18-log-fdw-dbgsym	1.5-1PGSTY~noble	amd64	dbgsym	True
apt/noble/extension-20260919/amd64/postgresql-18-log-fdw_1.5-1PGSTY~noble_amd64.deb	postgresql-18-log-fdw	1.5-1PGSTY~noble	amd64	main	True
apt/noble/extension-20260919/amd64/postgresql-18-macavity-dbgsym_0.1.0-1PGSTY~noble_amd64.ddeb	postgresql-18-macavity-dbgsym	0.1.0-1PGSTY~noble	amd64	dbgsym	True
apt/noble/extension-20260919/amd64/postgresql-18-macavity_0.1.0-1PGSTY~noble_amd64.deb	postgresql-18-macavity	0.1.0-1PGSTY~noble	amd64	main	True
apt/noble/extension-20260919/amd64/postgresql-18-nominatim-fdw-dbgsym_2.2.0-1PGSTY~noble_amd64.ddeb	postgresql-18-nominatim-fdw-dbgsym	2.2.0-1PGSTY~noble	amd64	dbgsym	True
apt/noble/extension-20260919/amd64/postgresql-18-nominatim-fdw_2.2.0-1PGSTY~noble_amd64.deb	postgresql-18-nominatim-fdw	2.2.0-1PGSTY~noble	amd64	main	True
apt/noble/extension-20260919/amd64/postgresql-18-pg-circuit-dbgsym_0.1.0-1PGSTY~noble_amd64.ddeb	postgresql-18-pg-circuit-dbgsym	0.1.0-1PGSTY~noble	amd64	dbgsym	True
apt/noble/extension-20260919/amd64/postgresql-18-pg-circuit_0.1.0-1PGSTY~noble_amd64.deb	postgresql-18-pg-circuit	0.1.0-1PGSTY~noble	amd64	main	True
apt/noble/extension-20260919/amd64/postgresql-18-pg-curl-dbgsym_2.4.6-1PGSTY~noble_amd64.ddeb	postgresql-18-pg-curl-dbgsym	2.4.6-1PGSTY~noble	amd64	dbgsym	True
apt/noble/extension-20260919/amd64/postgresql-18-pg-curl_2.4.6-1PGSTY~noble_amd64.deb	postgresql-18-pg-curl	2.4.6-1PGSTY~noble	amd64	main	True
apt/noble/extension-20260919/amd64/postgresql-18-pg-durable-dbgsym_0.2.8-1PGSTY~noble_amd64.ddeb	postgresql-18-pg-durable-dbgsym	0.2.8-1PGSTY~noble	amd64	dbgsym	True
apt/noble/extension-20260919/amd64/postgresql-18-pg-durable_0.2.8-1PGSTY~noble_amd64.deb	postgresql-18-pg-durable	0.2.8-1PGSTY~noble	amd64	main	True
apt/noble/extension-20260919/amd64/postgresql-18-pg-fts-dbgsym_1.8.3-1PGSTY~noble_amd64.ddeb	postgresql-18-pg-fts-dbgsym	1.8.3-1PGSTY~noble	amd64	dbgsym	True
apt/noble/extension-20260919/amd64/postgresql-18-pg-fts_1.8.3-1PGSTY~noble_amd64.deb	postgresql-18-pg-fts	1.8.3-1PGSTY~noble	amd64	main	True
apt/noble/extension-20260919/amd64/postgresql-18-pg-grammar-guard_0.4.1-1PGSTY~noble_all.deb	postgresql-18-pg-grammar-guard	0.4.1-1PGSTY~noble	all	main	True
apt/noble/extension-20260919/amd64/postgresql-18-pg-lake-dbgsym_3.5.1-1PGSTY~noble_amd64.ddeb	postgresql-18-pg-lake-dbgsym	3.5.1-1PGSTY~noble	amd64	dbgsym	True
apt/noble/extension-20260919/amd64/postgresql-18-pg-lake_3.5.1-1PGSTY~noble_amd64.deb	postgresql-18-pg-lake	3.5.1-1PGSTY~noble	amd64	main	True
apt/noble/extension-20260919/amd64/postgresql-18-pg-living-assertions_0.4.2-1PGSTY~noble_all.deb	postgresql-18-pg-living-assertions	0.4.2-1PGSTY~noble	all	main	True
apt/noble/extension-20260919/amd64/postgresql-18-pg-local-cache-dbgsym_2.0.4-1PGSTY~noble_amd64.ddeb	postgresql-18-pg-local-cache-dbgsym	2.0.4-1PGSTY~noble	amd64	dbgsym	True
apt/noble/extension-20260919/amd64/postgresql-18-pg-local-cache_2.0.4-1PGSTY~noble_amd64.deb	postgresql-18-pg-local-cache	2.0.4-1PGSTY~noble	amd64	main	True
apt/noble/extension-20260919/amd64/postgresql-18-pg-profile_4.16-1PGSTY~noble_all.deb	postgresql-18-pg-profile	4.16-1PGSTY~noble	all	main	True
apt/noble/extension-20260919/amd64/postgresql-18-pg-search-dbgsym_0.25.9-1PGSTY~noble_amd64.ddeb	postgresql-18-pg-search-dbgsym	0.25.9-1PGSTY~noble	amd64	dbgsym	True
apt/noble/extension-20260919/amd64/postgresql-18-pg-search_0.25.9-1PGSTY~noble_amd64.deb	postgresql-18-pg-search	0.25.9-1PGSTY~noble	amd64	main	True
apt/noble/extension-20260919/amd64/postgresql-18-pg-stat-monitor-dbgsym_2.4.0-1PGSTY~noble_amd64.ddeb	postgresql-18-pg-stat-monitor-dbgsym	2.4.0-1PGSTY~noble	amd64	dbgsym	True
apt/noble/extension-20260919/amd64/postgresql-18-pg-stat-monitor_2.4.0-1PGSTY~noble_amd64.deb	postgresql-18-pg-stat-monitor	2.4.0-1PGSTY~noble	amd64	main	True
apt/noble/extension-20260919/amd64/postgresql-18-pg-task-dbgsym_3.0.0-1PGSTY~noble_amd64.ddeb	postgresql-18-pg-task-dbgsym	3.0.0-1PGSTY~noble	amd64	dbgsym	True
apt/noble/extension-20260919/amd64/postgresql-18-pg-task_3.0.0-1PGSTY~noble_amd64.deb	postgresql-18-pg-task	3.0.0-1PGSTY~noble	amd64	main	True
apt/noble/extension-20260919/amd64/postgresql-18-pg-trickle-dbgsym_0.107.0-1PGSTY~noble_amd64.ddeb	postgresql-18-pg-trickle-dbgsym	0.107.0-1PGSTY~noble	amd64	dbgsym	True
apt/noble/extension-20260919/amd64/postgresql-18-pg-trickle_0.107.0-1PGSTY~noble_amd64.deb	postgresql-18-pg-trickle	0.107.0-1PGSTY~noble	amd64	main	True
apt/noble/extension-20260919/amd64/postgresql-18-pg-vault-tde-dbgsym_1.7.1-1PGSTY~noble_amd64.ddeb	postgresql-18-pg-vault-tde-dbgsym	1.7.1-1PGSTY~noble	amd64	dbgsym	True
apt/noble/extension-20260919/amd64/postgresql-18-pg-vault-tde_1.7.1-1PGSTY~noble_amd64.deb	postgresql-18-pg-vault-tde	1.7.1-1PGSTY~noble	amd64	main	True
apt/noble/extension-20260919/amd64/postgresql-18-pg-vectorize-dbgsym_0.27.1-1PGSTY~noble_amd64.ddeb	postgresql-18-pg-vectorize-dbgsym	0.27.1-1PGSTY~noble	amd64	dbgsym	True
apt/noble/extension-20260919/amd64/postgresql-18-pg-vectorize_0.27.1-1PGSTY~noble_amd64.deb	postgresql-18-pg-vectorize	0.27.1-1PGSTY~noble	amd64	main	True
apt/noble/extension-20260919/amd64/postgresql-18-pgmq_1.13.0-1PGSTY~noble_all.deb	postgresql-18-pgmq	1.13.0-1PGSTY~noble	all	main	True
apt/noble/extension-20260919/amd64/postgresql-18-pgrdf-dbgsym_0.6.36-1PGSTY~noble_amd64.ddeb	postgresql-18-pgrdf-dbgsym	0.6.36-1PGSTY~noble	amd64	dbgsym	True
apt/noble/extension-20260919/amd64/postgresql-18-pgrdf_0.6.36-1PGSTY~noble_amd64.deb	postgresql-18-pgrdf	0.6.36-1PGSTY~noble	amd64	main	True
apt/noble/extension-20260919/amd64/postgresql-18-plpgsql-check-dbgsym_2.10.10-1PGSTY~noble_amd64.ddeb	postgresql-18-plpgsql-check-dbgsym	2.10.10-1PGSTY~noble	amd64	dbgsym	True
apt/noble/extension-20260919/amd64/postgresql-18-plpgsql-check_2.10.10-1PGSTY~noble_amd64.deb	postgresql-18-plpgsql-check	2.10.10-1PGSTY~noble	amd64	main	True
apt/noble/extension-20260919/amd64/postgresql-18-plprql-dbgsym_18.0.2-1PGSTY~noble_amd64.ddeb	postgresql-18-plprql-dbgsym	18.0.2-1PGSTY~noble	amd64	dbgsym	True
apt/noble/extension-20260919/amd64/postgresql-18-plprql_18.0.2-1PGSTY~noble_amd64.deb	postgresql-18-plprql	18.0.2-1PGSTY~noble	amd64	main	True
apt/noble/extension-20260919/amd64/postgresql-18-psql-bm25s-dbgsym_0.4.14-1PGSTY~noble_amd64.ddeb	postgresql-18-psql-bm25s-dbgsym	0.4.14-1PGSTY~noble	amd64	dbgsym	True
apt/noble/extension-20260919/amd64/postgresql-18-psql-bm25s_0.4.14-1PGSTY~noble_amd64.deb	postgresql-18-psql-bm25s	0.4.14-1PGSTY~noble	amd64	main	True
apt/noble/extension-20260919/amd64/postgresql-18-timescaledb-tsl-dbgsym_2.30.1-1PGSTY~noble_amd64.ddeb	postgresql-18-timescaledb-tsl-dbgsym	2.30.1-1PGSTY~noble	amd64	dbgsym	True
apt/noble/extension-20260919/amd64/postgresql-18-timescaledb-tsl_2.30.1-1PGSTY~noble_amd64.deb	postgresql-18-timescaledb-tsl	2.30.1-1PGSTY~noble	amd64	main	True
apt/noble/extension-20260919/amd64/postgresql-18-ulak-dbgsym_0.2.0-1PGSTY~noble_amd64.ddeb	postgresql-18-ulak-dbgsym	0.2.0-1PGSTY~noble	amd64	dbgsym	True
apt/noble/extension-20260919/amd64/postgresql-18-ulak_0.2.0-1PGSTY~noble_amd64.deb	postgresql-18-ulak	0.2.0-1PGSTY~noble	amd64	main	True
apt/noble/extension-20260919/amd64/postgresql-18-wrappers-dbgsym_0.6.3-1PGSTY~noble_amd64.ddeb	postgresql-18-wrappers-dbgsym	0.6.3-1PGSTY~noble	amd64	dbgsym	True
apt/noble/extension-20260919/amd64/postgresql-18-wrappers_0.6.3-1PGSTY~noble_amd64.deb	postgresql-18-wrappers	0.6.3-1PGSTY~noble	amd64	main	True
apt/noble/extension-20260919/arm64/ivorysql-18-dbgsym_5.6-1PGSTY~noble_arm64.ddeb	ivorysql-18-dbgsym	5.6-1PGSTY~noble	arm64	dbgsym	True
apt/noble/extension-20260919/arm64/ivorysql-18_5.6-1PGSTY~noble_arm64.deb	ivorysql-18	5.6-1PGSTY~noble	arm64	main	True
apt/noble/extension-20260919/arm64/postgresql-14-ddlx_0.31-1PGSTY~noble_all.deb	postgresql-14-ddlx	0.31-1PGSTY~noble	all	main	True
apt/noble/extension-20260919/arm64/postgresql-14-jev_0.2.0-1PGSTY~noble_all.deb	postgresql-14-jev	0.2.0-1PGSTY~noble	all	main	True
apt/noble/extension-20260919/arm64/postgresql-14-log-fdw-dbgsym_1.5-1PGSTY~noble_arm64.ddeb	postgresql-14-log-fdw-dbgsym	1.5-1PGSTY~noble	arm64	dbgsym	True
apt/noble/extension-20260919/arm64/postgresql-14-log-fdw_1.5-1PGSTY~noble_arm64.deb	postgresql-14-log-fdw	1.5-1PGSTY~noble	arm64	main	True
apt/noble/extension-20260919/arm64/postgresql-14-nominatim-fdw-dbgsym_2.2.0-1PGSTY~noble_arm64.ddeb	postgresql-14-nominatim-fdw-dbgsym	2.2.0-1PGSTY~noble	arm64	dbgsym	True
apt/noble/extension-20260919/arm64/postgresql-14-nominatim-fdw_2.2.0-1PGSTY~noble_arm64.deb	postgresql-14-nominatim-fdw	2.2.0-1PGSTY~noble	arm64	main	True
apt/noble/extension-20260919/arm64/postgresql-14-pg-curl-dbgsym_2.4.6-1PGSTY~noble_arm64.ddeb	postgresql-14-pg-curl-dbgsym	2.4.6-1PGSTY~noble	arm64	dbgsym	True
apt/noble/extension-20260919/arm64/postgresql-14-pg-curl_2.4.6-1PGSTY~noble_arm64.deb	postgresql-14-pg-curl	2.4.6-1PGSTY~noble	arm64	main	True
apt/noble/extension-20260919/arm64/postgresql-14-pg-durable-dbgsym_0.2.8-1PGSTY~noble_arm64.ddeb	postgresql-14-pg-durable-dbgsym	0.2.8-1PGSTY~noble	arm64	dbgsym	True
apt/noble/extension-20260919/arm64/postgresql-14-pg-durable_0.2.8-1PGSTY~noble_arm64.deb	postgresql-14-pg-durable	0.2.8-1PGSTY~noble	arm64	main	True
apt/noble/extension-20260919/arm64/postgresql-14-pg-grammar-guard_0.4.1-1PGSTY~noble_all.deb	postgresql-14-pg-grammar-guard	0.4.1-1PGSTY~noble	all	main	True
apt/noble/extension-20260919/arm64/postgresql-14-pg-living-assertions_0.4.2-1PGSTY~noble_all.deb	postgresql-14-pg-living-assertions	0.4.2-1PGSTY~noble	all	main	True
apt/noble/extension-20260919/arm64/postgresql-14-pg-local-cache-dbgsym_2.0.4-1PGSTY~noble_arm64.ddeb	postgresql-14-pg-local-cache-dbgsym	2.0.4-1PGSTY~noble	arm64	dbgsym	True
apt/noble/extension-20260919/arm64/postgresql-14-pg-local-cache_2.0.4-1PGSTY~noble_arm64.deb	postgresql-14-pg-local-cache	2.0.4-1PGSTY~noble	arm64	main	True
apt/noble/extension-20260919/arm64/postgresql-14-pg-profile_4.16-1PGSTY~noble_all.deb	postgresql-14-pg-profile	4.16-1PGSTY~noble	all	main	True
apt/noble/extension-20260919/arm64/postgresql-14-pg-stat-monitor-dbgsym_2.4.0-1PGSTY~noble_arm64.ddeb	postgresql-14-pg-stat-monitor-dbgsym	2.4.0-1PGSTY~noble	arm64	dbgsym	True
apt/noble/extension-20260919/arm64/postgresql-14-pg-stat-monitor_2.4.0-1PGSTY~noble_arm64.deb	postgresql-14-pg-stat-monitor	2.4.0-1PGSTY~noble	arm64	main	True
apt/noble/extension-20260919/arm64/postgresql-14-pg-task-dbgsym_3.0.0-1PGSTY~noble_arm64.ddeb	postgresql-14-pg-task-dbgsym	3.0.0-1PGSTY~noble	arm64	dbgsym	True
apt/noble/extension-20260919/arm64/postgresql-14-pg-task_3.0.0-1PGSTY~noble_arm64.deb	postgresql-14-pg-task	3.0.0-1PGSTY~noble	arm64	main	True
apt/noble/extension-20260919/arm64/postgresql-14-pg-vectorize-dbgsym_0.27.1-1PGSTY~noble_arm64.ddeb	postgresql-14-pg-vectorize-dbgsym	0.27.1-1PGSTY~noble	arm64	dbgsym	True
apt/noble/extension-20260919/arm64/postgresql-14-pg-vectorize_0.27.1-1PGSTY~noble_arm64.deb	postgresql-14-pg-vectorize	0.27.1-1PGSTY~noble	arm64	main	True
apt/noble/extension-20260919/arm64/postgresql-14-pgmq_1.13.0-1PGSTY~noble_all.deb	postgresql-14-pgmq	1.13.0-1PGSTY~noble	all	main	True
apt/noble/extension-20260919/arm64/postgresql-14-pgrdf-dbgsym_0.6.36-1PGSTY~noble_arm64.ddeb	postgresql-14-pgrdf-dbgsym	0.6.36-1PGSTY~noble	arm64	dbgsym	True
apt/noble/extension-20260919/arm64/postgresql-14-pgrdf_0.6.36-1PGSTY~noble_arm64.deb	postgresql-14-pgrdf	0.6.36-1PGSTY~noble	arm64	main	True
apt/noble/extension-20260919/arm64/postgresql-14-plpgsql-check-dbgsym_2.10.10-1PGSTY~noble_arm64.ddeb	postgresql-14-plpgsql-check-dbgsym	2.10.10-1PGSTY~noble	arm64	dbgsym	True
apt/noble/extension-20260919/arm64/postgresql-14-plpgsql-check_2.10.10-1PGSTY~noble_arm64.deb	postgresql-14-plpgsql-check	2.10.10-1PGSTY~noble	arm64	main	True
apt/noble/extension-20260919/arm64/postgresql-14-plprql-dbgsym_18.0.2-1PGSTY~noble_arm64.ddeb	postgresql-14-plprql-dbgsym	18.0.2-1PGSTY~noble	arm64	dbgsym	True
apt/noble/extension-20260919/arm64/postgresql-14-plprql_18.0.2-1PGSTY~noble_arm64.deb	postgresql-14-plprql	18.0.2-1PGSTY~noble	arm64	main	True
apt/noble/extension-20260919/arm64/postgresql-14-ulak-dbgsym_0.2.0-1PGSTY~noble_arm64.ddeb	postgresql-14-ulak-dbgsym	0.2.0-1PGSTY~noble	arm64	dbgsym	True
apt/noble/extension-20260919/arm64/postgresql-14-ulak_0.2.0-1PGSTY~noble_arm64.deb	postgresql-14-ulak	0.2.0-1PGSTY~noble	arm64	main	True
apt/noble/extension-20260919/arm64/postgresql-14-wrappers-dbgsym_0.6.3-1PGSTY~noble_arm64.ddeb	postgresql-14-wrappers-dbgsym	0.6.3-1PGSTY~noble	arm64	dbgsym	True
apt/noble/extension-20260919/arm64/postgresql-14-wrappers_0.6.3-1PGSTY~noble_arm64.deb	postgresql-14-wrappers	0.6.3-1PGSTY~noble	arm64	main	True
apt/noble/extension-20260919/arm64/postgresql-15-ddlx_0.31-1PGSTY~noble_all.deb	postgresql-15-ddlx	0.31-1PGSTY~noble	all	main	True
apt/noble/extension-20260919/arm64/postgresql-15-documentdb-dbgsym_0.117-1PGSTY~noble_arm64.ddeb	postgresql-15-documentdb-dbgsym	0.117-1PGSTY~noble	arm64	dbgsym	True
apt/noble/extension-20260919/arm64/postgresql-15-documentdb_0.117-1PGSTY~noble_arm64.deb	postgresql-15-documentdb	0.117-1PGSTY~noble	arm64	main	True
apt/noble/extension-20260919/arm64/postgresql-15-jev_0.2.0-1PGSTY~noble_all.deb	postgresql-15-jev	0.2.0-1PGSTY~noble	all	main	True
apt/noble/extension-20260919/arm64/postgresql-15-log-fdw-dbgsym_1.5-1PGSTY~noble_arm64.ddeb	postgresql-15-log-fdw-dbgsym	1.5-1PGSTY~noble	arm64	dbgsym	True
apt/noble/extension-20260919/arm64/postgresql-15-log-fdw_1.5-1PGSTY~noble_arm64.deb	postgresql-15-log-fdw	1.5-1PGSTY~noble	arm64	main	True
apt/noble/extension-20260919/arm64/postgresql-15-nominatim-fdw-dbgsym_2.2.0-1PGSTY~noble_arm64.ddeb	postgresql-15-nominatim-fdw-dbgsym	2.2.0-1PGSTY~noble	arm64	dbgsym	True
apt/noble/extension-20260919/arm64/postgresql-15-nominatim-fdw_2.2.0-1PGSTY~noble_arm64.deb	postgresql-15-nominatim-fdw	2.2.0-1PGSTY~noble	arm64	main	True
apt/noble/extension-20260919/arm64/postgresql-15-pg-curl-dbgsym_2.4.6-1PGSTY~noble_arm64.ddeb	postgresql-15-pg-curl-dbgsym	2.4.6-1PGSTY~noble	arm64	dbgsym	True
apt/noble/extension-20260919/arm64/postgresql-15-pg-curl_2.4.6-1PGSTY~noble_arm64.deb	postgresql-15-pg-curl	2.4.6-1PGSTY~noble	arm64	main	True
apt/noble/extension-20260919/arm64/postgresql-15-pg-durable-dbgsym_0.2.8-1PGSTY~noble_arm64.ddeb	postgresql-15-pg-durable-dbgsym	0.2.8-1PGSTY~noble	arm64	dbgsym	True
apt/noble/extension-20260919/arm64/postgresql-15-pg-durable_0.2.8-1PGSTY~noble_arm64.deb	postgresql-15-pg-durable	0.2.8-1PGSTY~noble	arm64	main	True
apt/noble/extension-20260919/arm64/postgresql-15-pg-grammar-guard_0.4.1-1PGSTY~noble_all.deb	postgresql-15-pg-grammar-guard	0.4.1-1PGSTY~noble	all	main	True
apt/noble/extension-20260919/arm64/postgresql-15-pg-living-assertions_0.4.2-1PGSTY~noble_all.deb	postgresql-15-pg-living-assertions	0.4.2-1PGSTY~noble	all	main	True
apt/noble/extension-20260919/arm64/postgresql-15-pg-local-cache-dbgsym_2.0.4-1PGSTY~noble_arm64.ddeb	postgresql-15-pg-local-cache-dbgsym	2.0.4-1PGSTY~noble	arm64	dbgsym	True
apt/noble/extension-20260919/arm64/postgresql-15-pg-local-cache_2.0.4-1PGSTY~noble_arm64.deb	postgresql-15-pg-local-cache	2.0.4-1PGSTY~noble	arm64	main	True
apt/noble/extension-20260919/arm64/postgresql-15-pg-profile_4.16-1PGSTY~noble_all.deb	postgresql-15-pg-profile	4.16-1PGSTY~noble	all	main	True
apt/noble/extension-20260919/arm64/postgresql-15-pg-search-dbgsym_0.25.9-1PGSTY~noble_arm64.ddeb	postgresql-15-pg-search-dbgsym	0.25.9-1PGSTY~noble	arm64	dbgsym	True
apt/noble/extension-20260919/arm64/postgresql-15-pg-search_0.25.9-1PGSTY~noble_arm64.deb	postgresql-15-pg-search	0.25.9-1PGSTY~noble	arm64	main	True
apt/noble/extension-20260919/arm64/postgresql-15-pg-stat-monitor-dbgsym_2.4.0-1PGSTY~noble_arm64.ddeb	postgresql-15-pg-stat-monitor-dbgsym	2.4.0-1PGSTY~noble	arm64	dbgsym	True
apt/noble/extension-20260919/arm64/postgresql-15-pg-stat-monitor_2.4.0-1PGSTY~noble_arm64.deb	postgresql-15-pg-stat-monitor	2.4.0-1PGSTY~noble	arm64	main	True
apt/noble/extension-20260919/arm64/postgresql-15-pg-task-dbgsym_3.0.0-1PGSTY~noble_arm64.ddeb	postgresql-15-pg-task-dbgsym	3.0.0-1PGSTY~noble	arm64	dbgsym	True
apt/noble/extension-20260919/arm64/postgresql-15-pg-task_3.0.0-1PGSTY~noble_arm64.deb	postgresql-15-pg-task	3.0.0-1PGSTY~noble	arm64	main	True
apt/noble/extension-20260919/arm64/postgresql-15-pg-vectorize-dbgsym_0.27.1-1PGSTY~noble_arm64.ddeb	postgresql-15-pg-vectorize-dbgsym	0.27.1-1PGSTY~noble	arm64	dbgsym	True
apt/noble/extension-20260919/arm64/postgresql-15-pg-vectorize_0.27.1-1PGSTY~noble_arm64.deb	postgresql-15-pg-vectorize	0.27.1-1PGSTY~noble	arm64	main	True
apt/noble/extension-20260919/arm64/postgresql-15-pgmq_1.13.0-1PGSTY~noble_all.deb	postgresql-15-pgmq	1.13.0-1PGSTY~noble	all	main	True
apt/noble/extension-20260919/arm64/postgresql-15-pgrdf-dbgsym_0.6.36-1PGSTY~noble_arm64.ddeb	postgresql-15-pgrdf-dbgsym	0.6.36-1PGSTY~noble	arm64	dbgsym	True
apt/noble/extension-20260919/arm64/postgresql-15-pgrdf_0.6.36-1PGSTY~noble_arm64.deb	postgresql-15-pgrdf	0.6.36-1PGSTY~noble	arm64	main	True
apt/noble/extension-20260919/arm64/postgresql-15-plpgsql-check-dbgsym_2.10.10-1PGSTY~noble_arm64.ddeb	postgresql-15-plpgsql-check-dbgsym	2.10.10-1PGSTY~noble	arm64	dbgsym	True
apt/noble/extension-20260919/arm64/postgresql-15-plpgsql-check_2.10.10-1PGSTY~noble_arm64.deb	postgresql-15-plpgsql-check	2.10.10-1PGSTY~noble	arm64	main	True
apt/noble/extension-20260919/arm64/postgresql-15-plprql-dbgsym_18.0.2-1PGSTY~noble_arm64.ddeb	postgresql-15-plprql-dbgsym	18.0.2-1PGSTY~noble	arm64	dbgsym	True
apt/noble/extension-20260919/arm64/postgresql-15-plprql_18.0.2-1PGSTY~noble_arm64.deb	postgresql-15-plprql	18.0.2-1PGSTY~noble	arm64	main	True
apt/noble/extension-20260919/arm64/postgresql-15-ulak-dbgsym_0.2.0-1PGSTY~noble_arm64.ddeb	postgresql-15-ulak-dbgsym	0.2.0-1PGSTY~noble	arm64	dbgsym	True
apt/noble/extension-20260919/arm64/postgresql-15-ulak_0.2.0-1PGSTY~noble_arm64.deb	postgresql-15-ulak	0.2.0-1PGSTY~noble	arm64	main	True
apt/noble/extension-20260919/arm64/postgresql-15-wrappers-dbgsym_0.6.3-1PGSTY~noble_arm64.ddeb	postgresql-15-wrappers-dbgsym	0.6.3-1PGSTY~noble	arm64	dbgsym	True
apt/noble/extension-20260919/arm64/postgresql-15-wrappers_0.6.3-1PGSTY~noble_arm64.deb	postgresql-15-wrappers	0.6.3-1PGSTY~noble	arm64	main	True
apt/noble/extension-20260919/arm64/postgresql-16-biscuit-dbgsym_3.1.0-1PGSTY~noble_arm64.ddeb	postgresql-16-biscuit-dbgsym	3.1.0-1PGSTY~noble	arm64	dbgsym	True
apt/noble/extension-20260919/arm64/postgresql-16-biscuit_3.1.0-1PGSTY~noble_arm64.deb	postgresql-16-biscuit	3.1.0-1PGSTY~noble	arm64	main	True
apt/noble/extension-20260919/arm64/postgresql-16-ddlx_0.31-1PGSTY~noble_all.deb	postgresql-16-ddlx	0.31-1PGSTY~noble	all	main	True
apt/noble/extension-20260919/arm64/postgresql-16-documentdb-dbgsym_0.117-1PGSTY~noble_arm64.ddeb	postgresql-16-documentdb-dbgsym	0.117-1PGSTY~noble	arm64	dbgsym	True
apt/noble/extension-20260919/arm64/postgresql-16-documentdb_0.117-1PGSTY~noble_arm64.deb	postgresql-16-documentdb	0.117-1PGSTY~noble	arm64	main	True
apt/noble/extension-20260919/arm64/postgresql-16-jev_0.2.0-1PGSTY~noble_all.deb	postgresql-16-jev	0.2.0-1PGSTY~noble	all	main	True
apt/noble/extension-20260919/arm64/postgresql-16-kafgres-dbgsym_0.1.0-1PGSTY~noble_arm64.ddeb	postgresql-16-kafgres-dbgsym	0.1.0-1PGSTY~noble	arm64	dbgsym	True
apt/noble/extension-20260919/arm64/postgresql-16-kafgres_0.1.0-1PGSTY~noble_arm64.deb	postgresql-16-kafgres	0.1.0-1PGSTY~noble	arm64	main	True
apt/noble/extension-20260919/arm64/postgresql-16-log-fdw-dbgsym_1.5-1PGSTY~noble_arm64.ddeb	postgresql-16-log-fdw-dbgsym	1.5-1PGSTY~noble	arm64	dbgsym	True
apt/noble/extension-20260919/arm64/postgresql-16-log-fdw_1.5-1PGSTY~noble_arm64.deb	postgresql-16-log-fdw	1.5-1PGSTY~noble	arm64	main	True
apt/noble/extension-20260919/arm64/postgresql-16-macavity-dbgsym_0.1.0-1PGSTY~noble_arm64.ddeb	postgresql-16-macavity-dbgsym	0.1.0-1PGSTY~noble	arm64	dbgsym	True
apt/noble/extension-20260919/arm64/postgresql-16-macavity_0.1.0-1PGSTY~noble_arm64.deb	postgresql-16-macavity	0.1.0-1PGSTY~noble	arm64	main	True
apt/noble/extension-20260919/arm64/postgresql-16-nominatim-fdw-dbgsym_2.2.0-1PGSTY~noble_arm64.ddeb	postgresql-16-nominatim-fdw-dbgsym	2.2.0-1PGSTY~noble	arm64	dbgsym	True
apt/noble/extension-20260919/arm64/postgresql-16-nominatim-fdw_2.2.0-1PGSTY~noble_arm64.deb	postgresql-16-nominatim-fdw	2.2.0-1PGSTY~noble	arm64	main	True
apt/noble/extension-20260919/arm64/postgresql-16-pg-circuit-dbgsym_0.1.0-1PGSTY~noble_arm64.ddeb	postgresql-16-pg-circuit-dbgsym	0.1.0-1PGSTY~noble	arm64	dbgsym	True
apt/noble/extension-20260919/arm64/postgresql-16-pg-circuit_0.1.0-1PGSTY~noble_arm64.deb	postgresql-16-pg-circuit	0.1.0-1PGSTY~noble	arm64	main	True
apt/noble/extension-20260919/arm64/postgresql-16-pg-curl-dbgsym_2.4.6-1PGSTY~noble_arm64.ddeb	postgresql-16-pg-curl-dbgsym	2.4.6-1PGSTY~noble	arm64	dbgsym	True
apt/noble/extension-20260919/arm64/postgresql-16-pg-curl_2.4.6-1PGSTY~noble_arm64.deb	postgresql-16-pg-curl	2.4.6-1PGSTY~noble	arm64	main	True
apt/noble/extension-20260919/arm64/postgresql-16-pg-durable-dbgsym_0.2.8-1PGSTY~noble_arm64.ddeb	postgresql-16-pg-durable-dbgsym	0.2.8-1PGSTY~noble	arm64	dbgsym	True
apt/noble/extension-20260919/arm64/postgresql-16-pg-durable_0.2.8-1PGSTY~noble_arm64.deb	postgresql-16-pg-durable	0.2.8-1PGSTY~noble	arm64	main	True
apt/noble/extension-20260919/arm64/postgresql-16-pg-grammar-guard_0.4.1-1PGSTY~noble_all.deb	postgresql-16-pg-grammar-guard	0.4.1-1PGSTY~noble	all	main	True
apt/noble/extension-20260919/arm64/postgresql-16-pg-lake-dbgsym_3.5.1-1PGSTY~noble_arm64.ddeb	postgresql-16-pg-lake-dbgsym	3.5.1-1PGSTY~noble	arm64	dbgsym	True
apt/noble/extension-20260919/arm64/postgresql-16-pg-lake_3.5.1-1PGSTY~noble_arm64.deb	postgresql-16-pg-lake	3.5.1-1PGSTY~noble	arm64	main	True
apt/noble/extension-20260919/arm64/postgresql-16-pg-living-assertions_0.4.2-1PGSTY~noble_all.deb	postgresql-16-pg-living-assertions	0.4.2-1PGSTY~noble	all	main	True
apt/noble/extension-20260919/arm64/postgresql-16-pg-local-cache-dbgsym_2.0.4-1PGSTY~noble_arm64.ddeb	postgresql-16-pg-local-cache-dbgsym	2.0.4-1PGSTY~noble	arm64	dbgsym	True
apt/noble/extension-20260919/arm64/postgresql-16-pg-local-cache_2.0.4-1PGSTY~noble_arm64.deb	postgresql-16-pg-local-cache	2.0.4-1PGSTY~noble	arm64	main	True
apt/noble/extension-20260919/arm64/postgresql-16-pg-profile_4.16-1PGSTY~noble_all.deb	postgresql-16-pg-profile	4.16-1PGSTY~noble	all	main	True
apt/noble/extension-20260919/arm64/postgresql-16-pg-search-dbgsym_0.25.9-1PGSTY~noble_arm64.ddeb	postgresql-16-pg-search-dbgsym	0.25.9-1PGSTY~noble	arm64	dbgsym	True
apt/noble/extension-20260919/arm64/postgresql-16-pg-search_0.25.9-1PGSTY~noble_arm64.deb	postgresql-16-pg-search	0.25.9-1PGSTY~noble	arm64	main	True
apt/noble/extension-20260919/arm64/postgresql-16-pg-stat-monitor-dbgsym_2.4.0-1PGSTY~noble_arm64.ddeb	postgresql-16-pg-stat-monitor-dbgsym	2.4.0-1PGSTY~noble	arm64	dbgsym	True
apt/noble/extension-20260919/arm64/postgresql-16-pg-stat-monitor_2.4.0-1PGSTY~noble_arm64.deb	postgresql-16-pg-stat-monitor	2.4.0-1PGSTY~noble	arm64	main	True
apt/noble/extension-20260919/arm64/postgresql-16-pg-task-dbgsym_3.0.0-1PGSTY~noble_arm64.ddeb	postgresql-16-pg-task-dbgsym	3.0.0-1PGSTY~noble	arm64	dbgsym	True
apt/noble/extension-20260919/arm64/postgresql-16-pg-task_3.0.0-1PGSTY~noble_arm64.deb	postgresql-16-pg-task	3.0.0-1PGSTY~noble	arm64	main	True
apt/noble/extension-20260919/arm64/postgresql-16-pg-vectorize-dbgsym_0.27.1-1PGSTY~noble_arm64.ddeb	postgresql-16-pg-vectorize-dbgsym	0.27.1-1PGSTY~noble	arm64	dbgsym	True
apt/noble/extension-20260919/arm64/postgresql-16-pg-vectorize_0.27.1-1PGSTY~noble_arm64.deb	postgresql-16-pg-vectorize	0.27.1-1PGSTY~noble	arm64	main	True
apt/noble/extension-20260919/arm64/postgresql-16-pgmq_1.13.0-1PGSTY~noble_all.deb	postgresql-16-pgmq	1.13.0-1PGSTY~noble	all	main	True
apt/noble/extension-20260919/arm64/postgresql-16-pgrdf-dbgsym_0.6.36-1PGSTY~noble_arm64.ddeb	postgresql-16-pgrdf-dbgsym	0.6.36-1PGSTY~noble	arm64	dbgsym	True
apt/noble/extension-20260919/arm64/postgresql-16-pgrdf_0.6.36-1PGSTY~noble_arm64.deb	postgresql-16-pgrdf	0.6.36-1PGSTY~noble	arm64	main	True
apt/noble/extension-20260919/arm64/postgresql-16-plpgsql-check-dbgsym_2.10.10-1PGSTY~noble_arm64.ddeb	postgresql-16-plpgsql-check-dbgsym	2.10.10-1PGSTY~noble	arm64	dbgsym	True
apt/noble/extension-20260919/arm64/postgresql-16-plpgsql-check_2.10.10-1PGSTY~noble_arm64.deb	postgresql-16-plpgsql-check	2.10.10-1PGSTY~noble	arm64	main	True
apt/noble/extension-20260919/arm64/postgresql-16-plprql-dbgsym_18.0.2-1PGSTY~noble_arm64.ddeb	postgresql-16-plprql-dbgsym	18.0.2-1PGSTY~noble	arm64	dbgsym	True
apt/noble/extension-20260919/arm64/postgresql-16-plprql_18.0.2-1PGSTY~noble_arm64.deb	postgresql-16-plprql	18.0.2-1PGSTY~noble	arm64	main	True
apt/noble/extension-20260919/arm64/postgresql-16-timescaledb-tsl-dbgsym_2.30.1-1PGSTY~noble_arm64.ddeb	postgresql-16-timescaledb-tsl-dbgsym	2.30.1-1PGSTY~noble	arm64	dbgsym	True
apt/noble/extension-20260919/arm64/postgresql-16-timescaledb-tsl_2.30.1-1PGSTY~noble_arm64.deb	postgresql-16-timescaledb-tsl	2.30.1-1PGSTY~noble	arm64	main	True
apt/noble/extension-20260919/arm64/postgresql-16-ulak-dbgsym_0.2.0-1PGSTY~noble_arm64.ddeb	postgresql-16-ulak-dbgsym	0.2.0-1PGSTY~noble	arm64	dbgsym	True
apt/noble/extension-20260919/arm64/postgresql-16-ulak_0.2.0-1PGSTY~noble_arm64.deb	postgresql-16-ulak	0.2.0-1PGSTY~noble	arm64	main	True
apt/noble/extension-20260919/arm64/postgresql-16-wrappers-dbgsym_0.6.3-1PGSTY~noble_arm64.ddeb	postgresql-16-wrappers-dbgsym	0.6.3-1PGSTY~noble	arm64	dbgsym	True
apt/noble/extension-20260919/arm64/postgresql-16-wrappers_0.6.3-1PGSTY~noble_arm64.deb	postgresql-16-wrappers	0.6.3-1PGSTY~noble	arm64	main	True
apt/noble/extension-20260919/arm64/postgresql-17-biscuit-dbgsym_3.1.0-1PGSTY~noble_arm64.ddeb	postgresql-17-biscuit-dbgsym	3.1.0-1PGSTY~noble	arm64	dbgsym	True
apt/noble/extension-20260919/arm64/postgresql-17-biscuit_3.1.0-1PGSTY~noble_arm64.deb	postgresql-17-biscuit	3.1.0-1PGSTY~noble	arm64	main	True
apt/noble/extension-20260919/arm64/postgresql-17-ddlx_0.31-1PGSTY~noble_all.deb	postgresql-17-ddlx	0.31-1PGSTY~noble	all	main	True
apt/noble/extension-20260919/arm64/postgresql-17-documentdb-dbgsym_0.117-1PGSTY~noble_arm64.ddeb	postgresql-17-documentdb-dbgsym	0.117-1PGSTY~noble	arm64	dbgsym	True
apt/noble/extension-20260919/arm64/postgresql-17-documentdb_0.117-1PGSTY~noble_arm64.deb	postgresql-17-documentdb	0.117-1PGSTY~noble	arm64	main	True
apt/noble/extension-20260919/arm64/postgresql-17-jev_0.2.0-1PGSTY~noble_all.deb	postgresql-17-jev	0.2.0-1PGSTY~noble	all	main	True
apt/noble/extension-20260919/arm64/postgresql-17-log-fdw-dbgsym_1.5-1PGSTY~noble_arm64.ddeb	postgresql-17-log-fdw-dbgsym	1.5-1PGSTY~noble	arm64	dbgsym	True
apt/noble/extension-20260919/arm64/postgresql-17-log-fdw_1.5-1PGSTY~noble_arm64.deb	postgresql-17-log-fdw	1.5-1PGSTY~noble	arm64	main	True
apt/noble/extension-20260919/arm64/postgresql-17-macavity-dbgsym_0.1.0-1PGSTY~noble_arm64.ddeb	postgresql-17-macavity-dbgsym	0.1.0-1PGSTY~noble	arm64	dbgsym	True
apt/noble/extension-20260919/arm64/postgresql-17-macavity_0.1.0-1PGSTY~noble_arm64.deb	postgresql-17-macavity	0.1.0-1PGSTY~noble	arm64	main	True
apt/noble/extension-20260919/arm64/postgresql-17-nominatim-fdw-dbgsym_2.2.0-1PGSTY~noble_arm64.ddeb	postgresql-17-nominatim-fdw-dbgsym	2.2.0-1PGSTY~noble	arm64	dbgsym	True
apt/noble/extension-20260919/arm64/postgresql-17-nominatim-fdw_2.2.0-1PGSTY~noble_arm64.deb	postgresql-17-nominatim-fdw	2.2.0-1PGSTY~noble	arm64	main	True
apt/noble/extension-20260919/arm64/postgresql-17-pg-circuit-dbgsym_0.1.0-1PGSTY~noble_arm64.ddeb	postgresql-17-pg-circuit-dbgsym	0.1.0-1PGSTY~noble	arm64	dbgsym	True
apt/noble/extension-20260919/arm64/postgresql-17-pg-circuit_0.1.0-1PGSTY~noble_arm64.deb	postgresql-17-pg-circuit	0.1.0-1PGSTY~noble	arm64	main	True
apt/noble/extension-20260919/arm64/postgresql-17-pg-curl-dbgsym_2.4.6-1PGSTY~noble_arm64.ddeb	postgresql-17-pg-curl-dbgsym	2.4.6-1PGSTY~noble	arm64	dbgsym	True
apt/noble/extension-20260919/arm64/postgresql-17-pg-curl_2.4.6-1PGSTY~noble_arm64.deb	postgresql-17-pg-curl	2.4.6-1PGSTY~noble	arm64	main	True
apt/noble/extension-20260919/arm64/postgresql-17-pg-durable-dbgsym_0.2.8-1PGSTY~noble_arm64.ddeb	postgresql-17-pg-durable-dbgsym	0.2.8-1PGSTY~noble	arm64	dbgsym	True
apt/noble/extension-20260919/arm64/postgresql-17-pg-durable_0.2.8-1PGSTY~noble_arm64.deb	postgresql-17-pg-durable	0.2.8-1PGSTY~noble	arm64	main	True
apt/noble/extension-20260919/arm64/postgresql-17-pg-fts-dbgsym_1.8.3-1PGSTY~noble_arm64.ddeb	postgresql-17-pg-fts-dbgsym	1.8.3-1PGSTY~noble	arm64	dbgsym	True
apt/noble/extension-20260919/arm64/postgresql-17-pg-fts_1.8.3-1PGSTY~noble_arm64.deb	postgresql-17-pg-fts	1.8.3-1PGSTY~noble	arm64	main	True
apt/noble/extension-20260919/arm64/postgresql-17-pg-grammar-guard_0.4.1-1PGSTY~noble_all.deb	postgresql-17-pg-grammar-guard	0.4.1-1PGSTY~noble	all	main	True
apt/noble/extension-20260919/arm64/postgresql-17-pg-lake-dbgsym_3.5.1-1PGSTY~noble_arm64.ddeb	postgresql-17-pg-lake-dbgsym	3.5.1-1PGSTY~noble	arm64	dbgsym	True
apt/noble/extension-20260919/arm64/postgresql-17-pg-lake_3.5.1-1PGSTY~noble_arm64.deb	postgresql-17-pg-lake	3.5.1-1PGSTY~noble	arm64	main	True
apt/noble/extension-20260919/arm64/postgresql-17-pg-living-assertions_0.4.2-1PGSTY~noble_all.deb	postgresql-17-pg-living-assertions	0.4.2-1PGSTY~noble	all	main	True
apt/noble/extension-20260919/arm64/postgresql-17-pg-local-cache-dbgsym_2.0.4-1PGSTY~noble_arm64.ddeb	postgresql-17-pg-local-cache-dbgsym	2.0.4-1PGSTY~noble	arm64	dbgsym	True
apt/noble/extension-20260919/arm64/postgresql-17-pg-local-cache_2.0.4-1PGSTY~noble_arm64.deb	postgresql-17-pg-local-cache	2.0.4-1PGSTY~noble	arm64	main	True
apt/noble/extension-20260919/arm64/postgresql-17-pg-profile_4.16-1PGSTY~noble_all.deb	postgresql-17-pg-profile	4.16-1PGSTY~noble	all	main	True
apt/noble/extension-20260919/arm64/postgresql-17-pg-search-dbgsym_0.25.9-1PGSTY~noble_arm64.ddeb	postgresql-17-pg-search-dbgsym	0.25.9-1PGSTY~noble	arm64	dbgsym	True
apt/noble/extension-20260919/arm64/postgresql-17-pg-search_0.25.9-1PGSTY~noble_arm64.deb	postgresql-17-pg-search	0.25.9-1PGSTY~noble	arm64	main	True
apt/noble/extension-20260919/arm64/postgresql-17-pg-stat-monitor-dbgsym_2.4.0-1PGSTY~noble_arm64.ddeb	postgresql-17-pg-stat-monitor-dbgsym	2.4.0-1PGSTY~noble	arm64	dbgsym	True
apt/noble/extension-20260919/arm64/postgresql-17-pg-stat-monitor_2.4.0-1PGSTY~noble_arm64.deb	postgresql-17-pg-stat-monitor	2.4.0-1PGSTY~noble	arm64	main	True
apt/noble/extension-20260919/arm64/postgresql-17-pg-task-dbgsym_3.0.0-1PGSTY~noble_arm64.ddeb	postgresql-17-pg-task-dbgsym	3.0.0-1PGSTY~noble	arm64	dbgsym	True
apt/noble/extension-20260919/arm64/postgresql-17-pg-task_3.0.0-1PGSTY~noble_arm64.deb	postgresql-17-pg-task	3.0.0-1PGSTY~noble	arm64	main	True
apt/noble/extension-20260919/arm64/postgresql-17-pg-vault-tde-dbgsym_1.7.1-1PGSTY~noble_arm64.ddeb	postgresql-17-pg-vault-tde-dbgsym	1.7.1-1PGSTY~noble	arm64	dbgsym	True
apt/noble/extension-20260919/arm64/postgresql-17-pg-vault-tde_1.7.1-1PGSTY~noble_arm64.deb	postgresql-17-pg-vault-tde	1.7.1-1PGSTY~noble	arm64	main	True
apt/noble/extension-20260919/arm64/postgresql-17-pg-vectorize-dbgsym_0.27.1-1PGSTY~noble_arm64.ddeb	postgresql-17-pg-vectorize-dbgsym	0.27.1-1PGSTY~noble	arm64	dbgsym	True
apt/noble/extension-20260919/arm64/postgresql-17-pg-vectorize_0.27.1-1PGSTY~noble_arm64.deb	postgresql-17-pg-vectorize	0.27.1-1PGSTY~noble	arm64	main	True
apt/noble/extension-20260919/arm64/postgresql-17-pgmq_1.13.0-1PGSTY~noble_all.deb	postgresql-17-pgmq	1.13.0-1PGSTY~noble	all	main	True
apt/noble/extension-20260919/arm64/postgresql-17-pgrdf-dbgsym_0.6.36-1PGSTY~noble_arm64.ddeb	postgresql-17-pgrdf-dbgsym	0.6.36-1PGSTY~noble	arm64	dbgsym	True
apt/noble/extension-20260919/arm64/postgresql-17-pgrdf_0.6.36-1PGSTY~noble_arm64.deb	postgresql-17-pgrdf	0.6.36-1PGSTY~noble	arm64	main	True
apt/noble/extension-20260919/arm64/postgresql-17-plpgsql-check-dbgsym_2.10.10-1PGSTY~noble_arm64.ddeb	postgresql-17-plpgsql-check-dbgsym	2.10.10-1PGSTY~noble	arm64	dbgsym	True
apt/noble/extension-20260919/arm64/postgresql-17-plpgsql-check_2.10.10-1PGSTY~noble_arm64.deb	postgresql-17-plpgsql-check	2.10.10-1PGSTY~noble	arm64	main	True
apt/noble/extension-20260919/arm64/postgresql-17-plprql-dbgsym_18.0.2-1PGSTY~noble_arm64.ddeb	postgresql-17-plprql-dbgsym	18.0.2-1PGSTY~noble	arm64	dbgsym	True
apt/noble/extension-20260919/arm64/postgresql-17-plprql_18.0.2-1PGSTY~noble_arm64.deb	postgresql-17-plprql	18.0.2-1PGSTY~noble	arm64	main	True
apt/noble/extension-20260919/arm64/postgresql-17-psql-bm25s-dbgsym_0.4.14-1PGSTY~noble_arm64.ddeb	postgresql-17-psql-bm25s-dbgsym	0.4.14-1PGSTY~noble	arm64	dbgsym	True
apt/noble/extension-20260919/arm64/postgresql-17-psql-bm25s_0.4.14-1PGSTY~noble_arm64.deb	postgresql-17-psql-bm25s	0.4.14-1PGSTY~noble	arm64	main	True
apt/noble/extension-20260919/arm64/postgresql-17-timescaledb-tsl-dbgsym_2.30.1-1PGSTY~noble_arm64.ddeb	postgresql-17-timescaledb-tsl-dbgsym	2.30.1-1PGSTY~noble	arm64	dbgsym	True
apt/noble/extension-20260919/arm64/postgresql-17-timescaledb-tsl_2.30.1-1PGSTY~noble_arm64.deb	postgresql-17-timescaledb-tsl	2.30.1-1PGSTY~noble	arm64	main	True
apt/noble/extension-20260919/arm64/postgresql-17-ulak-dbgsym_0.2.0-1PGSTY~noble_arm64.ddeb	postgresql-17-ulak-dbgsym	0.2.0-1PGSTY~noble	arm64	dbgsym	True
apt/noble/extension-20260919/arm64/postgresql-17-ulak_0.2.0-1PGSTY~noble_arm64.deb	postgresql-17-ulak	0.2.0-1PGSTY~noble	arm64	main	True
apt/noble/extension-20260919/arm64/postgresql-17-wrappers-dbgsym_0.6.3-1PGSTY~noble_arm64.ddeb	postgresql-17-wrappers-dbgsym	0.6.3-1PGSTY~noble	arm64	dbgsym	True
apt/noble/extension-20260919/arm64/postgresql-17-wrappers_0.6.3-1PGSTY~noble_arm64.deb	postgresql-17-wrappers	0.6.3-1PGSTY~noble	arm64	main	True
apt/noble/extension-20260919/arm64/postgresql-18-biscuit-dbgsym_3.1.0-1PGSTY~noble_arm64.ddeb	postgresql-18-biscuit-dbgsym	3.1.0-1PGSTY~noble	arm64	dbgsym	True
apt/noble/extension-20260919/arm64/postgresql-18-biscuit_3.1.0-1PGSTY~noble_arm64.deb	postgresql-18-biscuit	3.1.0-1PGSTY~noble	arm64	main	True
apt/noble/extension-20260919/arm64/postgresql-18-ddlx_0.31-1PGSTY~noble_all.deb	postgresql-18-ddlx	0.31-1PGSTY~noble	all	main	True
apt/noble/extension-20260919/arm64/postgresql-18-documentdb-dbgsym_0.117-1PGSTY~noble_arm64.ddeb	postgresql-18-documentdb-dbgsym	0.117-1PGSTY~noble	arm64	dbgsym	True
apt/noble/extension-20260919/arm64/postgresql-18-documentdb_0.117-1PGSTY~noble_arm64.deb	postgresql-18-documentdb	0.117-1PGSTY~noble	arm64	main	True
apt/noble/extension-20260919/arm64/postgresql-18-log-fdw-dbgsym_1.5-1PGSTY~noble_arm64.ddeb	postgresql-18-log-fdw-dbgsym	1.5-1PGSTY~noble	arm64	dbgsym	True
apt/noble/extension-20260919/arm64/postgresql-18-log-fdw_1.5-1PGSTY~noble_arm64.deb	postgresql-18-log-fdw	1.5-1PGSTY~noble	arm64	main	True
apt/noble/extension-20260919/arm64/postgresql-18-macavity-dbgsym_0.1.0-1PGSTY~noble_arm64.ddeb	postgresql-18-macavity-dbgsym	0.1.0-1PGSTY~noble	arm64	dbgsym	True
apt/noble/extension-20260919/arm64/postgresql-18-macavity_0.1.0-1PGSTY~noble_arm64.deb	postgresql-18-macavity	0.1.0-1PGSTY~noble	arm64	main	True
apt/noble/extension-20260919/arm64/postgresql-18-nominatim-fdw-dbgsym_2.2.0-1PGSTY~noble_arm64.ddeb	postgresql-18-nominatim-fdw-dbgsym	2.2.0-1PGSTY~noble	arm64	dbgsym	True
apt/noble/extension-20260919/arm64/postgresql-18-nominatim-fdw_2.2.0-1PGSTY~noble_arm64.deb	postgresql-18-nominatim-fdw	2.2.0-1PGSTY~noble	arm64	main	True
apt/noble/extension-20260919/arm64/postgresql-18-pg-circuit-dbgsym_0.1.0-1PGSTY~noble_arm64.ddeb	postgresql-18-pg-circuit-dbgsym	0.1.0-1PGSTY~noble	arm64	dbgsym	True
apt/noble/extension-20260919/arm64/postgresql-18-pg-circuit_0.1.0-1PGSTY~noble_arm64.deb	postgresql-18-pg-circuit	0.1.0-1PGSTY~noble	arm64	main	True
apt/noble/extension-20260919/arm64/postgresql-18-pg-curl-dbgsym_2.4.6-1PGSTY~noble_arm64.ddeb	postgresql-18-pg-curl-dbgsym	2.4.6-1PGSTY~noble	arm64	dbgsym	True
apt/noble/extension-20260919/arm64/postgresql-18-pg-curl_2.4.6-1PGSTY~noble_arm64.deb	postgresql-18-pg-curl	2.4.6-1PGSTY~noble	arm64	main	True
apt/noble/extension-20260919/arm64/postgresql-18-pg-durable-dbgsym_0.2.8-1PGSTY~noble_arm64.ddeb	postgresql-18-pg-durable-dbgsym	0.2.8-1PGSTY~noble	arm64	dbgsym	True
apt/noble/extension-20260919/arm64/postgresql-18-pg-durable_0.2.8-1PGSTY~noble_arm64.deb	postgresql-18-pg-durable	0.2.8-1PGSTY~noble	arm64	main	True
apt/noble/extension-20260919/arm64/postgresql-18-pg-fts-dbgsym_1.8.3-1PGSTY~noble_arm64.ddeb	postgresql-18-pg-fts-dbgsym	1.8.3-1PGSTY~noble	arm64	dbgsym	True
apt/noble/extension-20260919/arm64/postgresql-18-pg-fts_1.8.3-1PGSTY~noble_arm64.deb	postgresql-18-pg-fts	1.8.3-1PGSTY~noble	arm64	main	True
apt/noble/extension-20260919/arm64/postgresql-18-pg-grammar-guard_0.4.1-1PGSTY~noble_all.deb	postgresql-18-pg-grammar-guard	0.4.1-1PGSTY~noble	all	main	True
apt/noble/extension-20260919/arm64/postgresql-18-pg-lake-dbgsym_3.5.1-1PGSTY~noble_arm64.ddeb	postgresql-18-pg-lake-dbgsym	3.5.1-1PGSTY~noble	arm64	dbgsym	True
apt/noble/extension-20260919/arm64/postgresql-18-pg-lake_3.5.1-1PGSTY~noble_arm64.deb	postgresql-18-pg-lake	3.5.1-1PGSTY~noble	arm64	main	True
apt/noble/extension-20260919/arm64/postgresql-18-pg-living-assertions_0.4.2-1PGSTY~noble_all.deb	postgresql-18-pg-living-assertions	0.4.2-1PGSTY~noble	all	main	True
apt/noble/extension-20260919/arm64/postgresql-18-pg-local-cache-dbgsym_2.0.4-1PGSTY~noble_arm64.ddeb	postgresql-18-pg-local-cache-dbgsym	2.0.4-1PGSTY~noble	arm64	dbgsym	True
apt/noble/extension-20260919/arm64/postgresql-18-pg-local-cache_2.0.4-1PGSTY~noble_arm64.deb	postgresql-18-pg-local-cache	2.0.4-1PGSTY~noble	arm64	main	True
apt/noble/extension-20260919/arm64/postgresql-18-pg-profile_4.16-1PGSTY~noble_all.deb	postgresql-18-pg-profile	4.16-1PGSTY~noble	all	main	True
apt/noble/extension-20260919/arm64/postgresql-18-pg-search-dbgsym_0.25.9-1PGSTY~noble_arm64.ddeb	postgresql-18-pg-search-dbgsym	0.25.9-1PGSTY~noble	arm64	dbgsym	True
apt/noble/extension-20260919/arm64/postgresql-18-pg-search_0.25.9-1PGSTY~noble_arm64.deb	postgresql-18-pg-search	0.25.9-1PGSTY~noble	arm64	main	True
apt/noble/extension-20260919/arm64/postgresql-18-pg-stat-monitor-dbgsym_2.4.0-1PGSTY~noble_arm64.ddeb	postgresql-18-pg-stat-monitor-dbgsym	2.4.0-1PGSTY~noble	arm64	dbgsym	True
apt/noble/extension-20260919/arm64/postgresql-18-pg-stat-monitor_2.4.0-1PGSTY~noble_arm64.deb	postgresql-18-pg-stat-monitor	2.4.0-1PGSTY~noble	arm64	main	True
apt/noble/extension-20260919/arm64/postgresql-18-pg-task-dbgsym_3.0.0-1PGSTY~noble_arm64.ddeb	postgresql-18-pg-task-dbgsym	3.0.0-1PGSTY~noble	arm64	dbgsym	True
apt/noble/extension-20260919/arm64/postgresql-18-pg-task_3.0.0-1PGSTY~noble_arm64.deb	postgresql-18-pg-task	3.0.0-1PGSTY~noble	arm64	main	True
apt/noble/extension-20260919/arm64/postgresql-18-pg-trickle-dbgsym_0.107.0-1PGSTY~noble_arm64.ddeb	postgresql-18-pg-trickle-dbgsym	0.107.0-1PGSTY~noble	arm64	dbgsym	True
apt/noble/extension-20260919/arm64/postgresql-18-pg-trickle_0.107.0-1PGSTY~noble_arm64.deb	postgresql-18-pg-trickle	0.107.0-1PGSTY~noble	arm64	main	True
apt/noble/extension-20260919/arm64/postgresql-18-pg-vault-tde-dbgsym_1.7.1-1PGSTY~noble_arm64.ddeb	postgresql-18-pg-vault-tde-dbgsym	1.7.1-1PGSTY~noble	arm64	dbgsym	True
apt/noble/extension-20260919/arm64/postgresql-18-pg-vault-tde_1.7.1-1PGSTY~noble_arm64.deb	postgresql-18-pg-vault-tde	1.7.1-1PGSTY~noble	arm64	main	True
apt/noble/extension-20260919/arm64/postgresql-18-pg-vectorize-dbgsym_0.27.1-1PGSTY~noble_arm64.ddeb	postgresql-18-pg-vectorize-dbgsym	0.27.1-1PGSTY~noble	arm64	dbgsym	True
apt/noble/extension-20260919/arm64/postgresql-18-pg-vectorize_0.27.1-1PGSTY~noble_arm64.deb	postgresql-18-pg-vectorize	0.27.1-1PGSTY~noble	arm64	main	True
apt/noble/extension-20260919/arm64/postgresql-18-pgmq_1.13.0-1PGSTY~noble_all.deb	postgresql-18-pgmq	1.13.0-1PGSTY~noble	all	main	True
apt/noble/extension-20260919/arm64/postgresql-18-pgrdf-dbgsym_0.6.36-1PGSTY~noble_arm64.ddeb	postgresql-18-pgrdf-dbgsym	0.6.36-1PGSTY~noble	arm64	dbgsym	True
apt/noble/extension-20260919/arm64/postgresql-18-pgrdf_0.6.36-1PGSTY~noble_arm64.deb	postgresql-18-pgrdf	0.6.36-1PGSTY~noble	arm64	main	True
apt/noble/extension-20260919/arm64/postgresql-18-plpgsql-check-dbgsym_2.10.10-1PGSTY~noble_arm64.ddeb	postgresql-18-plpgsql-check-dbgsym	2.10.10-1PGSTY~noble	arm64	dbgsym	True
apt/noble/extension-20260919/arm64/postgresql-18-plpgsql-check_2.10.10-1PGSTY~noble_arm64.deb	postgresql-18-plpgsql-check	2.10.10-1PGSTY~noble	arm64	main	True
apt/noble/extension-20260919/arm64/postgresql-18-plprql-dbgsym_18.0.2-1PGSTY~noble_arm64.ddeb	postgresql-18-plprql-dbgsym	18.0.2-1PGSTY~noble	arm64	dbgsym	True
apt/noble/extension-20260919/arm64/postgresql-18-plprql_18.0.2-1PGSTY~noble_arm64.deb	postgresql-18-plprql	18.0.2-1PGSTY~noble	arm64	main	True
apt/noble/extension-20260919/arm64/postgresql-18-psql-bm25s-dbgsym_0.4.14-1PGSTY~noble_arm64.ddeb	postgresql-18-psql-bm25s-dbgsym	0.4.14-1PGSTY~noble	arm64	dbgsym	True
apt/noble/extension-20260919/arm64/postgresql-18-psql-bm25s_0.4.14-1PGSTY~noble_arm64.deb	postgresql-18-psql-bm25s	0.4.14-1PGSTY~noble	arm64	main	True
apt/noble/extension-20260919/arm64/postgresql-18-timescaledb-tsl-dbgsym_2.30.1-1PGSTY~noble_arm64.ddeb	postgresql-18-timescaledb-tsl-dbgsym	2.30.1-1PGSTY~noble	arm64	dbgsym	True
apt/noble/extension-20260919/arm64/postgresql-18-timescaledb-tsl_2.30.1-1PGSTY~noble_arm64.deb	postgresql-18-timescaledb-tsl	2.30.1-1PGSTY~noble	arm64	main	True
apt/noble/extension-20260919/arm64/postgresql-18-ulak-dbgsym_0.2.0-1PGSTY~noble_arm64.ddeb	postgresql-18-ulak-dbgsym	0.2.0-1PGSTY~noble	arm64	dbgsym	True
apt/noble/extension-20260919/arm64/postgresql-18-ulak_0.2.0-1PGSTY~noble_arm64.deb	postgresql-18-ulak	0.2.0-1PGSTY~noble	arm64	main	True
apt/noble/extension-20260919/arm64/postgresql-18-wrappers-dbgsym_0.6.3-1PGSTY~noble_arm64.ddeb	postgresql-18-wrappers-dbgsym	0.6.3-1PGSTY~noble	arm64	dbgsym	True
apt/noble/extension-20260919/arm64/postgresql-18-wrappers_0.6.3-1PGSTY~noble_arm64.deb	postgresql-18-wrappers	0.6.3-1PGSTY~noble	arm64	main	True
apt/resolute/extension-20260919/amd64/ivorysql-18-dbgsym_5.6-1PGSTY~resolute_amd64.ddeb	ivorysql-18-dbgsym	5.6-1PGSTY~resolute	amd64	dbgsym	True
apt/resolute/extension-20260919/amd64/ivorysql-18_5.6-1PGSTY~resolute_amd64.deb	ivorysql-18	5.6-1PGSTY~resolute	amd64	main	True
apt/resolute/extension-20260919/amd64/postgresql-14-ddlx_0.31-1PGSTY~resolute_all.deb	postgresql-14-ddlx	0.31-1PGSTY~resolute	all	main	True
apt/resolute/extension-20260919/amd64/postgresql-14-jev_0.2.0-1PGSTY~resolute_all.deb	postgresql-14-jev	0.2.0-1PGSTY~resolute	all	main	True
apt/resolute/extension-20260919/amd64/postgresql-14-log-fdw-dbgsym_1.5-1PGSTY~resolute_amd64.ddeb	postgresql-14-log-fdw-dbgsym	1.5-1PGSTY~resolute	amd64	dbgsym	True
apt/resolute/extension-20260919/amd64/postgresql-14-log-fdw_1.5-1PGSTY~resolute_amd64.deb	postgresql-14-log-fdw	1.5-1PGSTY~resolute	amd64	main	True
apt/resolute/extension-20260919/amd64/postgresql-14-nominatim-fdw-dbgsym_2.2.0-1PGSTY~resolute_amd64.ddeb	postgresql-14-nominatim-fdw-dbgsym	2.2.0-1PGSTY~resolute	amd64	dbgsym	True
apt/resolute/extension-20260919/amd64/postgresql-14-nominatim-fdw_2.2.0-1PGSTY~resolute_amd64.deb	postgresql-14-nominatim-fdw	2.2.0-1PGSTY~resolute	amd64	main	True
apt/resolute/extension-20260919/amd64/postgresql-14-pg-curl-dbgsym_2.4.6-1PGSTY~resolute_amd64.ddeb	postgresql-14-pg-curl-dbgsym	2.4.6-1PGSTY~resolute	amd64	dbgsym	True
apt/resolute/extension-20260919/amd64/postgresql-14-pg-curl_2.4.6-1PGSTY~resolute_amd64.deb	postgresql-14-pg-curl	2.4.6-1PGSTY~resolute	amd64	main	True
apt/resolute/extension-20260919/amd64/postgresql-14-pg-durable-dbgsym_0.2.8-1PGSTY~resolute_amd64.ddeb	postgresql-14-pg-durable-dbgsym	0.2.8-1PGSTY~resolute	amd64	dbgsym	True
apt/resolute/extension-20260919/amd64/postgresql-14-pg-durable_0.2.8-1PGSTY~resolute_amd64.deb	postgresql-14-pg-durable	0.2.8-1PGSTY~resolute	amd64	main	True
apt/resolute/extension-20260919/amd64/postgresql-14-pg-grammar-guard_0.4.1-1PGSTY~resolute_all.deb	postgresql-14-pg-grammar-guard	0.4.1-1PGSTY~resolute	all	main	True
apt/resolute/extension-20260919/amd64/postgresql-14-pg-living-assertions_0.4.2-1PGSTY~resolute_all.deb	postgresql-14-pg-living-assertions	0.4.2-1PGSTY~resolute	all	main	True
apt/resolute/extension-20260919/amd64/postgresql-14-pg-local-cache-dbgsym_2.0.4-1PGSTY~resolute_amd64.ddeb	postgresql-14-pg-local-cache-dbgsym	2.0.4-1PGSTY~resolute	amd64	dbgsym	True
apt/resolute/extension-20260919/amd64/postgresql-14-pg-local-cache_2.0.4-1PGSTY~resolute_amd64.deb	postgresql-14-pg-local-cache	2.0.4-1PGSTY~resolute	amd64	main	True
apt/resolute/extension-20260919/amd64/postgresql-14-pg-profile_4.16-1PGSTY~resolute_all.deb	postgresql-14-pg-profile	4.16-1PGSTY~resolute	all	main	True
apt/resolute/extension-20260919/amd64/postgresql-14-pg-stat-monitor-dbgsym_2.4.0-1PGSTY~resolute_amd64.ddeb	postgresql-14-pg-stat-monitor-dbgsym	2.4.0-1PGSTY~resolute	amd64	dbgsym	True
apt/resolute/extension-20260919/amd64/postgresql-14-pg-stat-monitor_2.4.0-1PGSTY~resolute_amd64.deb	postgresql-14-pg-stat-monitor	2.4.0-1PGSTY~resolute	amd64	main	True
apt/resolute/extension-20260919/amd64/postgresql-14-pg-task-dbgsym_3.0.0-1PGSTY~resolute_amd64.ddeb	postgresql-14-pg-task-dbgsym	3.0.0-1PGSTY~resolute	amd64	dbgsym	True
apt/resolute/extension-20260919/amd64/postgresql-14-pg-task_3.0.0-1PGSTY~resolute_amd64.deb	postgresql-14-pg-task	3.0.0-1PGSTY~resolute	amd64	main	True
apt/resolute/extension-20260919/amd64/postgresql-14-pg-vectorize-dbgsym_0.27.1-1PGSTY~resolute_amd64.ddeb	postgresql-14-pg-vectorize-dbgsym	0.27.1-1PGSTY~resolute	amd64	dbgsym	True
apt/resolute/extension-20260919/amd64/postgresql-14-pg-vectorize_0.27.1-1PGSTY~resolute_amd64.deb	postgresql-14-pg-vectorize	0.27.1-1PGSTY~resolute	amd64	main	True
apt/resolute/extension-20260919/amd64/postgresql-14-pgmq_1.13.0-1PGSTY~resolute_all.deb	postgresql-14-pgmq	1.13.0-1PGSTY~resolute	all	main	True
apt/resolute/extension-20260919/amd64/postgresql-14-pgrdf-dbgsym_0.6.36-1PGSTY~resolute_amd64.ddeb	postgresql-14-pgrdf-dbgsym	0.6.36-1PGSTY~resolute	amd64	dbgsym	True
apt/resolute/extension-20260919/amd64/postgresql-14-pgrdf_0.6.36-1PGSTY~resolute_amd64.deb	postgresql-14-pgrdf	0.6.36-1PGSTY~resolute	amd64	main	True
apt/resolute/extension-20260919/amd64/postgresql-14-plpgsql-check-dbgsym_2.10.10-1PGSTY~resolute_amd64.ddeb	postgresql-14-plpgsql-check-dbgsym	2.10.10-1PGSTY~resolute	amd64	dbgsym	True
apt/resolute/extension-20260919/amd64/postgresql-14-plpgsql-check_2.10.10-1PGSTY~resolute_amd64.deb	postgresql-14-plpgsql-check	2.10.10-1PGSTY~resolute	amd64	main	True
apt/resolute/extension-20260919/amd64/postgresql-14-plprql-dbgsym_18.0.2-1PGSTY~resolute_amd64.ddeb	postgresql-14-plprql-dbgsym	18.0.2-1PGSTY~resolute	amd64	dbgsym	True
apt/resolute/extension-20260919/amd64/postgresql-14-plprql_18.0.2-1PGSTY~resolute_amd64.deb	postgresql-14-plprql	18.0.2-1PGSTY~resolute	amd64	main	True
apt/resolute/extension-20260919/amd64/postgresql-14-ulak-dbgsym_0.2.0-1PGSTY~resolute_amd64.ddeb	postgresql-14-ulak-dbgsym	0.2.0-1PGSTY~resolute	amd64	dbgsym	True
apt/resolute/extension-20260919/amd64/postgresql-14-ulak_0.2.0-1PGSTY~resolute_amd64.deb	postgresql-14-ulak	0.2.0-1PGSTY~resolute	amd64	main	True
apt/resolute/extension-20260919/amd64/postgresql-14-wrappers-dbgsym_0.6.3-1PGSTY~resolute_amd64.ddeb	postgresql-14-wrappers-dbgsym	0.6.3-1PGSTY~resolute	amd64	dbgsym	True
apt/resolute/extension-20260919/amd64/postgresql-14-wrappers_0.6.3-1PGSTY~resolute_amd64.deb	postgresql-14-wrappers	0.6.3-1PGSTY~resolute	amd64	main	True
apt/resolute/extension-20260919/amd64/postgresql-15-ddlx_0.31-1PGSTY~resolute_all.deb	postgresql-15-ddlx	0.31-1PGSTY~resolute	all	main	True
apt/resolute/extension-20260919/amd64/postgresql-15-documentdb-dbgsym_0.117-1PGSTY~resolute_amd64.ddeb	postgresql-15-documentdb-dbgsym	0.117-1PGSTY~resolute	amd64	dbgsym	True
apt/resolute/extension-20260919/amd64/postgresql-15-documentdb_0.117-1PGSTY~resolute_amd64.deb	postgresql-15-documentdb	0.117-1PGSTY~resolute	amd64	main	True
apt/resolute/extension-20260919/amd64/postgresql-15-jev_0.2.0-1PGSTY~resolute_all.deb	postgresql-15-jev	0.2.0-1PGSTY~resolute	all	main	True
apt/resolute/extension-20260919/amd64/postgresql-15-log-fdw-dbgsym_1.5-1PGSTY~resolute_amd64.ddeb	postgresql-15-log-fdw-dbgsym	1.5-1PGSTY~resolute	amd64	dbgsym	True
apt/resolute/extension-20260919/amd64/postgresql-15-log-fdw_1.5-1PGSTY~resolute_amd64.deb	postgresql-15-log-fdw	1.5-1PGSTY~resolute	amd64	main	True
apt/resolute/extension-20260919/amd64/postgresql-15-nominatim-fdw-dbgsym_2.2.0-1PGSTY~resolute_amd64.ddeb	postgresql-15-nominatim-fdw-dbgsym	2.2.0-1PGSTY~resolute	amd64	dbgsym	True
apt/resolute/extension-20260919/amd64/postgresql-15-nominatim-fdw_2.2.0-1PGSTY~resolute_amd64.deb	postgresql-15-nominatim-fdw	2.2.0-1PGSTY~resolute	amd64	main	True
apt/resolute/extension-20260919/amd64/postgresql-15-pg-curl-dbgsym_2.4.6-1PGSTY~resolute_amd64.ddeb	postgresql-15-pg-curl-dbgsym	2.4.6-1PGSTY~resolute	amd64	dbgsym	True
apt/resolute/extension-20260919/amd64/postgresql-15-pg-curl_2.4.6-1PGSTY~resolute_amd64.deb	postgresql-15-pg-curl	2.4.6-1PGSTY~resolute	amd64	main	True
apt/resolute/extension-20260919/amd64/postgresql-15-pg-durable-dbgsym_0.2.8-1PGSTY~resolute_amd64.ddeb	postgresql-15-pg-durable-dbgsym	0.2.8-1PGSTY~resolute	amd64	dbgsym	True
apt/resolute/extension-20260919/amd64/postgresql-15-pg-durable_0.2.8-1PGSTY~resolute_amd64.deb	postgresql-15-pg-durable	0.2.8-1PGSTY~resolute	amd64	main	True
apt/resolute/extension-20260919/amd64/postgresql-15-pg-grammar-guard_0.4.1-1PGSTY~resolute_all.deb	postgresql-15-pg-grammar-guard	0.4.1-1PGSTY~resolute	all	main	True
apt/resolute/extension-20260919/amd64/postgresql-15-pg-living-assertions_0.4.2-1PGSTY~resolute_all.deb	postgresql-15-pg-living-assertions	0.4.2-1PGSTY~resolute	all	main	True
apt/resolute/extension-20260919/amd64/postgresql-15-pg-local-cache-dbgsym_2.0.4-1PGSTY~resolute_amd64.ddeb	postgresql-15-pg-local-cache-dbgsym	2.0.4-1PGSTY~resolute	amd64	dbgsym	True
apt/resolute/extension-20260919/amd64/postgresql-15-pg-local-cache_2.0.4-1PGSTY~resolute_amd64.deb	postgresql-15-pg-local-cache	2.0.4-1PGSTY~resolute	amd64	main	True
apt/resolute/extension-20260919/amd64/postgresql-15-pg-profile_4.16-1PGSTY~resolute_all.deb	postgresql-15-pg-profile	4.16-1PGSTY~resolute	all	main	True
apt/resolute/extension-20260919/amd64/postgresql-15-pg-search-dbgsym_0.25.9-1PGSTY~resolute_amd64.ddeb	postgresql-15-pg-search-dbgsym	0.25.9-1PGSTY~resolute	amd64	dbgsym	True
apt/resolute/extension-20260919/amd64/postgresql-15-pg-search_0.25.9-1PGSTY~resolute_amd64.deb	postgresql-15-pg-search	0.25.9-1PGSTY~resolute	amd64	main	True
apt/resolute/extension-20260919/amd64/postgresql-15-pg-stat-monitor-dbgsym_2.4.0-1PGSTY~resolute_amd64.ddeb	postgresql-15-pg-stat-monitor-dbgsym	2.4.0-1PGSTY~resolute	amd64	dbgsym	True
apt/resolute/extension-20260919/amd64/postgresql-15-pg-stat-monitor_2.4.0-1PGSTY~resolute_amd64.deb	postgresql-15-pg-stat-monitor	2.4.0-1PGSTY~resolute	amd64	main	True
apt/resolute/extension-20260919/amd64/postgresql-15-pg-task-dbgsym_3.0.0-1PGSTY~resolute_amd64.ddeb	postgresql-15-pg-task-dbgsym	3.0.0-1PGSTY~resolute	amd64	dbgsym	True
apt/resolute/extension-20260919/amd64/postgresql-15-pg-task_3.0.0-1PGSTY~resolute_amd64.deb	postgresql-15-pg-task	3.0.0-1PGSTY~resolute	amd64	main	True
apt/resolute/extension-20260919/amd64/postgresql-15-pg-vectorize-dbgsym_0.27.1-1PGSTY~resolute_amd64.ddeb	postgresql-15-pg-vectorize-dbgsym	0.27.1-1PGSTY~resolute	amd64	dbgsym	True
apt/resolute/extension-20260919/amd64/postgresql-15-pg-vectorize_0.27.1-1PGSTY~resolute_amd64.deb	postgresql-15-pg-vectorize	0.27.1-1PGSTY~resolute	amd64	main	True
apt/resolute/extension-20260919/amd64/postgresql-15-pgmq_1.13.0-1PGSTY~resolute_all.deb	postgresql-15-pgmq	1.13.0-1PGSTY~resolute	all	main	True
apt/resolute/extension-20260919/amd64/postgresql-15-pgrdf-dbgsym_0.6.36-1PGSTY~resolute_amd64.ddeb	postgresql-15-pgrdf-dbgsym	0.6.36-1PGSTY~resolute	amd64	dbgsym	True
apt/resolute/extension-20260919/amd64/postgresql-15-pgrdf_0.6.36-1PGSTY~resolute_amd64.deb	postgresql-15-pgrdf	0.6.36-1PGSTY~resolute	amd64	main	True
apt/resolute/extension-20260919/amd64/postgresql-15-plpgsql-check-dbgsym_2.10.10-1PGSTY~resolute_amd64.ddeb	postgresql-15-plpgsql-check-dbgsym	2.10.10-1PGSTY~resolute	amd64	dbgsym	True
apt/resolute/extension-20260919/amd64/postgresql-15-plpgsql-check_2.10.10-1PGSTY~resolute_amd64.deb	postgresql-15-plpgsql-check	2.10.10-1PGSTY~resolute	amd64	main	True
apt/resolute/extension-20260919/amd64/postgresql-15-plprql-dbgsym_18.0.2-1PGSTY~resolute_amd64.ddeb	postgresql-15-plprql-dbgsym	18.0.2-1PGSTY~resolute	amd64	dbgsym	True
apt/resolute/extension-20260919/amd64/postgresql-15-plprql_18.0.2-1PGSTY~resolute_amd64.deb	postgresql-15-plprql	18.0.2-1PGSTY~resolute	amd64	main	True
apt/resolute/extension-20260919/amd64/postgresql-15-ulak-dbgsym_0.2.0-1PGSTY~resolute_amd64.ddeb	postgresql-15-ulak-dbgsym	0.2.0-1PGSTY~resolute	amd64	dbgsym	True
apt/resolute/extension-20260919/amd64/postgresql-15-ulak_0.2.0-1PGSTY~resolute_amd64.deb	postgresql-15-ulak	0.2.0-1PGSTY~resolute	amd64	main	True
apt/resolute/extension-20260919/amd64/postgresql-15-wrappers-dbgsym_0.6.3-1PGSTY~resolute_amd64.ddeb	postgresql-15-wrappers-dbgsym	0.6.3-1PGSTY~resolute	amd64	dbgsym	True
apt/resolute/extension-20260919/amd64/postgresql-15-wrappers_0.6.3-1PGSTY~resolute_amd64.deb	postgresql-15-wrappers	0.6.3-1PGSTY~resolute	amd64	main	True
apt/resolute/extension-20260919/amd64/postgresql-16-biscuit-dbgsym_3.1.0-1PGSTY~resolute_amd64.ddeb	postgresql-16-biscuit-dbgsym	3.1.0-1PGSTY~resolute	amd64	dbgsym	True
apt/resolute/extension-20260919/amd64/postgresql-16-biscuit_3.1.0-1PGSTY~resolute_amd64.deb	postgresql-16-biscuit	3.1.0-1PGSTY~resolute	amd64	main	True
apt/resolute/extension-20260919/amd64/postgresql-16-ddlx_0.31-1PGSTY~resolute_all.deb	postgresql-16-ddlx	0.31-1PGSTY~resolute	all	main	True
apt/resolute/extension-20260919/amd64/postgresql-16-documentdb-dbgsym_0.117-1PGSTY~resolute_amd64.ddeb	postgresql-16-documentdb-dbgsym	0.117-1PGSTY~resolute	amd64	dbgsym	True
apt/resolute/extension-20260919/amd64/postgresql-16-documentdb_0.117-1PGSTY~resolute_amd64.deb	postgresql-16-documentdb	0.117-1PGSTY~resolute	amd64	main	True
apt/resolute/extension-20260919/amd64/postgresql-16-jev_0.2.0-1PGSTY~resolute_all.deb	postgresql-16-jev	0.2.0-1PGSTY~resolute	all	main	True
apt/resolute/extension-20260919/amd64/postgresql-16-kafgres-dbgsym_0.1.0-1PGSTY~resolute_amd64.ddeb	postgresql-16-kafgres-dbgsym	0.1.0-1PGSTY~resolute	amd64	dbgsym	True
apt/resolute/extension-20260919/amd64/postgresql-16-kafgres_0.1.0-1PGSTY~resolute_amd64.deb	postgresql-16-kafgres	0.1.0-1PGSTY~resolute	amd64	main	True
apt/resolute/extension-20260919/amd64/postgresql-16-log-fdw-dbgsym_1.5-1PGSTY~resolute_amd64.ddeb	postgresql-16-log-fdw-dbgsym	1.5-1PGSTY~resolute	amd64	dbgsym	True
apt/resolute/extension-20260919/amd64/postgresql-16-log-fdw_1.5-1PGSTY~resolute_amd64.deb	postgresql-16-log-fdw	1.5-1PGSTY~resolute	amd64	main	True
apt/resolute/extension-20260919/amd64/postgresql-16-macavity-dbgsym_0.1.0-1PGSTY~resolute_amd64.ddeb	postgresql-16-macavity-dbgsym	0.1.0-1PGSTY~resolute	amd64	dbgsym	True
apt/resolute/extension-20260919/amd64/postgresql-16-macavity_0.1.0-1PGSTY~resolute_amd64.deb	postgresql-16-macavity	0.1.0-1PGSTY~resolute	amd64	main	True
apt/resolute/extension-20260919/amd64/postgresql-16-nominatim-fdw-dbgsym_2.2.0-1PGSTY~resolute_amd64.ddeb	postgresql-16-nominatim-fdw-dbgsym	2.2.0-1PGSTY~resolute	amd64	dbgsym	True
apt/resolute/extension-20260919/amd64/postgresql-16-nominatim-fdw_2.2.0-1PGSTY~resolute_amd64.deb	postgresql-16-nominatim-fdw	2.2.0-1PGSTY~resolute	amd64	main	True
apt/resolute/extension-20260919/amd64/postgresql-16-pg-circuit-dbgsym_0.1.0-1PGSTY~resolute_amd64.ddeb	postgresql-16-pg-circuit-dbgsym	0.1.0-1PGSTY~resolute	amd64	dbgsym	True
apt/resolute/extension-20260919/amd64/postgresql-16-pg-circuit_0.1.0-1PGSTY~resolute_amd64.deb	postgresql-16-pg-circuit	0.1.0-1PGSTY~resolute	amd64	main	True
apt/resolute/extension-20260919/amd64/postgresql-16-pg-curl-dbgsym_2.4.6-1PGSTY~resolute_amd64.ddeb	postgresql-16-pg-curl-dbgsym	2.4.6-1PGSTY~resolute	amd64	dbgsym	True
apt/resolute/extension-20260919/amd64/postgresql-16-pg-curl_2.4.6-1PGSTY~resolute_amd64.deb	postgresql-16-pg-curl	2.4.6-1PGSTY~resolute	amd64	main	True
apt/resolute/extension-20260919/amd64/postgresql-16-pg-durable-dbgsym_0.2.8-1PGSTY~resolute_amd64.ddeb	postgresql-16-pg-durable-dbgsym	0.2.8-1PGSTY~resolute	amd64	dbgsym	True
apt/resolute/extension-20260919/amd64/postgresql-16-pg-durable_0.2.8-1PGSTY~resolute_amd64.deb	postgresql-16-pg-durable	0.2.8-1PGSTY~resolute	amd64	main	True
apt/resolute/extension-20260919/amd64/postgresql-16-pg-grammar-guard_0.4.1-1PGSTY~resolute_all.deb	postgresql-16-pg-grammar-guard	0.4.1-1PGSTY~resolute	all	main	True
apt/resolute/extension-20260919/amd64/postgresql-16-pg-lake-dbgsym_3.5.1-1PGSTY~resolute_amd64.ddeb	postgresql-16-pg-lake-dbgsym	3.5.1-1PGSTY~resolute	amd64	dbgsym	True
apt/resolute/extension-20260919/amd64/postgresql-16-pg-lake_3.5.1-1PGSTY~resolute_amd64.deb	postgresql-16-pg-lake	3.5.1-1PGSTY~resolute	amd64	main	True
apt/resolute/extension-20260919/amd64/postgresql-16-pg-living-assertions_0.4.2-1PGSTY~resolute_all.deb	postgresql-16-pg-living-assertions	0.4.2-1PGSTY~resolute	all	main	True
apt/resolute/extension-20260919/amd64/postgresql-16-pg-local-cache-dbgsym_2.0.4-1PGSTY~resolute_amd64.ddeb	postgresql-16-pg-local-cache-dbgsym	2.0.4-1PGSTY~resolute	amd64	dbgsym	True
apt/resolute/extension-20260919/amd64/postgresql-16-pg-local-cache_2.0.4-1PGSTY~resolute_amd64.deb	postgresql-16-pg-local-cache	2.0.4-1PGSTY~resolute	amd64	main	True
apt/resolute/extension-20260919/amd64/postgresql-16-pg-profile_4.16-1PGSTY~resolute_all.deb	postgresql-16-pg-profile	4.16-1PGSTY~resolute	all	main	True
apt/resolute/extension-20260919/amd64/postgresql-16-pg-search-dbgsym_0.25.9-1PGSTY~resolute_amd64.ddeb	postgresql-16-pg-search-dbgsym	0.25.9-1PGSTY~resolute	amd64	dbgsym	True
apt/resolute/extension-20260919/amd64/postgresql-16-pg-search_0.25.9-1PGSTY~resolute_amd64.deb	postgresql-16-pg-search	0.25.9-1PGSTY~resolute	amd64	main	True
apt/resolute/extension-20260919/amd64/postgresql-16-pg-stat-monitor-dbgsym_2.4.0-1PGSTY~resolute_amd64.ddeb	postgresql-16-pg-stat-monitor-dbgsym	2.4.0-1PGSTY~resolute	amd64	dbgsym	True
apt/resolute/extension-20260919/amd64/postgresql-16-pg-stat-monitor_2.4.0-1PGSTY~resolute_amd64.deb	postgresql-16-pg-stat-monitor	2.4.0-1PGSTY~resolute	amd64	main	True
apt/resolute/extension-20260919/amd64/postgresql-16-pg-task-dbgsym_3.0.0-1PGSTY~resolute_amd64.ddeb	postgresql-16-pg-task-dbgsym	3.0.0-1PGSTY~resolute	amd64	dbgsym	True
apt/resolute/extension-20260919/amd64/postgresql-16-pg-task_3.0.0-1PGSTY~resolute_amd64.deb	postgresql-16-pg-task	3.0.0-1PGSTY~resolute	amd64	main	True
apt/resolute/extension-20260919/amd64/postgresql-16-pg-vectorize-dbgsym_0.27.1-1PGSTY~resolute_amd64.ddeb	postgresql-16-pg-vectorize-dbgsym	0.27.1-1PGSTY~resolute	amd64	dbgsym	True
apt/resolute/extension-20260919/amd64/postgresql-16-pg-vectorize_0.27.1-1PGSTY~resolute_amd64.deb	postgresql-16-pg-vectorize	0.27.1-1PGSTY~resolute	amd64	main	True
apt/resolute/extension-20260919/amd64/postgresql-16-pgmq_1.13.0-1PGSTY~resolute_all.deb	postgresql-16-pgmq	1.13.0-1PGSTY~resolute	all	main	True
apt/resolute/extension-20260919/amd64/postgresql-16-pgrdf-dbgsym_0.6.36-1PGSTY~resolute_amd64.ddeb	postgresql-16-pgrdf-dbgsym	0.6.36-1PGSTY~resolute	amd64	dbgsym	True
apt/resolute/extension-20260919/amd64/postgresql-16-pgrdf_0.6.36-1PGSTY~resolute_amd64.deb	postgresql-16-pgrdf	0.6.36-1PGSTY~resolute	amd64	main	True
apt/resolute/extension-20260919/amd64/postgresql-16-plpgsql-check-dbgsym_2.10.10-1PGSTY~resolute_amd64.ddeb	postgresql-16-plpgsql-check-dbgsym	2.10.10-1PGSTY~resolute	amd64	dbgsym	True
apt/resolute/extension-20260919/amd64/postgresql-16-plpgsql-check_2.10.10-1PGSTY~resolute_amd64.deb	postgresql-16-plpgsql-check	2.10.10-1PGSTY~resolute	amd64	main	True
apt/resolute/extension-20260919/amd64/postgresql-16-plprql-dbgsym_18.0.2-1PGSTY~resolute_amd64.ddeb	postgresql-16-plprql-dbgsym	18.0.2-1PGSTY~resolute	amd64	dbgsym	True
apt/resolute/extension-20260919/amd64/postgresql-16-plprql_18.0.2-1PGSTY~resolute_amd64.deb	postgresql-16-plprql	18.0.2-1PGSTY~resolute	amd64	main	True
apt/resolute/extension-20260919/amd64/postgresql-16-timescaledb-tsl-dbgsym_2.30.1-1PGSTY~resolute_amd64.ddeb	postgresql-16-timescaledb-tsl-dbgsym	2.30.1-1PGSTY~resolute	amd64	dbgsym	True
apt/resolute/extension-20260919/amd64/postgresql-16-timescaledb-tsl_2.30.1-1PGSTY~resolute_amd64.deb	postgresql-16-timescaledb-tsl	2.30.1-1PGSTY~resolute	amd64	main	True
apt/resolute/extension-20260919/amd64/postgresql-16-ulak-dbgsym_0.2.0-1PGSTY~resolute_amd64.ddeb	postgresql-16-ulak-dbgsym	0.2.0-1PGSTY~resolute	amd64	dbgsym	True
apt/resolute/extension-20260919/amd64/postgresql-16-ulak_0.2.0-1PGSTY~resolute_amd64.deb	postgresql-16-ulak	0.2.0-1PGSTY~resolute	amd64	main	True
apt/resolute/extension-20260919/amd64/postgresql-16-wrappers-dbgsym_0.6.3-1PGSTY~resolute_amd64.ddeb	postgresql-16-wrappers-dbgsym	0.6.3-1PGSTY~resolute	amd64	dbgsym	True
apt/resolute/extension-20260919/amd64/postgresql-16-wrappers_0.6.3-1PGSTY~resolute_amd64.deb	postgresql-16-wrappers	0.6.3-1PGSTY~resolute	amd64	main	True
apt/resolute/extension-20260919/amd64/postgresql-17-biscuit-dbgsym_3.1.0-1PGSTY~resolute_amd64.ddeb	postgresql-17-biscuit-dbgsym	3.1.0-1PGSTY~resolute	amd64	dbgsym	True
apt/resolute/extension-20260919/amd64/postgresql-17-biscuit_3.1.0-1PGSTY~resolute_amd64.deb	postgresql-17-biscuit	3.1.0-1PGSTY~resolute	amd64	main	True
apt/resolute/extension-20260919/amd64/postgresql-17-ddlx_0.31-1PGSTY~resolute_all.deb	postgresql-17-ddlx	0.31-1PGSTY~resolute	all	main	True
apt/resolute/extension-20260919/amd64/postgresql-17-documentdb-dbgsym_0.117-1PGSTY~resolute_amd64.ddeb	postgresql-17-documentdb-dbgsym	0.117-1PGSTY~resolute	amd64	dbgsym	True
apt/resolute/extension-20260919/amd64/postgresql-17-documentdb_0.117-1PGSTY~resolute_amd64.deb	postgresql-17-documentdb	0.117-1PGSTY~resolute	amd64	main	True
apt/resolute/extension-20260919/amd64/postgresql-17-jev_0.2.0-1PGSTY~resolute_all.deb	postgresql-17-jev	0.2.0-1PGSTY~resolute	all	main	True
apt/resolute/extension-20260919/amd64/postgresql-17-log-fdw-dbgsym_1.5-1PGSTY~resolute_amd64.ddeb	postgresql-17-log-fdw-dbgsym	1.5-1PGSTY~resolute	amd64	dbgsym	True
apt/resolute/extension-20260919/amd64/postgresql-17-log-fdw_1.5-1PGSTY~resolute_amd64.deb	postgresql-17-log-fdw	1.5-1PGSTY~resolute	amd64	main	True
apt/resolute/extension-20260919/amd64/postgresql-17-macavity-dbgsym_0.1.0-1PGSTY~resolute_amd64.ddeb	postgresql-17-macavity-dbgsym	0.1.0-1PGSTY~resolute	amd64	dbgsym	True
apt/resolute/extension-20260919/amd64/postgresql-17-macavity_0.1.0-1PGSTY~resolute_amd64.deb	postgresql-17-macavity	0.1.0-1PGSTY~resolute	amd64	main	True
apt/resolute/extension-20260919/amd64/postgresql-17-nominatim-fdw-dbgsym_2.2.0-1PGSTY~resolute_amd64.ddeb	postgresql-17-nominatim-fdw-dbgsym	2.2.0-1PGSTY~resolute	amd64	dbgsym	True
apt/resolute/extension-20260919/amd64/postgresql-17-nominatim-fdw_2.2.0-1PGSTY~resolute_amd64.deb	postgresql-17-nominatim-fdw	2.2.0-1PGSTY~resolute	amd64	main	True
apt/resolute/extension-20260919/amd64/postgresql-17-pg-circuit-dbgsym_0.1.0-1PGSTY~resolute_amd64.ddeb	postgresql-17-pg-circuit-dbgsym	0.1.0-1PGSTY~resolute	amd64	dbgsym	True
apt/resolute/extension-20260919/amd64/postgresql-17-pg-circuit_0.1.0-1PGSTY~resolute_amd64.deb	postgresql-17-pg-circuit	0.1.0-1PGSTY~resolute	amd64	main	True
apt/resolute/extension-20260919/amd64/postgresql-17-pg-curl-dbgsym_2.4.6-1PGSTY~resolute_amd64.ddeb	postgresql-17-pg-curl-dbgsym	2.4.6-1PGSTY~resolute	amd64	dbgsym	True
apt/resolute/extension-20260919/amd64/postgresql-17-pg-curl_2.4.6-1PGSTY~resolute_amd64.deb	postgresql-17-pg-curl	2.4.6-1PGSTY~resolute	amd64	main	True
apt/resolute/extension-20260919/amd64/postgresql-17-pg-durable-dbgsym_0.2.8-1PGSTY~resolute_amd64.ddeb	postgresql-17-pg-durable-dbgsym	0.2.8-1PGSTY~resolute	amd64	dbgsym	True
apt/resolute/extension-20260919/amd64/postgresql-17-pg-durable_0.2.8-1PGSTY~resolute_amd64.deb	postgresql-17-pg-durable	0.2.8-1PGSTY~resolute	amd64	main	True
apt/resolute/extension-20260919/amd64/postgresql-17-pg-fts-dbgsym_1.8.3-1PGSTY~resolute_amd64.ddeb	postgresql-17-pg-fts-dbgsym	1.8.3-1PGSTY~resolute	amd64	dbgsym	True
apt/resolute/extension-20260919/amd64/postgresql-17-pg-fts_1.8.3-1PGSTY~resolute_amd64.deb	postgresql-17-pg-fts	1.8.3-1PGSTY~resolute	amd64	main	True
apt/resolute/extension-20260919/amd64/postgresql-17-pg-grammar-guard_0.4.1-1PGSTY~resolute_all.deb	postgresql-17-pg-grammar-guard	0.4.1-1PGSTY~resolute	all	main	True
apt/resolute/extension-20260919/amd64/postgresql-17-pg-lake-dbgsym_3.5.1-1PGSTY~resolute_amd64.ddeb	postgresql-17-pg-lake-dbgsym	3.5.1-1PGSTY~resolute	amd64	dbgsym	True
apt/resolute/extension-20260919/amd64/postgresql-17-pg-lake_3.5.1-1PGSTY~resolute_amd64.deb	postgresql-17-pg-lake	3.5.1-1PGSTY~resolute	amd64	main	True
apt/resolute/extension-20260919/amd64/postgresql-17-pg-living-assertions_0.4.2-1PGSTY~resolute_all.deb	postgresql-17-pg-living-assertions	0.4.2-1PGSTY~resolute	all	main	True
apt/resolute/extension-20260919/amd64/postgresql-17-pg-local-cache-dbgsym_2.0.4-1PGSTY~resolute_amd64.ddeb	postgresql-17-pg-local-cache-dbgsym	2.0.4-1PGSTY~resolute	amd64	dbgsym	True
apt/resolute/extension-20260919/amd64/postgresql-17-pg-local-cache_2.0.4-1PGSTY~resolute_amd64.deb	postgresql-17-pg-local-cache	2.0.4-1PGSTY~resolute	amd64	main	True
apt/resolute/extension-20260919/amd64/postgresql-17-pg-profile_4.16-1PGSTY~resolute_all.deb	postgresql-17-pg-profile	4.16-1PGSTY~resolute	all	main	True
apt/resolute/extension-20260919/amd64/postgresql-17-pg-search-dbgsym_0.25.9-1PGSTY~resolute_amd64.ddeb	postgresql-17-pg-search-dbgsym	0.25.9-1PGSTY~resolute	amd64	dbgsym	True
apt/resolute/extension-20260919/amd64/postgresql-17-pg-search_0.25.9-1PGSTY~resolute_amd64.deb	postgresql-17-pg-search	0.25.9-1PGSTY~resolute	amd64	main	True
apt/resolute/extension-20260919/amd64/postgresql-17-pg-stat-monitor-dbgsym_2.4.0-1PGSTY~resolute_amd64.ddeb	postgresql-17-pg-stat-monitor-dbgsym	2.4.0-1PGSTY~resolute	amd64	dbgsym	True
apt/resolute/extension-20260919/amd64/postgresql-17-pg-stat-monitor_2.4.0-1PGSTY~resolute_amd64.deb	postgresql-17-pg-stat-monitor	2.4.0-1PGSTY~resolute	amd64	main	True
apt/resolute/extension-20260919/amd64/postgresql-17-pg-task-dbgsym_3.0.0-1PGSTY~resolute_amd64.ddeb	postgresql-17-pg-task-dbgsym	3.0.0-1PGSTY~resolute	amd64	dbgsym	True
apt/resolute/extension-20260919/amd64/postgresql-17-pg-task_3.0.0-1PGSTY~resolute_amd64.deb	postgresql-17-pg-task	3.0.0-1PGSTY~resolute	amd64	main	True
apt/resolute/extension-20260919/amd64/postgresql-17-pg-vault-tde-dbgsym_1.7.1-1PGSTY~resolute_amd64.ddeb	postgresql-17-pg-vault-tde-dbgsym	1.7.1-1PGSTY~resolute	amd64	dbgsym	True
apt/resolute/extension-20260919/amd64/postgresql-17-pg-vault-tde_1.7.1-1PGSTY~resolute_amd64.deb	postgresql-17-pg-vault-tde	1.7.1-1PGSTY~resolute	amd64	main	True
apt/resolute/extension-20260919/amd64/postgresql-17-pg-vectorize-dbgsym_0.27.1-1PGSTY~resolute_amd64.ddeb	postgresql-17-pg-vectorize-dbgsym	0.27.1-1PGSTY~resolute	amd64	dbgsym	True
apt/resolute/extension-20260919/amd64/postgresql-17-pg-vectorize_0.27.1-1PGSTY~resolute_amd64.deb	postgresql-17-pg-vectorize	0.27.1-1PGSTY~resolute	amd64	main	True
apt/resolute/extension-20260919/amd64/postgresql-17-pgmq_1.13.0-1PGSTY~resolute_all.deb	postgresql-17-pgmq	1.13.0-1PGSTY~resolute	all	main	True
apt/resolute/extension-20260919/amd64/postgresql-17-pgrdf-dbgsym_0.6.36-1PGSTY~resolute_amd64.ddeb	postgresql-17-pgrdf-dbgsym	0.6.36-1PGSTY~resolute	amd64	dbgsym	True
apt/resolute/extension-20260919/amd64/postgresql-17-pgrdf_0.6.36-1PGSTY~resolute_amd64.deb	postgresql-17-pgrdf	0.6.36-1PGSTY~resolute	amd64	main	True
apt/resolute/extension-20260919/amd64/postgresql-17-plpgsql-check-dbgsym_2.10.10-1PGSTY~resolute_amd64.ddeb	postgresql-17-plpgsql-check-dbgsym	2.10.10-1PGSTY~resolute	amd64	dbgsym	True
apt/resolute/extension-20260919/amd64/postgresql-17-plpgsql-check_2.10.10-1PGSTY~resolute_amd64.deb	postgresql-17-plpgsql-check	2.10.10-1PGSTY~resolute	amd64	main	True
apt/resolute/extension-20260919/amd64/postgresql-17-plprql-dbgsym_18.0.2-1PGSTY~resolute_amd64.ddeb	postgresql-17-plprql-dbgsym	18.0.2-1PGSTY~resolute	amd64	dbgsym	True
apt/resolute/extension-20260919/amd64/postgresql-17-plprql_18.0.2-1PGSTY~resolute_amd64.deb	postgresql-17-plprql	18.0.2-1PGSTY~resolute	amd64	main	True
apt/resolute/extension-20260919/amd64/postgresql-17-psql-bm25s-dbgsym_0.4.14-1PGSTY~resolute_amd64.ddeb	postgresql-17-psql-bm25s-dbgsym	0.4.14-1PGSTY~resolute	amd64	dbgsym	True
apt/resolute/extension-20260919/amd64/postgresql-17-psql-bm25s_0.4.14-1PGSTY~resolute_amd64.deb	postgresql-17-psql-bm25s	0.4.14-1PGSTY~resolute	amd64	main	True
apt/resolute/extension-20260919/amd64/postgresql-17-timescaledb-tsl-dbgsym_2.30.1-1PGSTY~resolute_amd64.ddeb	postgresql-17-timescaledb-tsl-dbgsym	2.30.1-1PGSTY~resolute	amd64	dbgsym	True
apt/resolute/extension-20260919/amd64/postgresql-17-timescaledb-tsl_2.30.1-1PGSTY~resolute_amd64.deb	postgresql-17-timescaledb-tsl	2.30.1-1PGSTY~resolute	amd64	main	True
apt/resolute/extension-20260919/amd64/postgresql-17-ulak-dbgsym_0.2.0-1PGSTY~resolute_amd64.ddeb	postgresql-17-ulak-dbgsym	0.2.0-1PGSTY~resolute	amd64	dbgsym	True
apt/resolute/extension-20260919/amd64/postgresql-17-ulak_0.2.0-1PGSTY~resolute_amd64.deb	postgresql-17-ulak	0.2.0-1PGSTY~resolute	amd64	main	True
apt/resolute/extension-20260919/amd64/postgresql-17-wrappers-dbgsym_0.6.3-1PGSTY~resolute_amd64.ddeb	postgresql-17-wrappers-dbgsym	0.6.3-1PGSTY~resolute	amd64	dbgsym	True
apt/resolute/extension-20260919/amd64/postgresql-17-wrappers_0.6.3-1PGSTY~resolute_amd64.deb	postgresql-17-wrappers	0.6.3-1PGSTY~resolute	amd64	main	True
apt/resolute/extension-20260919/amd64/postgresql-18-biscuit-dbgsym_3.1.0-1PGSTY~resolute_amd64.ddeb	postgresql-18-biscuit-dbgsym	3.1.0-1PGSTY~resolute	amd64	dbgsym	True
apt/resolute/extension-20260919/amd64/postgresql-18-biscuit_3.1.0-1PGSTY~resolute_amd64.deb	postgresql-18-biscuit	3.1.0-1PGSTY~resolute	amd64	main	True
apt/resolute/extension-20260919/amd64/postgresql-18-ddlx_0.31-1PGSTY~resolute_all.deb	postgresql-18-ddlx	0.31-1PGSTY~resolute	all	main	True
apt/resolute/extension-20260919/amd64/postgresql-18-documentdb-dbgsym_0.117-1PGSTY~resolute_amd64.ddeb	postgresql-18-documentdb-dbgsym	0.117-1PGSTY~resolute	amd64	dbgsym	True
apt/resolute/extension-20260919/amd64/postgresql-18-documentdb_0.117-1PGSTY~resolute_amd64.deb	postgresql-18-documentdb	0.117-1PGSTY~resolute	amd64	main	True
apt/resolute/extension-20260919/amd64/postgresql-18-log-fdw-dbgsym_1.5-1PGSTY~resolute_amd64.ddeb	postgresql-18-log-fdw-dbgsym	1.5-1PGSTY~resolute	amd64	dbgsym	True
apt/resolute/extension-20260919/amd64/postgresql-18-log-fdw_1.5-1PGSTY~resolute_amd64.deb	postgresql-18-log-fdw	1.5-1PGSTY~resolute	amd64	main	True
apt/resolute/extension-20260919/amd64/postgresql-18-macavity-dbgsym_0.1.0-1PGSTY~resolute_amd64.ddeb	postgresql-18-macavity-dbgsym	0.1.0-1PGSTY~resolute	amd64	dbgsym	True
apt/resolute/extension-20260919/amd64/postgresql-18-macavity_0.1.0-1PGSTY~resolute_amd64.deb	postgresql-18-macavity	0.1.0-1PGSTY~resolute	amd64	main	True
apt/resolute/extension-20260919/amd64/postgresql-18-nominatim-fdw-dbgsym_2.2.0-1PGSTY~resolute_amd64.ddeb	postgresql-18-nominatim-fdw-dbgsym	2.2.0-1PGSTY~resolute	amd64	dbgsym	True
apt/resolute/extension-20260919/amd64/postgresql-18-nominatim-fdw_2.2.0-1PGSTY~resolute_amd64.deb	postgresql-18-nominatim-fdw	2.2.0-1PGSTY~resolute	amd64	main	True
apt/resolute/extension-20260919/amd64/postgresql-18-pg-circuit-dbgsym_0.1.0-1PGSTY~resolute_amd64.ddeb	postgresql-18-pg-circuit-dbgsym	0.1.0-1PGSTY~resolute	amd64	dbgsym	True
apt/resolute/extension-20260919/amd64/postgresql-18-pg-circuit_0.1.0-1PGSTY~resolute_amd64.deb	postgresql-18-pg-circuit	0.1.0-1PGSTY~resolute	amd64	main	True
apt/resolute/extension-20260919/amd64/postgresql-18-pg-curl-dbgsym_2.4.6-1PGSTY~resolute_amd64.ddeb	postgresql-18-pg-curl-dbgsym	2.4.6-1PGSTY~resolute	amd64	dbgsym	True
apt/resolute/extension-20260919/amd64/postgresql-18-pg-curl_2.4.6-1PGSTY~resolute_amd64.deb	postgresql-18-pg-curl	2.4.6-1PGSTY~resolute	amd64	main	True
apt/resolute/extension-20260919/amd64/postgresql-18-pg-durable-dbgsym_0.2.8-1PGSTY~resolute_amd64.ddeb	postgresql-18-pg-durable-dbgsym	0.2.8-1PGSTY~resolute	amd64	dbgsym	True
apt/resolute/extension-20260919/amd64/postgresql-18-pg-durable_0.2.8-1PGSTY~resolute_amd64.deb	postgresql-18-pg-durable	0.2.8-1PGSTY~resolute	amd64	main	True
apt/resolute/extension-20260919/amd64/postgresql-18-pg-fts-dbgsym_1.8.3-1PGSTY~resolute_amd64.ddeb	postgresql-18-pg-fts-dbgsym	1.8.3-1PGSTY~resolute	amd64	dbgsym	True
apt/resolute/extension-20260919/amd64/postgresql-18-pg-fts_1.8.3-1PGSTY~resolute_amd64.deb	postgresql-18-pg-fts	1.8.3-1PGSTY~resolute	amd64	main	True
apt/resolute/extension-20260919/amd64/postgresql-18-pg-grammar-guard_0.4.1-1PGSTY~resolute_all.deb	postgresql-18-pg-grammar-guard	0.4.1-1PGSTY~resolute	all	main	True
apt/resolute/extension-20260919/amd64/postgresql-18-pg-lake-dbgsym_3.5.1-1PGSTY~resolute_amd64.ddeb	postgresql-18-pg-lake-dbgsym	3.5.1-1PGSTY~resolute	amd64	dbgsym	True
apt/resolute/extension-20260919/amd64/postgresql-18-pg-lake_3.5.1-1PGSTY~resolute_amd64.deb	postgresql-18-pg-lake	3.5.1-1PGSTY~resolute	amd64	main	True
apt/resolute/extension-20260919/amd64/postgresql-18-pg-living-assertions_0.4.2-1PGSTY~resolute_all.deb	postgresql-18-pg-living-assertions	0.4.2-1PGSTY~resolute	all	main	True
apt/resolute/extension-20260919/amd64/postgresql-18-pg-local-cache-dbgsym_2.0.4-1PGSTY~resolute_amd64.ddeb	postgresql-18-pg-local-cache-dbgsym	2.0.4-1PGSTY~resolute	amd64	dbgsym	True
apt/resolute/extension-20260919/amd64/postgresql-18-pg-local-cache_2.0.4-1PGSTY~resolute_amd64.deb	postgresql-18-pg-local-cache	2.0.4-1PGSTY~resolute	amd64	main	True
apt/resolute/extension-20260919/amd64/postgresql-18-pg-profile_4.16-1PGSTY~resolute_all.deb	postgresql-18-pg-profile	4.16-1PGSTY~resolute	all	main	True
apt/resolute/extension-20260919/amd64/postgresql-18-pg-search-dbgsym_0.25.9-1PGSTY~resolute_amd64.ddeb	postgresql-18-pg-search-dbgsym	0.25.9-1PGSTY~resolute	amd64	dbgsym	True
apt/resolute/extension-20260919/amd64/postgresql-18-pg-search_0.25.9-1PGSTY~resolute_amd64.deb	postgresql-18-pg-search	0.25.9-1PGSTY~resolute	amd64	main	True
apt/resolute/extension-20260919/amd64/postgresql-18-pg-stat-monitor-dbgsym_2.4.0-1PGSTY~resolute_amd64.ddeb	postgresql-18-pg-stat-monitor-dbgsym	2.4.0-1PGSTY~resolute	amd64	dbgsym	True
apt/resolute/extension-20260919/amd64/postgresql-18-pg-stat-monitor_2.4.0-1PGSTY~resolute_amd64.deb	postgresql-18-pg-stat-monitor	2.4.0-1PGSTY~resolute	amd64	main	True
apt/resolute/extension-20260919/amd64/postgresql-18-pg-task-dbgsym_3.0.0-1PGSTY~resolute_amd64.ddeb	postgresql-18-pg-task-dbgsym	3.0.0-1PGSTY~resolute	amd64	dbgsym	True
apt/resolute/extension-20260919/amd64/postgresql-18-pg-task_3.0.0-1PGSTY~resolute_amd64.deb	postgresql-18-pg-task	3.0.0-1PGSTY~resolute	amd64	main	True
apt/resolute/extension-20260919/amd64/postgresql-18-pg-trickle-dbgsym_0.107.0-1PGSTY~resolute_amd64.ddeb	postgresql-18-pg-trickle-dbgsym	0.107.0-1PGSTY~resolute	amd64	dbgsym	True
apt/resolute/extension-20260919/amd64/postgresql-18-pg-trickle_0.107.0-1PGSTY~resolute_amd64.deb	postgresql-18-pg-trickle	0.107.0-1PGSTY~resolute	amd64	main	True
apt/resolute/extension-20260919/amd64/postgresql-18-pg-vault-tde-dbgsym_1.7.1-1PGSTY~resolute_amd64.ddeb	postgresql-18-pg-vault-tde-dbgsym	1.7.1-1PGSTY~resolute	amd64	dbgsym	True
apt/resolute/extension-20260919/amd64/postgresql-18-pg-vault-tde_1.7.1-1PGSTY~resolute_amd64.deb	postgresql-18-pg-vault-tde	1.7.1-1PGSTY~resolute	amd64	main	True
apt/resolute/extension-20260919/amd64/postgresql-18-pg-vectorize-dbgsym_0.27.1-1PGSTY~resolute_amd64.ddeb	postgresql-18-pg-vectorize-dbgsym	0.27.1-1PGSTY~resolute	amd64	dbgsym	True
apt/resolute/extension-20260919/amd64/postgresql-18-pg-vectorize_0.27.1-1PGSTY~resolute_amd64.deb	postgresql-18-pg-vectorize	0.27.1-1PGSTY~resolute	amd64	main	True
apt/resolute/extension-20260919/amd64/postgresql-18-pgmq_1.13.0-1PGSTY~resolute_all.deb	postgresql-18-pgmq	1.13.0-1PGSTY~resolute	all	main	True
apt/resolute/extension-20260919/amd64/postgresql-18-pgrdf-dbgsym_0.6.36-1PGSTY~resolute_amd64.ddeb	postgresql-18-pgrdf-dbgsym	0.6.36-1PGSTY~resolute	amd64	dbgsym	True
apt/resolute/extension-20260919/amd64/postgresql-18-pgrdf_0.6.36-1PGSTY~resolute_amd64.deb	postgresql-18-pgrdf	0.6.36-1PGSTY~resolute	amd64	main	True
apt/resolute/extension-20260919/amd64/postgresql-18-plpgsql-check-dbgsym_2.10.10-1PGSTY~resolute_amd64.ddeb	postgresql-18-plpgsql-check-dbgsym	2.10.10-1PGSTY~resolute	amd64	dbgsym	True
apt/resolute/extension-20260919/amd64/postgresql-18-plpgsql-check_2.10.10-1PGSTY~resolute_amd64.deb	postgresql-18-plpgsql-check	2.10.10-1PGSTY~resolute	amd64	main	True
apt/resolute/extension-20260919/amd64/postgresql-18-plprql-dbgsym_18.0.2-1PGSTY~resolute_amd64.ddeb	postgresql-18-plprql-dbgsym	18.0.2-1PGSTY~resolute	amd64	dbgsym	True
apt/resolute/extension-20260919/amd64/postgresql-18-plprql_18.0.2-1PGSTY~resolute_amd64.deb	postgresql-18-plprql	18.0.2-1PGSTY~resolute	amd64	main	True
apt/resolute/extension-20260919/amd64/postgresql-18-psql-bm25s-dbgsym_0.4.14-1PGSTY~resolute_amd64.ddeb	postgresql-18-psql-bm25s-dbgsym	0.4.14-1PGSTY~resolute	amd64	dbgsym	True
apt/resolute/extension-20260919/amd64/postgresql-18-psql-bm25s_0.4.14-1PGSTY~resolute_amd64.deb	postgresql-18-psql-bm25s	0.4.14-1PGSTY~resolute	amd64	main	True
apt/resolute/extension-20260919/amd64/postgresql-18-timescaledb-tsl-dbgsym_2.30.1-1PGSTY~resolute_amd64.ddeb	postgresql-18-timescaledb-tsl-dbgsym	2.30.1-1PGSTY~resolute	amd64	dbgsym	True
apt/resolute/extension-20260919/amd64/postgresql-18-timescaledb-tsl_2.30.1-1PGSTY~resolute_amd64.deb	postgresql-18-timescaledb-tsl	2.30.1-1PGSTY~resolute	amd64	main	True
apt/resolute/extension-20260919/amd64/postgresql-18-ulak-dbgsym_0.2.0-1PGSTY~resolute_amd64.ddeb	postgresql-18-ulak-dbgsym	0.2.0-1PGSTY~resolute	amd64	dbgsym	True
apt/resolute/extension-20260919/amd64/postgresql-18-ulak_0.2.0-1PGSTY~resolute_amd64.deb	postgresql-18-ulak	0.2.0-1PGSTY~resolute	amd64	main	True
apt/resolute/extension-20260919/amd64/postgresql-18-wrappers-dbgsym_0.6.3-1PGSTY~resolute_amd64.ddeb	postgresql-18-wrappers-dbgsym	0.6.3-1PGSTY~resolute	amd64	dbgsym	True
apt/resolute/extension-20260919/amd64/postgresql-18-wrappers_0.6.3-1PGSTY~resolute_amd64.deb	postgresql-18-wrappers	0.6.3-1PGSTY~resolute	amd64	main	True
apt/resolute/extension-20260919/arm64/ivorysql-18-dbgsym_5.6-1PGSTY~resolute_arm64.ddeb	ivorysql-18-dbgsym	5.6-1PGSTY~resolute	arm64	dbgsym	True
apt/resolute/extension-20260919/arm64/ivorysql-18_5.6-1PGSTY~resolute_arm64.deb	ivorysql-18	5.6-1PGSTY~resolute	arm64	main	True
apt/resolute/extension-20260919/arm64/postgresql-14-ddlx_0.31-1PGSTY~resolute_all.deb	postgresql-14-ddlx	0.31-1PGSTY~resolute	all	main	True
apt/resolute/extension-20260919/arm64/postgresql-14-jev_0.2.0-1PGSTY~resolute_all.deb	postgresql-14-jev	0.2.0-1PGSTY~resolute	all	main	True
apt/resolute/extension-20260919/arm64/postgresql-14-log-fdw-dbgsym_1.5-1PGSTY~resolute_arm64.ddeb	postgresql-14-log-fdw-dbgsym	1.5-1PGSTY~resolute	arm64	dbgsym	True
apt/resolute/extension-20260919/arm64/postgresql-14-log-fdw_1.5-1PGSTY~resolute_arm64.deb	postgresql-14-log-fdw	1.5-1PGSTY~resolute	arm64	main	True
apt/resolute/extension-20260919/arm64/postgresql-14-nominatim-fdw-dbgsym_2.2.0-1PGSTY~resolute_arm64.ddeb	postgresql-14-nominatim-fdw-dbgsym	2.2.0-1PGSTY~resolute	arm64	dbgsym	True
apt/resolute/extension-20260919/arm64/postgresql-14-nominatim-fdw_2.2.0-1PGSTY~resolute_arm64.deb	postgresql-14-nominatim-fdw	2.2.0-1PGSTY~resolute	arm64	main	True
apt/resolute/extension-20260919/arm64/postgresql-14-pg-curl-dbgsym_2.4.6-1PGSTY~resolute_arm64.ddeb	postgresql-14-pg-curl-dbgsym	2.4.6-1PGSTY~resolute	arm64	dbgsym	True
apt/resolute/extension-20260919/arm64/postgresql-14-pg-curl_2.4.6-1PGSTY~resolute_arm64.deb	postgresql-14-pg-curl	2.4.6-1PGSTY~resolute	arm64	main	True
apt/resolute/extension-20260919/arm64/postgresql-14-pg-durable-dbgsym_0.2.8-1PGSTY~resolute_arm64.ddeb	postgresql-14-pg-durable-dbgsym	0.2.8-1PGSTY~resolute	arm64	dbgsym	True
apt/resolute/extension-20260919/arm64/postgresql-14-pg-durable_0.2.8-1PGSTY~resolute_arm64.deb	postgresql-14-pg-durable	0.2.8-1PGSTY~resolute	arm64	main	True
apt/resolute/extension-20260919/arm64/postgresql-14-pg-grammar-guard_0.4.1-1PGSTY~resolute_all.deb	postgresql-14-pg-grammar-guard	0.4.1-1PGSTY~resolute	all	main	True
apt/resolute/extension-20260919/arm64/postgresql-14-pg-living-assertions_0.4.2-1PGSTY~resolute_all.deb	postgresql-14-pg-living-assertions	0.4.2-1PGSTY~resolute	all	main	True
apt/resolute/extension-20260919/arm64/postgresql-14-pg-local-cache-dbgsym_2.0.4-1PGSTY~resolute_arm64.ddeb	postgresql-14-pg-local-cache-dbgsym	2.0.4-1PGSTY~resolute	arm64	dbgsym	True
apt/resolute/extension-20260919/arm64/postgresql-14-pg-local-cache_2.0.4-1PGSTY~resolute_arm64.deb	postgresql-14-pg-local-cache	2.0.4-1PGSTY~resolute	arm64	main	True
apt/resolute/extension-20260919/arm64/postgresql-14-pg-profile_4.16-1PGSTY~resolute_all.deb	postgresql-14-pg-profile	4.16-1PGSTY~resolute	all	main	True
apt/resolute/extension-20260919/arm64/postgresql-14-pg-stat-monitor-dbgsym_2.4.0-1PGSTY~resolute_arm64.ddeb	postgresql-14-pg-stat-monitor-dbgsym	2.4.0-1PGSTY~resolute	arm64	dbgsym	True
apt/resolute/extension-20260919/arm64/postgresql-14-pg-stat-monitor_2.4.0-1PGSTY~resolute_arm64.deb	postgresql-14-pg-stat-monitor	2.4.0-1PGSTY~resolute	arm64	main	True
apt/resolute/extension-20260919/arm64/postgresql-14-pg-task-dbgsym_3.0.0-1PGSTY~resolute_arm64.ddeb	postgresql-14-pg-task-dbgsym	3.0.0-1PGSTY~resolute	arm64	dbgsym	True
apt/resolute/extension-20260919/arm64/postgresql-14-pg-task_3.0.0-1PGSTY~resolute_arm64.deb	postgresql-14-pg-task	3.0.0-1PGSTY~resolute	arm64	main	True
apt/resolute/extension-20260919/arm64/postgresql-14-pg-vectorize-dbgsym_0.27.1-1PGSTY~resolute_arm64.ddeb	postgresql-14-pg-vectorize-dbgsym	0.27.1-1PGSTY~resolute	arm64	dbgsym	True
apt/resolute/extension-20260919/arm64/postgresql-14-pg-vectorize_0.27.1-1PGSTY~resolute_arm64.deb	postgresql-14-pg-vectorize	0.27.1-1PGSTY~resolute	arm64	main	True
apt/resolute/extension-20260919/arm64/postgresql-14-pgmq_1.13.0-1PGSTY~resolute_all.deb	postgresql-14-pgmq	1.13.0-1PGSTY~resolute	all	main	True
apt/resolute/extension-20260919/arm64/postgresql-14-pgrdf-dbgsym_0.6.36-1PGSTY~resolute_arm64.ddeb	postgresql-14-pgrdf-dbgsym	0.6.36-1PGSTY~resolute	arm64	dbgsym	True
apt/resolute/extension-20260919/arm64/postgresql-14-pgrdf_0.6.36-1PGSTY~resolute_arm64.deb	postgresql-14-pgrdf	0.6.36-1PGSTY~resolute	arm64	main	True
apt/resolute/extension-20260919/arm64/postgresql-14-plpgsql-check-dbgsym_2.10.10-1PGSTY~resolute_arm64.ddeb	postgresql-14-plpgsql-check-dbgsym	2.10.10-1PGSTY~resolute	arm64	dbgsym	True
apt/resolute/extension-20260919/arm64/postgresql-14-plpgsql-check_2.10.10-1PGSTY~resolute_arm64.deb	postgresql-14-plpgsql-check	2.10.10-1PGSTY~resolute	arm64	main	True
apt/resolute/extension-20260919/arm64/postgresql-14-plprql-dbgsym_18.0.2-1PGSTY~resolute_arm64.ddeb	postgresql-14-plprql-dbgsym	18.0.2-1PGSTY~resolute	arm64	dbgsym	True
apt/resolute/extension-20260919/arm64/postgresql-14-plprql_18.0.2-1PGSTY~resolute_arm64.deb	postgresql-14-plprql	18.0.2-1PGSTY~resolute	arm64	main	True
apt/resolute/extension-20260919/arm64/postgresql-14-ulak-dbgsym_0.2.0-1PGSTY~resolute_arm64.ddeb	postgresql-14-ulak-dbgsym	0.2.0-1PGSTY~resolute	arm64	dbgsym	True
apt/resolute/extension-20260919/arm64/postgresql-14-ulak_0.2.0-1PGSTY~resolute_arm64.deb	postgresql-14-ulak	0.2.0-1PGSTY~resolute	arm64	main	True
apt/resolute/extension-20260919/arm64/postgresql-14-wrappers-dbgsym_0.6.3-1PGSTY~resolute_arm64.ddeb	postgresql-14-wrappers-dbgsym	0.6.3-1PGSTY~resolute	arm64	dbgsym	True
apt/resolute/extension-20260919/arm64/postgresql-14-wrappers_0.6.3-1PGSTY~resolute_arm64.deb	postgresql-14-wrappers	0.6.3-1PGSTY~resolute	arm64	main	True
apt/resolute/extension-20260919/arm64/postgresql-15-ddlx_0.31-1PGSTY~resolute_all.deb	postgresql-15-ddlx	0.31-1PGSTY~resolute	all	main	True
apt/resolute/extension-20260919/arm64/postgresql-15-documentdb-dbgsym_0.117-1PGSTY~resolute_arm64.ddeb	postgresql-15-documentdb-dbgsym	0.117-1PGSTY~resolute	arm64	dbgsym	True
apt/resolute/extension-20260919/arm64/postgresql-15-documentdb_0.117-1PGSTY~resolute_arm64.deb	postgresql-15-documentdb	0.117-1PGSTY~resolute	arm64	main	True
apt/resolute/extension-20260919/arm64/postgresql-15-jev_0.2.0-1PGSTY~resolute_all.deb	postgresql-15-jev	0.2.0-1PGSTY~resolute	all	main	True
apt/resolute/extension-20260919/arm64/postgresql-15-log-fdw-dbgsym_1.5-1PGSTY~resolute_arm64.ddeb	postgresql-15-log-fdw-dbgsym	1.5-1PGSTY~resolute	arm64	dbgsym	True
apt/resolute/extension-20260919/arm64/postgresql-15-log-fdw_1.5-1PGSTY~resolute_arm64.deb	postgresql-15-log-fdw	1.5-1PGSTY~resolute	arm64	main	True
apt/resolute/extension-20260919/arm64/postgresql-15-nominatim-fdw-dbgsym_2.2.0-1PGSTY~resolute_arm64.ddeb	postgresql-15-nominatim-fdw-dbgsym	2.2.0-1PGSTY~resolute	arm64	dbgsym	True
apt/resolute/extension-20260919/arm64/postgresql-15-nominatim-fdw_2.2.0-1PGSTY~resolute_arm64.deb	postgresql-15-nominatim-fdw	2.2.0-1PGSTY~resolute	arm64	main	True
apt/resolute/extension-20260919/arm64/postgresql-15-pg-curl-dbgsym_2.4.6-1PGSTY~resolute_arm64.ddeb	postgresql-15-pg-curl-dbgsym	2.4.6-1PGSTY~resolute	arm64	dbgsym	True
apt/resolute/extension-20260919/arm64/postgresql-15-pg-curl_2.4.6-1PGSTY~resolute_arm64.deb	postgresql-15-pg-curl	2.4.6-1PGSTY~resolute	arm64	main	True
apt/resolute/extension-20260919/arm64/postgresql-15-pg-durable-dbgsym_0.2.8-1PGSTY~resolute_arm64.ddeb	postgresql-15-pg-durable-dbgsym	0.2.8-1PGSTY~resolute	arm64	dbgsym	True
apt/resolute/extension-20260919/arm64/postgresql-15-pg-durable_0.2.8-1PGSTY~resolute_arm64.deb	postgresql-15-pg-durable	0.2.8-1PGSTY~resolute	arm64	main	True
apt/resolute/extension-20260919/arm64/postgresql-15-pg-grammar-guard_0.4.1-1PGSTY~resolute_all.deb	postgresql-15-pg-grammar-guard	0.4.1-1PGSTY~resolute	all	main	True
apt/resolute/extension-20260919/arm64/postgresql-15-pg-living-assertions_0.4.2-1PGSTY~resolute_all.deb	postgresql-15-pg-living-assertions	0.4.2-1PGSTY~resolute	all	main	True
apt/resolute/extension-20260919/arm64/postgresql-15-pg-local-cache-dbgsym_2.0.4-1PGSTY~resolute_arm64.ddeb	postgresql-15-pg-local-cache-dbgsym	2.0.4-1PGSTY~resolute	arm64	dbgsym	True
apt/resolute/extension-20260919/arm64/postgresql-15-pg-local-cache_2.0.4-1PGSTY~resolute_arm64.deb	postgresql-15-pg-local-cache	2.0.4-1PGSTY~resolute	arm64	main	True
apt/resolute/extension-20260919/arm64/postgresql-15-pg-profile_4.16-1PGSTY~resolute_all.deb	postgresql-15-pg-profile	4.16-1PGSTY~resolute	all	main	True
apt/resolute/extension-20260919/arm64/postgresql-15-pg-search-dbgsym_0.25.9-1PGSTY~resolute_arm64.ddeb	postgresql-15-pg-search-dbgsym	0.25.9-1PGSTY~resolute	arm64	dbgsym	True
apt/resolute/extension-20260919/arm64/postgresql-15-pg-search_0.25.9-1PGSTY~resolute_arm64.deb	postgresql-15-pg-search	0.25.9-1PGSTY~resolute	arm64	main	True
apt/resolute/extension-20260919/arm64/postgresql-15-pg-stat-monitor-dbgsym_2.4.0-1PGSTY~resolute_arm64.ddeb	postgresql-15-pg-stat-monitor-dbgsym	2.4.0-1PGSTY~resolute	arm64	dbgsym	True
apt/resolute/extension-20260919/arm64/postgresql-15-pg-stat-monitor_2.4.0-1PGSTY~resolute_arm64.deb	postgresql-15-pg-stat-monitor	2.4.0-1PGSTY~resolute	arm64	main	True
apt/resolute/extension-20260919/arm64/postgresql-15-pg-task-dbgsym_3.0.0-1PGSTY~resolute_arm64.ddeb	postgresql-15-pg-task-dbgsym	3.0.0-1PGSTY~resolute	arm64	dbgsym	True
apt/resolute/extension-20260919/arm64/postgresql-15-pg-task_3.0.0-1PGSTY~resolute_arm64.deb	postgresql-15-pg-task	3.0.0-1PGSTY~resolute	arm64	main	True
apt/resolute/extension-20260919/arm64/postgresql-15-pg-vectorize-dbgsym_0.27.1-1PGSTY~resolute_arm64.ddeb	postgresql-15-pg-vectorize-dbgsym	0.27.1-1PGSTY~resolute	arm64	dbgsym	True
apt/resolute/extension-20260919/arm64/postgresql-15-pg-vectorize_0.27.1-1PGSTY~resolute_arm64.deb	postgresql-15-pg-vectorize	0.27.1-1PGSTY~resolute	arm64	main	True
apt/resolute/extension-20260919/arm64/postgresql-15-pgmq_1.13.0-1PGSTY~resolute_all.deb	postgresql-15-pgmq	1.13.0-1PGSTY~resolute	all	main	True
apt/resolute/extension-20260919/arm64/postgresql-15-pgrdf-dbgsym_0.6.36-1PGSTY~resolute_arm64.ddeb	postgresql-15-pgrdf-dbgsym	0.6.36-1PGSTY~resolute	arm64	dbgsym	True
apt/resolute/extension-20260919/arm64/postgresql-15-pgrdf_0.6.36-1PGSTY~resolute_arm64.deb	postgresql-15-pgrdf	0.6.36-1PGSTY~resolute	arm64	main	True
apt/resolute/extension-20260919/arm64/postgresql-15-plpgsql-check-dbgsym_2.10.10-1PGSTY~resolute_arm64.ddeb	postgresql-15-plpgsql-check-dbgsym	2.10.10-1PGSTY~resolute	arm64	dbgsym	True
apt/resolute/extension-20260919/arm64/postgresql-15-plpgsql-check_2.10.10-1PGSTY~resolute_arm64.deb	postgresql-15-plpgsql-check	2.10.10-1PGSTY~resolute	arm64	main	True
apt/resolute/extension-20260919/arm64/postgresql-15-plprql-dbgsym_18.0.2-1PGSTY~resolute_arm64.ddeb	postgresql-15-plprql-dbgsym	18.0.2-1PGSTY~resolute	arm64	dbgsym	True
apt/resolute/extension-20260919/arm64/postgresql-15-plprql_18.0.2-1PGSTY~resolute_arm64.deb	postgresql-15-plprql	18.0.2-1PGSTY~resolute	arm64	main	True
apt/resolute/extension-20260919/arm64/postgresql-15-ulak-dbgsym_0.2.0-1PGSTY~resolute_arm64.ddeb	postgresql-15-ulak-dbgsym	0.2.0-1PGSTY~resolute	arm64	dbgsym	True
apt/resolute/extension-20260919/arm64/postgresql-15-ulak_0.2.0-1PGSTY~resolute_arm64.deb	postgresql-15-ulak	0.2.0-1PGSTY~resolute	arm64	main	True
apt/resolute/extension-20260919/arm64/postgresql-15-wrappers-dbgsym_0.6.3-1PGSTY~resolute_arm64.ddeb	postgresql-15-wrappers-dbgsym	0.6.3-1PGSTY~resolute	arm64	dbgsym	True
apt/resolute/extension-20260919/arm64/postgresql-15-wrappers_0.6.3-1PGSTY~resolute_arm64.deb	postgresql-15-wrappers	0.6.3-1PGSTY~resolute	arm64	main	True
apt/resolute/extension-20260919/arm64/postgresql-16-biscuit-dbgsym_3.1.0-1PGSTY~resolute_arm64.ddeb	postgresql-16-biscuit-dbgsym	3.1.0-1PGSTY~resolute	arm64	dbgsym	True
apt/resolute/extension-20260919/arm64/postgresql-16-biscuit_3.1.0-1PGSTY~resolute_arm64.deb	postgresql-16-biscuit	3.1.0-1PGSTY~resolute	arm64	main	True
apt/resolute/extension-20260919/arm64/postgresql-16-ddlx_0.31-1PGSTY~resolute_all.deb	postgresql-16-ddlx	0.31-1PGSTY~resolute	all	main	True
apt/resolute/extension-20260919/arm64/postgresql-16-documentdb-dbgsym_0.117-1PGSTY~resolute_arm64.ddeb	postgresql-16-documentdb-dbgsym	0.117-1PGSTY~resolute	arm64	dbgsym	True
apt/resolute/extension-20260919/arm64/postgresql-16-documentdb_0.117-1PGSTY~resolute_arm64.deb	postgresql-16-documentdb	0.117-1PGSTY~resolute	arm64	main	True
apt/resolute/extension-20260919/arm64/postgresql-16-jev_0.2.0-1PGSTY~resolute_all.deb	postgresql-16-jev	0.2.0-1PGSTY~resolute	all	main	True
apt/resolute/extension-20260919/arm64/postgresql-16-kafgres-dbgsym_0.1.0-1PGSTY~resolute_arm64.ddeb	postgresql-16-kafgres-dbgsym	0.1.0-1PGSTY~resolute	arm64	dbgsym	True
apt/resolute/extension-20260919/arm64/postgresql-16-kafgres_0.1.0-1PGSTY~resolute_arm64.deb	postgresql-16-kafgres	0.1.0-1PGSTY~resolute	arm64	main	True
apt/resolute/extension-20260919/arm64/postgresql-16-log-fdw-dbgsym_1.5-1PGSTY~resolute_arm64.ddeb	postgresql-16-log-fdw-dbgsym	1.5-1PGSTY~resolute	arm64	dbgsym	True
apt/resolute/extension-20260919/arm64/postgresql-16-log-fdw_1.5-1PGSTY~resolute_arm64.deb	postgresql-16-log-fdw	1.5-1PGSTY~resolute	arm64	main	True
apt/resolute/extension-20260919/arm64/postgresql-16-macavity-dbgsym_0.1.0-1PGSTY~resolute_arm64.ddeb	postgresql-16-macavity-dbgsym	0.1.0-1PGSTY~resolute	arm64	dbgsym	True
apt/resolute/extension-20260919/arm64/postgresql-16-macavity_0.1.0-1PGSTY~resolute_arm64.deb	postgresql-16-macavity	0.1.0-1PGSTY~resolute	arm64	main	True
apt/resolute/extension-20260919/arm64/postgresql-16-nominatim-fdw-dbgsym_2.2.0-1PGSTY~resolute_arm64.ddeb	postgresql-16-nominatim-fdw-dbgsym	2.2.0-1PGSTY~resolute	arm64	dbgsym	True
apt/resolute/extension-20260919/arm64/postgresql-16-nominatim-fdw_2.2.0-1PGSTY~resolute_arm64.deb	postgresql-16-nominatim-fdw	2.2.0-1PGSTY~resolute	arm64	main	True
apt/resolute/extension-20260919/arm64/postgresql-16-pg-circuit-dbgsym_0.1.0-1PGSTY~resolute_arm64.ddeb	postgresql-16-pg-circuit-dbgsym	0.1.0-1PGSTY~resolute	arm64	dbgsym	True
apt/resolute/extension-20260919/arm64/postgresql-16-pg-circuit_0.1.0-1PGSTY~resolute_arm64.deb	postgresql-16-pg-circuit	0.1.0-1PGSTY~resolute	arm64	main	True
apt/resolute/extension-20260919/arm64/postgresql-16-pg-curl-dbgsym_2.4.6-1PGSTY~resolute_arm64.ddeb	postgresql-16-pg-curl-dbgsym	2.4.6-1PGSTY~resolute	arm64	dbgsym	True
apt/resolute/extension-20260919/arm64/postgresql-16-pg-curl_2.4.6-1PGSTY~resolute_arm64.deb	postgresql-16-pg-curl	2.4.6-1PGSTY~resolute	arm64	main	True
apt/resolute/extension-20260919/arm64/postgresql-16-pg-durable-dbgsym_0.2.8-1PGSTY~resolute_arm64.ddeb	postgresql-16-pg-durable-dbgsym	0.2.8-1PGSTY~resolute	arm64	dbgsym	True
apt/resolute/extension-20260919/arm64/postgresql-16-pg-durable_0.2.8-1PGSTY~resolute_arm64.deb	postgresql-16-pg-durable	0.2.8-1PGSTY~resolute	arm64	main	True
apt/resolute/extension-20260919/arm64/postgresql-16-pg-grammar-guard_0.4.1-1PGSTY~resolute_all.deb	postgresql-16-pg-grammar-guard	0.4.1-1PGSTY~resolute	all	main	True
apt/resolute/extension-20260919/arm64/postgresql-16-pg-lake-dbgsym_3.5.1-1PGSTY~resolute_arm64.ddeb	postgresql-16-pg-lake-dbgsym	3.5.1-1PGSTY~resolute	arm64	dbgsym	True
apt/resolute/extension-20260919/arm64/postgresql-16-pg-lake_3.5.1-1PGSTY~resolute_arm64.deb	postgresql-16-pg-lake	3.5.1-1PGSTY~resolute	arm64	main	True
apt/resolute/extension-20260919/arm64/postgresql-16-pg-living-assertions_0.4.2-1PGSTY~resolute_all.deb	postgresql-16-pg-living-assertions	0.4.2-1PGSTY~resolute	all	main	True
apt/resolute/extension-20260919/arm64/postgresql-16-pg-local-cache-dbgsym_2.0.4-1PGSTY~resolute_arm64.ddeb	postgresql-16-pg-local-cache-dbgsym	2.0.4-1PGSTY~resolute	arm64	dbgsym	True
apt/resolute/extension-20260919/arm64/postgresql-16-pg-local-cache_2.0.4-1PGSTY~resolute_arm64.deb	postgresql-16-pg-local-cache	2.0.4-1PGSTY~resolute	arm64	main	True
apt/resolute/extension-20260919/arm64/postgresql-16-pg-profile_4.16-1PGSTY~resolute_all.deb	postgresql-16-pg-profile	4.16-1PGSTY~resolute	all	main	True
apt/resolute/extension-20260919/arm64/postgresql-16-pg-search-dbgsym_0.25.9-1PGSTY~resolute_arm64.ddeb	postgresql-16-pg-search-dbgsym	0.25.9-1PGSTY~resolute	arm64	dbgsym	True
apt/resolute/extension-20260919/arm64/postgresql-16-pg-search_0.25.9-1PGSTY~resolute_arm64.deb	postgresql-16-pg-search	0.25.9-1PGSTY~resolute	arm64	main	True
apt/resolute/extension-20260919/arm64/postgresql-16-pg-stat-monitor-dbgsym_2.4.0-1PGSTY~resolute_arm64.ddeb	postgresql-16-pg-stat-monitor-dbgsym	2.4.0-1PGSTY~resolute	arm64	dbgsym	True
apt/resolute/extension-20260919/arm64/postgresql-16-pg-stat-monitor_2.4.0-1PGSTY~resolute_arm64.deb	postgresql-16-pg-stat-monitor	2.4.0-1PGSTY~resolute	arm64	main	True
apt/resolute/extension-20260919/arm64/postgresql-16-pg-task-dbgsym_3.0.0-1PGSTY~resolute_arm64.ddeb	postgresql-16-pg-task-dbgsym	3.0.0-1PGSTY~resolute	arm64	dbgsym	True
apt/resolute/extension-20260919/arm64/postgresql-16-pg-task_3.0.0-1PGSTY~resolute_arm64.deb	postgresql-16-pg-task	3.0.0-1PGSTY~resolute	arm64	main	True
apt/resolute/extension-20260919/arm64/postgresql-16-pg-vectorize-dbgsym_0.27.1-1PGSTY~resolute_arm64.ddeb	postgresql-16-pg-vectorize-dbgsym	0.27.1-1PGSTY~resolute	arm64	dbgsym	True
apt/resolute/extension-20260919/arm64/postgresql-16-pg-vectorize_0.27.1-1PGSTY~resolute_arm64.deb	postgresql-16-pg-vectorize	0.27.1-1PGSTY~resolute	arm64	main	True
apt/resolute/extension-20260919/arm64/postgresql-16-pgmq_1.13.0-1PGSTY~resolute_all.deb	postgresql-16-pgmq	1.13.0-1PGSTY~resolute	all	main	True
apt/resolute/extension-20260919/arm64/postgresql-16-pgrdf-dbgsym_0.6.36-1PGSTY~resolute_arm64.ddeb	postgresql-16-pgrdf-dbgsym	0.6.36-1PGSTY~resolute	arm64	dbgsym	True
apt/resolute/extension-20260919/arm64/postgresql-16-pgrdf_0.6.36-1PGSTY~resolute_arm64.deb	postgresql-16-pgrdf	0.6.36-1PGSTY~resolute	arm64	main	True
apt/resolute/extension-20260919/arm64/postgresql-16-plpgsql-check-dbgsym_2.10.10-1PGSTY~resolute_arm64.ddeb	postgresql-16-plpgsql-check-dbgsym	2.10.10-1PGSTY~resolute	arm64	dbgsym	True
apt/resolute/extension-20260919/arm64/postgresql-16-plpgsql-check_2.10.10-1PGSTY~resolute_arm64.deb	postgresql-16-plpgsql-check	2.10.10-1PGSTY~resolute	arm64	main	True
apt/resolute/extension-20260919/arm64/postgresql-16-plprql-dbgsym_18.0.2-1PGSTY~resolute_arm64.ddeb	postgresql-16-plprql-dbgsym	18.0.2-1PGSTY~resolute	arm64	dbgsym	True
apt/resolute/extension-20260919/arm64/postgresql-16-plprql_18.0.2-1PGSTY~resolute_arm64.deb	postgresql-16-plprql	18.0.2-1PGSTY~resolute	arm64	main	True
apt/resolute/extension-20260919/arm64/postgresql-16-timescaledb-tsl-dbgsym_2.30.1-1PGSTY~resolute_arm64.ddeb	postgresql-16-timescaledb-tsl-dbgsym	2.30.1-1PGSTY~resolute	arm64	dbgsym	True
apt/resolute/extension-20260919/arm64/postgresql-16-timescaledb-tsl_2.30.1-1PGSTY~resolute_arm64.deb	postgresql-16-timescaledb-tsl	2.30.1-1PGSTY~resolute	arm64	main	True
apt/resolute/extension-20260919/arm64/postgresql-16-ulak-dbgsym_0.2.0-1PGSTY~resolute_arm64.ddeb	postgresql-16-ulak-dbgsym	0.2.0-1PGSTY~resolute	arm64	dbgsym	True
apt/resolute/extension-20260919/arm64/postgresql-16-ulak_0.2.0-1PGSTY~resolute_arm64.deb	postgresql-16-ulak	0.2.0-1PGSTY~resolute	arm64	main	True
apt/resolute/extension-20260919/arm64/postgresql-16-wrappers-dbgsym_0.6.3-1PGSTY~resolute_arm64.ddeb	postgresql-16-wrappers-dbgsym	0.6.3-1PGSTY~resolute	arm64	dbgsym	True
apt/resolute/extension-20260919/arm64/postgresql-16-wrappers_0.6.3-1PGSTY~resolute_arm64.deb	postgresql-16-wrappers	0.6.3-1PGSTY~resolute	arm64	main	True
apt/resolute/extension-20260919/arm64/postgresql-17-biscuit-dbgsym_3.1.0-1PGSTY~resolute_arm64.ddeb	postgresql-17-biscuit-dbgsym	3.1.0-1PGSTY~resolute	arm64	dbgsym	True
apt/resolute/extension-20260919/arm64/postgresql-17-biscuit_3.1.0-1PGSTY~resolute_arm64.deb	postgresql-17-biscuit	3.1.0-1PGSTY~resolute	arm64	main	True
apt/resolute/extension-20260919/arm64/postgresql-17-ddlx_0.31-1PGSTY~resolute_all.deb	postgresql-17-ddlx	0.31-1PGSTY~resolute	all	main	True
apt/resolute/extension-20260919/arm64/postgresql-17-documentdb-dbgsym_0.117-1PGSTY~resolute_arm64.ddeb	postgresql-17-documentdb-dbgsym	0.117-1PGSTY~resolute	arm64	dbgsym	True
apt/resolute/extension-20260919/arm64/postgresql-17-documentdb_0.117-1PGSTY~resolute_arm64.deb	postgresql-17-documentdb	0.117-1PGSTY~resolute	arm64	main	True
apt/resolute/extension-20260919/arm64/postgresql-17-jev_0.2.0-1PGSTY~resolute_all.deb	postgresql-17-jev	0.2.0-1PGSTY~resolute	all	main	True
apt/resolute/extension-20260919/arm64/postgresql-17-log-fdw-dbgsym_1.5-1PGSTY~resolute_arm64.ddeb	postgresql-17-log-fdw-dbgsym	1.5-1PGSTY~resolute	arm64	dbgsym	True
apt/resolute/extension-20260919/arm64/postgresql-17-log-fdw_1.5-1PGSTY~resolute_arm64.deb	postgresql-17-log-fdw	1.5-1PGSTY~resolute	arm64	main	True
apt/resolute/extension-20260919/arm64/postgresql-17-macavity-dbgsym_0.1.0-1PGSTY~resolute_arm64.ddeb	postgresql-17-macavity-dbgsym	0.1.0-1PGSTY~resolute	arm64	dbgsym	True
apt/resolute/extension-20260919/arm64/postgresql-17-macavity_0.1.0-1PGSTY~resolute_arm64.deb	postgresql-17-macavity	0.1.0-1PGSTY~resolute	arm64	main	True
apt/resolute/extension-20260919/arm64/postgresql-17-nominatim-fdw-dbgsym_2.2.0-1PGSTY~resolute_arm64.ddeb	postgresql-17-nominatim-fdw-dbgsym	2.2.0-1PGSTY~resolute	arm64	dbgsym	True
apt/resolute/extension-20260919/arm64/postgresql-17-nominatim-fdw_2.2.0-1PGSTY~resolute_arm64.deb	postgresql-17-nominatim-fdw	2.2.0-1PGSTY~resolute	arm64	main	True
apt/resolute/extension-20260919/arm64/postgresql-17-pg-circuit-dbgsym_0.1.0-1PGSTY~resolute_arm64.ddeb	postgresql-17-pg-circuit-dbgsym	0.1.0-1PGSTY~resolute	arm64	dbgsym	True
apt/resolute/extension-20260919/arm64/postgresql-17-pg-circuit_0.1.0-1PGSTY~resolute_arm64.deb	postgresql-17-pg-circuit	0.1.0-1PGSTY~resolute	arm64	main	True
apt/resolute/extension-20260919/arm64/postgresql-17-pg-curl-dbgsym_2.4.6-1PGSTY~resolute_arm64.ddeb	postgresql-17-pg-curl-dbgsym	2.4.6-1PGSTY~resolute	arm64	dbgsym	True
apt/resolute/extension-20260919/arm64/postgresql-17-pg-curl_2.4.6-1PGSTY~resolute_arm64.deb	postgresql-17-pg-curl	2.4.6-1PGSTY~resolute	arm64	main	True
apt/resolute/extension-20260919/arm64/postgresql-17-pg-durable-dbgsym_0.2.8-1PGSTY~resolute_arm64.ddeb	postgresql-17-pg-durable-dbgsym	0.2.8-1PGSTY~resolute	arm64	dbgsym	True
apt/resolute/extension-20260919/arm64/postgresql-17-pg-durable_0.2.8-1PGSTY~resolute_arm64.deb	postgresql-17-pg-durable	0.2.8-1PGSTY~resolute	arm64	main	True
apt/resolute/extension-20260919/arm64/postgresql-17-pg-fts-dbgsym_1.8.3-1PGSTY~resolute_arm64.ddeb	postgresql-17-pg-fts-dbgsym	1.8.3-1PGSTY~resolute	arm64	dbgsym	True
apt/resolute/extension-20260919/arm64/postgresql-17-pg-fts_1.8.3-1PGSTY~resolute_arm64.deb	postgresql-17-pg-fts	1.8.3-1PGSTY~resolute	arm64	main	True
apt/resolute/extension-20260919/arm64/postgresql-17-pg-grammar-guard_0.4.1-1PGSTY~resolute_all.deb	postgresql-17-pg-grammar-guard	0.4.1-1PGSTY~resolute	all	main	True
apt/resolute/extension-20260919/arm64/postgresql-17-pg-lake-dbgsym_3.5.1-1PGSTY~resolute_arm64.ddeb	postgresql-17-pg-lake-dbgsym	3.5.1-1PGSTY~resolute	arm64	dbgsym	True
apt/resolute/extension-20260919/arm64/postgresql-17-pg-lake_3.5.1-1PGSTY~resolute_arm64.deb	postgresql-17-pg-lake	3.5.1-1PGSTY~resolute	arm64	main	True
apt/resolute/extension-20260919/arm64/postgresql-17-pg-living-assertions_0.4.2-1PGSTY~resolute_all.deb	postgresql-17-pg-living-assertions	0.4.2-1PGSTY~resolute	all	main	True
apt/resolute/extension-20260919/arm64/postgresql-17-pg-local-cache-dbgsym_2.0.4-1PGSTY~resolute_arm64.ddeb	postgresql-17-pg-local-cache-dbgsym	2.0.4-1PGSTY~resolute	arm64	dbgsym	True
apt/resolute/extension-20260919/arm64/postgresql-17-pg-local-cache_2.0.4-1PGSTY~resolute_arm64.deb	postgresql-17-pg-local-cache	2.0.4-1PGSTY~resolute	arm64	main	True
apt/resolute/extension-20260919/arm64/postgresql-17-pg-profile_4.16-1PGSTY~resolute_all.deb	postgresql-17-pg-profile	4.16-1PGSTY~resolute	all	main	True
apt/resolute/extension-20260919/arm64/postgresql-17-pg-search-dbgsym_0.25.9-1PGSTY~resolute_arm64.ddeb	postgresql-17-pg-search-dbgsym	0.25.9-1PGSTY~resolute	arm64	dbgsym	True
apt/resolute/extension-20260919/arm64/postgresql-17-pg-search_0.25.9-1PGSTY~resolute_arm64.deb	postgresql-17-pg-search	0.25.9-1PGSTY~resolute	arm64	main	True
apt/resolute/extension-20260919/arm64/postgresql-17-pg-stat-monitor-dbgsym_2.4.0-1PGSTY~resolute_arm64.ddeb	postgresql-17-pg-stat-monitor-dbgsym	2.4.0-1PGSTY~resolute	arm64	dbgsym	True
apt/resolute/extension-20260919/arm64/postgresql-17-pg-stat-monitor_2.4.0-1PGSTY~resolute_arm64.deb	postgresql-17-pg-stat-monitor	2.4.0-1PGSTY~resolute	arm64	main	True
apt/resolute/extension-20260919/arm64/postgresql-17-pg-task-dbgsym_3.0.0-1PGSTY~resolute_arm64.ddeb	postgresql-17-pg-task-dbgsym	3.0.0-1PGSTY~resolute	arm64	dbgsym	True
apt/resolute/extension-20260919/arm64/postgresql-17-pg-task_3.0.0-1PGSTY~resolute_arm64.deb	postgresql-17-pg-task	3.0.0-1PGSTY~resolute	arm64	main	True
apt/resolute/extension-20260919/arm64/postgresql-17-pg-vault-tde-dbgsym_1.7.1-1PGSTY~resolute_arm64.ddeb	postgresql-17-pg-vault-tde-dbgsym	1.7.1-1PGSTY~resolute	arm64	dbgsym	True
apt/resolute/extension-20260919/arm64/postgresql-17-pg-vault-tde_1.7.1-1PGSTY~resolute_arm64.deb	postgresql-17-pg-vault-tde	1.7.1-1PGSTY~resolute	arm64	main	True
apt/resolute/extension-20260919/arm64/postgresql-17-pg-vectorize-dbgsym_0.27.1-1PGSTY~resolute_arm64.ddeb	postgresql-17-pg-vectorize-dbgsym	0.27.1-1PGSTY~resolute	arm64	dbgsym	True
apt/resolute/extension-20260919/arm64/postgresql-17-pg-vectorize_0.27.1-1PGSTY~resolute_arm64.deb	postgresql-17-pg-vectorize	0.27.1-1PGSTY~resolute	arm64	main	True
apt/resolute/extension-20260919/arm64/postgresql-17-pgmq_1.13.0-1PGSTY~resolute_all.deb	postgresql-17-pgmq	1.13.0-1PGSTY~resolute	all	main	True
apt/resolute/extension-20260919/arm64/postgresql-17-pgrdf-dbgsym_0.6.36-1PGSTY~resolute_arm64.ddeb	postgresql-17-pgrdf-dbgsym	0.6.36-1PGSTY~resolute	arm64	dbgsym	True
apt/resolute/extension-20260919/arm64/postgresql-17-pgrdf_0.6.36-1PGSTY~resolute_arm64.deb	postgresql-17-pgrdf	0.6.36-1PGSTY~resolute	arm64	main	True
apt/resolute/extension-20260919/arm64/postgresql-17-plpgsql-check-dbgsym_2.10.10-1PGSTY~resolute_arm64.ddeb	postgresql-17-plpgsql-check-dbgsym	2.10.10-1PGSTY~resolute	arm64	dbgsym	True
apt/resolute/extension-20260919/arm64/postgresql-17-plpgsql-check_2.10.10-1PGSTY~resolute_arm64.deb	postgresql-17-plpgsql-check	2.10.10-1PGSTY~resolute	arm64	main	True
apt/resolute/extension-20260919/arm64/postgresql-17-plprql-dbgsym_18.0.2-1PGSTY~resolute_arm64.ddeb	postgresql-17-plprql-dbgsym	18.0.2-1PGSTY~resolute	arm64	dbgsym	True
apt/resolute/extension-20260919/arm64/postgresql-17-plprql_18.0.2-1PGSTY~resolute_arm64.deb	postgresql-17-plprql	18.0.2-1PGSTY~resolute	arm64	main	True
apt/resolute/extension-20260919/arm64/postgresql-17-psql-bm25s-dbgsym_0.4.14-1PGSTY~resolute_arm64.ddeb	postgresql-17-psql-bm25s-dbgsym	0.4.14-1PGSTY~resolute	arm64	dbgsym	True
apt/resolute/extension-20260919/arm64/postgresql-17-psql-bm25s_0.4.14-1PGSTY~resolute_arm64.deb	postgresql-17-psql-bm25s	0.4.14-1PGSTY~resolute	arm64	main	True
apt/resolute/extension-20260919/arm64/postgresql-17-timescaledb-tsl-dbgsym_2.30.1-1PGSTY~resolute_arm64.ddeb	postgresql-17-timescaledb-tsl-dbgsym	2.30.1-1PGSTY~resolute	arm64	dbgsym	True
apt/resolute/extension-20260919/arm64/postgresql-17-timescaledb-tsl_2.30.1-1PGSTY~resolute_arm64.deb	postgresql-17-timescaledb-tsl	2.30.1-1PGSTY~resolute	arm64	main	True
apt/resolute/extension-20260919/arm64/postgresql-17-ulak-dbgsym_0.2.0-1PGSTY~resolute_arm64.ddeb	postgresql-17-ulak-dbgsym	0.2.0-1PGSTY~resolute	arm64	dbgsym	True
apt/resolute/extension-20260919/arm64/postgresql-17-ulak_0.2.0-1PGSTY~resolute_arm64.deb	postgresql-17-ulak	0.2.0-1PGSTY~resolute	arm64	main	True
apt/resolute/extension-20260919/arm64/postgresql-17-wrappers-dbgsym_0.6.3-1PGSTY~resolute_arm64.ddeb	postgresql-17-wrappers-dbgsym	0.6.3-1PGSTY~resolute	arm64	dbgsym	True
apt/resolute/extension-20260919/arm64/postgresql-17-wrappers_0.6.3-1PGSTY~resolute_arm64.deb	postgresql-17-wrappers	0.6.3-1PGSTY~resolute	arm64	main	True
apt/resolute/extension-20260919/arm64/postgresql-18-biscuit-dbgsym_3.1.0-1PGSTY~resolute_arm64.ddeb	postgresql-18-biscuit-dbgsym	3.1.0-1PGSTY~resolute	arm64	dbgsym	True
apt/resolute/extension-20260919/arm64/postgresql-18-biscuit_3.1.0-1PGSTY~resolute_arm64.deb	postgresql-18-biscuit	3.1.0-1PGSTY~resolute	arm64	main	True
apt/resolute/extension-20260919/arm64/postgresql-18-ddlx_0.31-1PGSTY~resolute_all.deb	postgresql-18-ddlx	0.31-1PGSTY~resolute	all	main	True
apt/resolute/extension-20260919/arm64/postgresql-18-documentdb-dbgsym_0.117-1PGSTY~resolute_arm64.ddeb	postgresql-18-documentdb-dbgsym	0.117-1PGSTY~resolute	arm64	dbgsym	True
apt/resolute/extension-20260919/arm64/postgresql-18-documentdb_0.117-1PGSTY~resolute_arm64.deb	postgresql-18-documentdb	0.117-1PGSTY~resolute	arm64	main	True
apt/resolute/extension-20260919/arm64/postgresql-18-log-fdw-dbgsym_1.5-1PGSTY~resolute_arm64.ddeb	postgresql-18-log-fdw-dbgsym	1.5-1PGSTY~resolute	arm64	dbgsym	True
apt/resolute/extension-20260919/arm64/postgresql-18-log-fdw_1.5-1PGSTY~resolute_arm64.deb	postgresql-18-log-fdw	1.5-1PGSTY~resolute	arm64	main	True
apt/resolute/extension-20260919/arm64/postgresql-18-macavity-dbgsym_0.1.0-1PGSTY~resolute_arm64.ddeb	postgresql-18-macavity-dbgsym	0.1.0-1PGSTY~resolute	arm64	dbgsym	True
apt/resolute/extension-20260919/arm64/postgresql-18-macavity_0.1.0-1PGSTY~resolute_arm64.deb	postgresql-18-macavity	0.1.0-1PGSTY~resolute	arm64	main	True
apt/resolute/extension-20260919/arm64/postgresql-18-nominatim-fdw-dbgsym_2.2.0-1PGSTY~resolute_arm64.ddeb	postgresql-18-nominatim-fdw-dbgsym	2.2.0-1PGSTY~resolute	arm64	dbgsym	True
apt/resolute/extension-20260919/arm64/postgresql-18-nominatim-fdw_2.2.0-1PGSTY~resolute_arm64.deb	postgresql-18-nominatim-fdw	2.2.0-1PGSTY~resolute	arm64	main	True
apt/resolute/extension-20260919/arm64/postgresql-18-pg-circuit-dbgsym_0.1.0-1PGSTY~resolute_arm64.ddeb	postgresql-18-pg-circuit-dbgsym	0.1.0-1PGSTY~resolute	arm64	dbgsym	True
apt/resolute/extension-20260919/arm64/postgresql-18-pg-circuit_0.1.0-1PGSTY~resolute_arm64.deb	postgresql-18-pg-circuit	0.1.0-1PGSTY~resolute	arm64	main	True
apt/resolute/extension-20260919/arm64/postgresql-18-pg-curl-dbgsym_2.4.6-1PGSTY~resolute_arm64.ddeb	postgresql-18-pg-curl-dbgsym	2.4.6-1PGSTY~resolute	arm64	dbgsym	True
apt/resolute/extension-20260919/arm64/postgresql-18-pg-curl_2.4.6-1PGSTY~resolute_arm64.deb	postgresql-18-pg-curl	2.4.6-1PGSTY~resolute	arm64	main	True
apt/resolute/extension-20260919/arm64/postgresql-18-pg-durable-dbgsym_0.2.8-1PGSTY~resolute_arm64.ddeb	postgresql-18-pg-durable-dbgsym	0.2.8-1PGSTY~resolute	arm64	dbgsym	True
apt/resolute/extension-20260919/arm64/postgresql-18-pg-durable_0.2.8-1PGSTY~resolute_arm64.deb	postgresql-18-pg-durable	0.2.8-1PGSTY~resolute	arm64	main	True
apt/resolute/extension-20260919/arm64/postgresql-18-pg-fts-dbgsym_1.8.3-1PGSTY~resolute_arm64.ddeb	postgresql-18-pg-fts-dbgsym	1.8.3-1PGSTY~resolute	arm64	dbgsym	True
apt/resolute/extension-20260919/arm64/postgresql-18-pg-fts_1.8.3-1PGSTY~resolute_arm64.deb	postgresql-18-pg-fts	1.8.3-1PGSTY~resolute	arm64	main	True
apt/resolute/extension-20260919/arm64/postgresql-18-pg-grammar-guard_0.4.1-1PGSTY~resolute_all.deb	postgresql-18-pg-grammar-guard	0.4.1-1PGSTY~resolute	all	main	True
apt/resolute/extension-20260919/arm64/postgresql-18-pg-lake-dbgsym_3.5.1-1PGSTY~resolute_arm64.ddeb	postgresql-18-pg-lake-dbgsym	3.5.1-1PGSTY~resolute	arm64	dbgsym	True
apt/resolute/extension-20260919/arm64/postgresql-18-pg-lake_3.5.1-1PGSTY~resolute_arm64.deb	postgresql-18-pg-lake	3.5.1-1PGSTY~resolute	arm64	main	True
apt/resolute/extension-20260919/arm64/postgresql-18-pg-living-assertions_0.4.2-1PGSTY~resolute_all.deb	postgresql-18-pg-living-assertions	0.4.2-1PGSTY~resolute	all	main	True
apt/resolute/extension-20260919/arm64/postgresql-18-pg-local-cache-dbgsym_2.0.4-1PGSTY~resolute_arm64.ddeb	postgresql-18-pg-local-cache-dbgsym	2.0.4-1PGSTY~resolute	arm64	dbgsym	True
apt/resolute/extension-20260919/arm64/postgresql-18-pg-local-cache_2.0.4-1PGSTY~resolute_arm64.deb	postgresql-18-pg-local-cache	2.0.4-1PGSTY~resolute	arm64	main	True
apt/resolute/extension-20260919/arm64/postgresql-18-pg-profile_4.16-1PGSTY~resolute_all.deb	postgresql-18-pg-profile	4.16-1PGSTY~resolute	all	main	True
apt/resolute/extension-20260919/arm64/postgresql-18-pg-search-dbgsym_0.25.9-1PGSTY~resolute_arm64.ddeb	postgresql-18-pg-search-dbgsym	0.25.9-1PGSTY~resolute	arm64	dbgsym	True
apt/resolute/extension-20260919/arm64/postgresql-18-pg-search_0.25.9-1PGSTY~resolute_arm64.deb	postgresql-18-pg-search	0.25.9-1PGSTY~resolute	arm64	main	True
apt/resolute/extension-20260919/arm64/postgresql-18-pg-stat-monitor-dbgsym_2.4.0-1PGSTY~resolute_arm64.ddeb	postgresql-18-pg-stat-monitor-dbgsym	2.4.0-1PGSTY~resolute	arm64	dbgsym	True
apt/resolute/extension-20260919/arm64/postgresql-18-pg-stat-monitor_2.4.0-1PGSTY~resolute_arm64.deb	postgresql-18-pg-stat-monitor	2.4.0-1PGSTY~resolute	arm64	main	True
apt/resolute/extension-20260919/arm64/postgresql-18-pg-task-dbgsym_3.0.0-1PGSTY~resolute_arm64.ddeb	postgresql-18-pg-task-dbgsym	3.0.0-1PGSTY~resolute	arm64	dbgsym	True
apt/resolute/extension-20260919/arm64/postgresql-18-pg-task_3.0.0-1PGSTY~resolute_arm64.deb	postgresql-18-pg-task	3.0.0-1PGSTY~resolute	arm64	main	True
apt/resolute/extension-20260919/arm64/postgresql-18-pg-trickle-dbgsym_0.107.0-1PGSTY~resolute_arm64.ddeb	postgresql-18-pg-trickle-dbgsym	0.107.0-1PGSTY~resolute	arm64	dbgsym	True
apt/resolute/extension-20260919/arm64/postgresql-18-pg-trickle_0.107.0-1PGSTY~resolute_arm64.deb	postgresql-18-pg-trickle	0.107.0-1PGSTY~resolute	arm64	main	True
apt/resolute/extension-20260919/arm64/postgresql-18-pg-vault-tde-dbgsym_1.7.1-1PGSTY~resolute_arm64.ddeb	postgresql-18-pg-vault-tde-dbgsym	1.7.1-1PGSTY~resolute	arm64	dbgsym	True
apt/resolute/extension-20260919/arm64/postgresql-18-pg-vault-tde_1.7.1-1PGSTY~resolute_arm64.deb	postgresql-18-pg-vault-tde	1.7.1-1PGSTY~resolute	arm64	main	True
apt/resolute/extension-20260919/arm64/postgresql-18-pg-vectorize-dbgsym_0.27.1-1PGSTY~resolute_arm64.ddeb	postgresql-18-pg-vectorize-dbgsym	0.27.1-1PGSTY~resolute	arm64	dbgsym	True
apt/resolute/extension-20260919/arm64/postgresql-18-pg-vectorize_0.27.1-1PGSTY~resolute_arm64.deb	postgresql-18-pg-vectorize	0.27.1-1PGSTY~resolute	arm64	main	True
apt/resolute/extension-20260919/arm64/postgresql-18-pgmq_1.13.0-1PGSTY~resolute_all.deb	postgresql-18-pgmq	1.13.0-1PGSTY~resolute	all	main	True
apt/resolute/extension-20260919/arm64/postgresql-18-pgrdf-dbgsym_0.6.36-1PGSTY~resolute_arm64.ddeb	postgresql-18-pgrdf-dbgsym	0.6.36-1PGSTY~resolute	arm64	dbgsym	True
apt/resolute/extension-20260919/arm64/postgresql-18-pgrdf_0.6.36-1PGSTY~resolute_arm64.deb	postgresql-18-pgrdf	0.6.36-1PGSTY~resolute	arm64	main	True
apt/resolute/extension-20260919/arm64/postgresql-18-plpgsql-check-dbgsym_2.10.10-1PGSTY~resolute_arm64.ddeb	postgresql-18-plpgsql-check-dbgsym	2.10.10-1PGSTY~resolute	arm64	dbgsym	True
apt/resolute/extension-20260919/arm64/postgresql-18-plpgsql-check_2.10.10-1PGSTY~resolute_arm64.deb	postgresql-18-plpgsql-check	2.10.10-1PGSTY~resolute	arm64	main	True
apt/resolute/extension-20260919/arm64/postgresql-18-plprql-dbgsym_18.0.2-1PGSTY~resolute_arm64.ddeb	postgresql-18-plprql-dbgsym	18.0.2-1PGSTY~resolute	arm64	dbgsym	True
apt/resolute/extension-20260919/arm64/postgresql-18-plprql_18.0.2-1PGSTY~resolute_arm64.deb	postgresql-18-plprql	18.0.2-1PGSTY~resolute	arm64	main	True
apt/resolute/extension-20260919/arm64/postgresql-18-psql-bm25s-dbgsym_0.4.14-1PGSTY~resolute_arm64.ddeb	postgresql-18-psql-bm25s-dbgsym	0.4.14-1PGSTY~resolute	arm64	dbgsym	True
apt/resolute/extension-20260919/arm64/postgresql-18-psql-bm25s_0.4.14-1PGSTY~resolute_arm64.deb	postgresql-18-psql-bm25s	0.4.14-1PGSTY~resolute	arm64	main	True
apt/resolute/extension-20260919/arm64/postgresql-18-timescaledb-tsl-dbgsym_2.30.1-1PGSTY~resolute_arm64.ddeb	postgresql-18-timescaledb-tsl-dbgsym	2.30.1-1PGSTY~resolute	arm64	dbgsym	True
apt/resolute/extension-20260919/arm64/postgresql-18-timescaledb-tsl_2.30.1-1PGSTY~resolute_arm64.deb	postgresql-18-timescaledb-tsl	2.30.1-1PGSTY~resolute	arm64	main	True
apt/resolute/extension-20260919/arm64/postgresql-18-ulak-dbgsym_0.2.0-1PGSTY~resolute_arm64.ddeb	postgresql-18-ulak-dbgsym	0.2.0-1PGSTY~resolute	arm64	dbgsym	True
apt/resolute/extension-20260919/arm64/postgresql-18-ulak_0.2.0-1PGSTY~resolute_arm64.deb	postgresql-18-ulak	0.2.0-1PGSTY~resolute	arm64	main	True
apt/resolute/extension-20260919/arm64/postgresql-18-wrappers-dbgsym_0.6.3-1PGSTY~resolute_arm64.ddeb	postgresql-18-wrappers-dbgsym	0.6.3-1PGSTY~resolute	arm64	dbgsym	True
apt/resolute/extension-20260919/arm64/postgresql-18-wrappers_0.6.3-1PGSTY~resolute_arm64.deb	postgresql-18-wrappers	0.6.3-1PGSTY~resolute	arm64	main	True
apt/trixie/extension-20260919/amd64/ivorysql-18-dbgsym_5.6-1PGSTY~trixie_amd64.deb	ivorysql-18-dbgsym	5.6-1PGSTY~trixie	amd64	dbgsym	True
apt/trixie/extension-20260919/amd64/ivorysql-18_5.6-1PGSTY~trixie_amd64.deb	ivorysql-18	5.6-1PGSTY~trixie	amd64	main	True
apt/trixie/extension-20260919/amd64/postgresql-14-ddlx_0.31-1PGSTY~trixie_all.deb	postgresql-14-ddlx	0.31-1PGSTY~trixie	all	main	True
apt/trixie/extension-20260919/amd64/postgresql-14-jev_0.2.0-1PGSTY~trixie_all.deb	postgresql-14-jev	0.2.0-1PGSTY~trixie	all	main	True
apt/trixie/extension-20260919/amd64/postgresql-14-log-fdw-dbgsym_1.5-1PGSTY~trixie_amd64.deb	postgresql-14-log-fdw-dbgsym	1.5-1PGSTY~trixie	amd64	dbgsym	True
apt/trixie/extension-20260919/amd64/postgresql-14-log-fdw_1.5-1PGSTY~trixie_amd64.deb	postgresql-14-log-fdw	1.5-1PGSTY~trixie	amd64	main	True
apt/trixie/extension-20260919/amd64/postgresql-14-nominatim-fdw-dbgsym_2.2.0-1PGSTY~trixie_amd64.deb	postgresql-14-nominatim-fdw-dbgsym	2.2.0-1PGSTY~trixie	amd64	dbgsym	True
apt/trixie/extension-20260919/amd64/postgresql-14-nominatim-fdw_2.2.0-1PGSTY~trixie_amd64.deb	postgresql-14-nominatim-fdw	2.2.0-1PGSTY~trixie	amd64	main	True
apt/trixie/extension-20260919/amd64/postgresql-14-pg-curl-dbgsym_2.4.6-1PGSTY~trixie_amd64.deb	postgresql-14-pg-curl-dbgsym	2.4.6-1PGSTY~trixie	amd64	dbgsym	True
apt/trixie/extension-20260919/amd64/postgresql-14-pg-curl_2.4.6-1PGSTY~trixie_amd64.deb	postgresql-14-pg-curl	2.4.6-1PGSTY~trixie	amd64	main	True
apt/trixie/extension-20260919/amd64/postgresql-14-pg-durable-dbgsym_0.2.8-1PGSTY~trixie_amd64.deb	postgresql-14-pg-durable-dbgsym	0.2.8-1PGSTY~trixie	amd64	dbgsym	True
apt/trixie/extension-20260919/amd64/postgresql-14-pg-durable_0.2.8-1PGSTY~trixie_amd64.deb	postgresql-14-pg-durable	0.2.8-1PGSTY~trixie	amd64	main	True
apt/trixie/extension-20260919/amd64/postgresql-14-pg-grammar-guard_0.4.1-1PGSTY~trixie_all.deb	postgresql-14-pg-grammar-guard	0.4.1-1PGSTY~trixie	all	main	True
apt/trixie/extension-20260919/amd64/postgresql-14-pg-living-assertions_0.4.2-1PGSTY~trixie_all.deb	postgresql-14-pg-living-assertions	0.4.2-1PGSTY~trixie	all	main	True
apt/trixie/extension-20260919/amd64/postgresql-14-pg-local-cache-dbgsym_2.0.4-1PGSTY~trixie_amd64.deb	postgresql-14-pg-local-cache-dbgsym	2.0.4-1PGSTY~trixie	amd64	dbgsym	True
apt/trixie/extension-20260919/amd64/postgresql-14-pg-local-cache_2.0.4-1PGSTY~trixie_amd64.deb	postgresql-14-pg-local-cache	2.0.4-1PGSTY~trixie	amd64	main	True
apt/trixie/extension-20260919/amd64/postgresql-14-pg-profile_4.16-1PGSTY~trixie_all.deb	postgresql-14-pg-profile	4.16-1PGSTY~trixie	all	main	True
apt/trixie/extension-20260919/amd64/postgresql-14-pg-stat-monitor-dbgsym_2.4.0-1PGSTY~trixie_amd64.deb	postgresql-14-pg-stat-monitor-dbgsym	2.4.0-1PGSTY~trixie	amd64	dbgsym	True
apt/trixie/extension-20260919/amd64/postgresql-14-pg-stat-monitor_2.4.0-1PGSTY~trixie_amd64.deb	postgresql-14-pg-stat-monitor	2.4.0-1PGSTY~trixie	amd64	main	True
apt/trixie/extension-20260919/amd64/postgresql-14-pg-task-dbgsym_3.0.0-1PGSTY~trixie_amd64.deb	postgresql-14-pg-task-dbgsym	3.0.0-1PGSTY~trixie	amd64	dbgsym	True
apt/trixie/extension-20260919/amd64/postgresql-14-pg-task_3.0.0-1PGSTY~trixie_amd64.deb	postgresql-14-pg-task	3.0.0-1PGSTY~trixie	amd64	main	True
apt/trixie/extension-20260919/amd64/postgresql-14-pg-vectorize-dbgsym_0.27.1-1PGSTY~trixie_amd64.deb	postgresql-14-pg-vectorize-dbgsym	0.27.1-1PGSTY~trixie	amd64	dbgsym	True
apt/trixie/extension-20260919/amd64/postgresql-14-pg-vectorize_0.27.1-1PGSTY~trixie_amd64.deb	postgresql-14-pg-vectorize	0.27.1-1PGSTY~trixie	amd64	main	True
apt/trixie/extension-20260919/amd64/postgresql-14-pgmq_1.13.0-1PGSTY~trixie_all.deb	postgresql-14-pgmq	1.13.0-1PGSTY~trixie	all	main	True
apt/trixie/extension-20260919/amd64/postgresql-14-pgrdf-dbgsym_0.6.36-1PGSTY~trixie_amd64.deb	postgresql-14-pgrdf-dbgsym	0.6.36-1PGSTY~trixie	amd64	dbgsym	True
apt/trixie/extension-20260919/amd64/postgresql-14-pgrdf_0.6.36-1PGSTY~trixie_amd64.deb	postgresql-14-pgrdf	0.6.36-1PGSTY~trixie	amd64	main	True
apt/trixie/extension-20260919/amd64/postgresql-14-plpgsql-check-dbgsym_2.10.10-1PGSTY~trixie_amd64.deb	postgresql-14-plpgsql-check-dbgsym	2.10.10-1PGSTY~trixie	amd64	dbgsym	True
apt/trixie/extension-20260919/amd64/postgresql-14-plpgsql-check_2.10.10-1PGSTY~trixie_amd64.deb	postgresql-14-plpgsql-check	2.10.10-1PGSTY~trixie	amd64	main	True
apt/trixie/extension-20260919/amd64/postgresql-14-plprql-dbgsym_18.0.2-1PGSTY~trixie_amd64.deb	postgresql-14-plprql-dbgsym	18.0.2-1PGSTY~trixie	amd64	dbgsym	True
apt/trixie/extension-20260919/amd64/postgresql-14-plprql_18.0.2-1PGSTY~trixie_amd64.deb	postgresql-14-plprql	18.0.2-1PGSTY~trixie	amd64	main	True
apt/trixie/extension-20260919/amd64/postgresql-14-ulak-dbgsym_0.2.0-1PGSTY~trixie_amd64.deb	postgresql-14-ulak-dbgsym	0.2.0-1PGSTY~trixie	amd64	dbgsym	True
apt/trixie/extension-20260919/amd64/postgresql-14-ulak_0.2.0-1PGSTY~trixie_amd64.deb	postgresql-14-ulak	0.2.0-1PGSTY~trixie	amd64	main	True
apt/trixie/extension-20260919/amd64/postgresql-14-wrappers-dbgsym_0.6.3-1PGSTY~trixie_amd64.deb	postgresql-14-wrappers-dbgsym	0.6.3-1PGSTY~trixie	amd64	dbgsym	True
apt/trixie/extension-20260919/amd64/postgresql-14-wrappers_0.6.3-1PGSTY~trixie_amd64.deb	postgresql-14-wrappers	0.6.3-1PGSTY~trixie	amd64	main	True
apt/trixie/extension-20260919/amd64/postgresql-15-ddlx_0.31-1PGSTY~trixie_all.deb	postgresql-15-ddlx	0.31-1PGSTY~trixie	all	main	True
apt/trixie/extension-20260919/amd64/postgresql-15-documentdb-dbgsym_0.117-1PGSTY~trixie_amd64.deb	postgresql-15-documentdb-dbgsym	0.117-1PGSTY~trixie	amd64	dbgsym	True
apt/trixie/extension-20260919/amd64/postgresql-15-documentdb_0.117-1PGSTY~trixie_amd64.deb	postgresql-15-documentdb	0.117-1PGSTY~trixie	amd64	main	True
apt/trixie/extension-20260919/amd64/postgresql-15-jev_0.2.0-1PGSTY~trixie_all.deb	postgresql-15-jev	0.2.0-1PGSTY~trixie	all	main	True
apt/trixie/extension-20260919/amd64/postgresql-15-log-fdw-dbgsym_1.5-1PGSTY~trixie_amd64.deb	postgresql-15-log-fdw-dbgsym	1.5-1PGSTY~trixie	amd64	dbgsym	True
apt/trixie/extension-20260919/amd64/postgresql-15-log-fdw_1.5-1PGSTY~trixie_amd64.deb	postgresql-15-log-fdw	1.5-1PGSTY~trixie	amd64	main	True
apt/trixie/extension-20260919/amd64/postgresql-15-nominatim-fdw-dbgsym_2.2.0-1PGSTY~trixie_amd64.deb	postgresql-15-nominatim-fdw-dbgsym	2.2.0-1PGSTY~trixie	amd64	dbgsym	True
apt/trixie/extension-20260919/amd64/postgresql-15-nominatim-fdw_2.2.0-1PGSTY~trixie_amd64.deb	postgresql-15-nominatim-fdw	2.2.0-1PGSTY~trixie	amd64	main	True
apt/trixie/extension-20260919/amd64/postgresql-15-pg-curl-dbgsym_2.4.6-1PGSTY~trixie_amd64.deb	postgresql-15-pg-curl-dbgsym	2.4.6-1PGSTY~trixie	amd64	dbgsym	True
apt/trixie/extension-20260919/amd64/postgresql-15-pg-curl_2.4.6-1PGSTY~trixie_amd64.deb	postgresql-15-pg-curl	2.4.6-1PGSTY~trixie	amd64	main	True
apt/trixie/extension-20260919/amd64/postgresql-15-pg-durable-dbgsym_0.2.8-1PGSTY~trixie_amd64.deb	postgresql-15-pg-durable-dbgsym	0.2.8-1PGSTY~trixie	amd64	dbgsym	True
apt/trixie/extension-20260919/amd64/postgresql-15-pg-durable_0.2.8-1PGSTY~trixie_amd64.deb	postgresql-15-pg-durable	0.2.8-1PGSTY~trixie	amd64	main	True
apt/trixie/extension-20260919/amd64/postgresql-15-pg-grammar-guard_0.4.1-1PGSTY~trixie_all.deb	postgresql-15-pg-grammar-guard	0.4.1-1PGSTY~trixie	all	main	True
apt/trixie/extension-20260919/amd64/postgresql-15-pg-living-assertions_0.4.2-1PGSTY~trixie_all.deb	postgresql-15-pg-living-assertions	0.4.2-1PGSTY~trixie	all	main	True
apt/trixie/extension-20260919/amd64/postgresql-15-pg-local-cache-dbgsym_2.0.4-1PGSTY~trixie_amd64.deb	postgresql-15-pg-local-cache-dbgsym	2.0.4-1PGSTY~trixie	amd64	dbgsym	True
apt/trixie/extension-20260919/amd64/postgresql-15-pg-local-cache_2.0.4-1PGSTY~trixie_amd64.deb	postgresql-15-pg-local-cache	2.0.4-1PGSTY~trixie	amd64	main	True
apt/trixie/extension-20260919/amd64/postgresql-15-pg-profile_4.16-1PGSTY~trixie_all.deb	postgresql-15-pg-profile	4.16-1PGSTY~trixie	all	main	True
apt/trixie/extension-20260919/amd64/postgresql-15-pg-search-dbgsym_0.25.9-1PGSTY~trixie_amd64.deb	postgresql-15-pg-search-dbgsym	0.25.9-1PGSTY~trixie	amd64	dbgsym	True
apt/trixie/extension-20260919/amd64/postgresql-15-pg-search_0.25.9-1PGSTY~trixie_amd64.deb	postgresql-15-pg-search	0.25.9-1PGSTY~trixie	amd64	main	True
apt/trixie/extension-20260919/amd64/postgresql-15-pg-stat-monitor-dbgsym_2.4.0-1PGSTY~trixie_amd64.deb	postgresql-15-pg-stat-monitor-dbgsym	2.4.0-1PGSTY~trixie	amd64	dbgsym	True
apt/trixie/extension-20260919/amd64/postgresql-15-pg-stat-monitor_2.4.0-1PGSTY~trixie_amd64.deb	postgresql-15-pg-stat-monitor	2.4.0-1PGSTY~trixie	amd64	main	True
apt/trixie/extension-20260919/amd64/postgresql-15-pg-task-dbgsym_3.0.0-1PGSTY~trixie_amd64.deb	postgresql-15-pg-task-dbgsym	3.0.0-1PGSTY~trixie	amd64	dbgsym	True
apt/trixie/extension-20260919/amd64/postgresql-15-pg-task_3.0.0-1PGSTY~trixie_amd64.deb	postgresql-15-pg-task	3.0.0-1PGSTY~trixie	amd64	main	True
apt/trixie/extension-20260919/amd64/postgresql-15-pg-vectorize-dbgsym_0.27.1-1PGSTY~trixie_amd64.deb	postgresql-15-pg-vectorize-dbgsym	0.27.1-1PGSTY~trixie	amd64	dbgsym	True
apt/trixie/extension-20260919/amd64/postgresql-15-pg-vectorize_0.27.1-1PGSTY~trixie_amd64.deb	postgresql-15-pg-vectorize	0.27.1-1PGSTY~trixie	amd64	main	True
apt/trixie/extension-20260919/amd64/postgresql-15-pgmq_1.13.0-1PGSTY~trixie_all.deb	postgresql-15-pgmq	1.13.0-1PGSTY~trixie	all	main	True
apt/trixie/extension-20260919/amd64/postgresql-15-pgrdf-dbgsym_0.6.36-1PGSTY~trixie_amd64.deb	postgresql-15-pgrdf-dbgsym	0.6.36-1PGSTY~trixie	amd64	dbgsym	True
apt/trixie/extension-20260919/amd64/postgresql-15-pgrdf_0.6.36-1PGSTY~trixie_amd64.deb	postgresql-15-pgrdf	0.6.36-1PGSTY~trixie	amd64	main	True
apt/trixie/extension-20260919/amd64/postgresql-15-plpgsql-check-dbgsym_2.10.10-1PGSTY~trixie_amd64.deb	postgresql-15-plpgsql-check-dbgsym	2.10.10-1PGSTY~trixie	amd64	dbgsym	True
apt/trixie/extension-20260919/amd64/postgresql-15-plpgsql-check_2.10.10-1PGSTY~trixie_amd64.deb	postgresql-15-plpgsql-check	2.10.10-1PGSTY~trixie	amd64	main	True
apt/trixie/extension-20260919/amd64/postgresql-15-plprql-dbgsym_18.0.2-1PGSTY~trixie_amd64.deb	postgresql-15-plprql-dbgsym	18.0.2-1PGSTY~trixie	amd64	dbgsym	True
apt/trixie/extension-20260919/amd64/postgresql-15-plprql_18.0.2-1PGSTY~trixie_amd64.deb	postgresql-15-plprql	18.0.2-1PGSTY~trixie	amd64	main	True
apt/trixie/extension-20260919/amd64/postgresql-15-ulak-dbgsym_0.2.0-1PGSTY~trixie_amd64.deb	postgresql-15-ulak-dbgsym	0.2.0-1PGSTY~trixie	amd64	dbgsym	True
apt/trixie/extension-20260919/amd64/postgresql-15-ulak_0.2.0-1PGSTY~trixie_amd64.deb	postgresql-15-ulak	0.2.0-1PGSTY~trixie	amd64	main	True
apt/trixie/extension-20260919/amd64/postgresql-15-wrappers-dbgsym_0.6.3-1PGSTY~trixie_amd64.deb	postgresql-15-wrappers-dbgsym	0.6.3-1PGSTY~trixie	amd64	dbgsym	True
apt/trixie/extension-20260919/amd64/postgresql-15-wrappers_0.6.3-1PGSTY~trixie_amd64.deb	postgresql-15-wrappers	0.6.3-1PGSTY~trixie	amd64	main	True
apt/trixie/extension-20260919/amd64/postgresql-16-biscuit-dbgsym_3.1.0-1PGSTY~trixie_amd64.deb	postgresql-16-biscuit-dbgsym	3.1.0-1PGSTY~trixie	amd64	dbgsym	True
apt/trixie/extension-20260919/amd64/postgresql-16-biscuit_3.1.0-1PGSTY~trixie_amd64.deb	postgresql-16-biscuit	3.1.0-1PGSTY~trixie	amd64	main	True
apt/trixie/extension-20260919/amd64/postgresql-16-ddlx_0.31-1PGSTY~trixie_all.deb	postgresql-16-ddlx	0.31-1PGSTY~trixie	all	main	True
apt/trixie/extension-20260919/amd64/postgresql-16-documentdb-dbgsym_0.117-1PGSTY~trixie_amd64.deb	postgresql-16-documentdb-dbgsym	0.117-1PGSTY~trixie	amd64	dbgsym	True
apt/trixie/extension-20260919/amd64/postgresql-16-documentdb_0.117-1PGSTY~trixie_amd64.deb	postgresql-16-documentdb	0.117-1PGSTY~trixie	amd64	main	True
apt/trixie/extension-20260919/amd64/postgresql-16-jev_0.2.0-1PGSTY~trixie_all.deb	postgresql-16-jev	0.2.0-1PGSTY~trixie	all	main	True
apt/trixie/extension-20260919/amd64/postgresql-16-kafgres-dbgsym_0.1.0-1PGSTY~trixie_amd64.deb	postgresql-16-kafgres-dbgsym	0.1.0-1PGSTY~trixie	amd64	dbgsym	True
apt/trixie/extension-20260919/amd64/postgresql-16-kafgres_0.1.0-1PGSTY~trixie_amd64.deb	postgresql-16-kafgres	0.1.0-1PGSTY~trixie	amd64	main	True
apt/trixie/extension-20260919/amd64/postgresql-16-log-fdw-dbgsym_1.5-1PGSTY~trixie_amd64.deb	postgresql-16-log-fdw-dbgsym	1.5-1PGSTY~trixie	amd64	dbgsym	True
apt/trixie/extension-20260919/amd64/postgresql-16-log-fdw_1.5-1PGSTY~trixie_amd64.deb	postgresql-16-log-fdw	1.5-1PGSTY~trixie	amd64	main	True
apt/trixie/extension-20260919/amd64/postgresql-16-macavity-dbgsym_0.1.0-1PGSTY~trixie_amd64.deb	postgresql-16-macavity-dbgsym	0.1.0-1PGSTY~trixie	amd64	dbgsym	True
apt/trixie/extension-20260919/amd64/postgresql-16-macavity_0.1.0-1PGSTY~trixie_amd64.deb	postgresql-16-macavity	0.1.0-1PGSTY~trixie	amd64	main	True
apt/trixie/extension-20260919/amd64/postgresql-16-nominatim-fdw-dbgsym_2.2.0-1PGSTY~trixie_amd64.deb	postgresql-16-nominatim-fdw-dbgsym	2.2.0-1PGSTY~trixie	amd64	dbgsym	True
apt/trixie/extension-20260919/amd64/postgresql-16-nominatim-fdw_2.2.0-1PGSTY~trixie_amd64.deb	postgresql-16-nominatim-fdw	2.2.0-1PGSTY~trixie	amd64	main	True
apt/trixie/extension-20260919/amd64/postgresql-16-pg-circuit-dbgsym_0.1.0-1PGSTY~trixie_amd64.deb	postgresql-16-pg-circuit-dbgsym	0.1.0-1PGSTY~trixie	amd64	dbgsym	True
apt/trixie/extension-20260919/amd64/postgresql-16-pg-circuit_0.1.0-1PGSTY~trixie_amd64.deb	postgresql-16-pg-circuit	0.1.0-1PGSTY~trixie	amd64	main	True
apt/trixie/extension-20260919/amd64/postgresql-16-pg-curl-dbgsym_2.4.6-1PGSTY~trixie_amd64.deb	postgresql-16-pg-curl-dbgsym	2.4.6-1PGSTY~trixie	amd64	dbgsym	True
apt/trixie/extension-20260919/amd64/postgresql-16-pg-curl_2.4.6-1PGSTY~trixie_amd64.deb	postgresql-16-pg-curl	2.4.6-1PGSTY~trixie	amd64	main	True
apt/trixie/extension-20260919/amd64/postgresql-16-pg-durable-dbgsym_0.2.8-1PGSTY~trixie_amd64.deb	postgresql-16-pg-durable-dbgsym	0.2.8-1PGSTY~trixie	amd64	dbgsym	True
apt/trixie/extension-20260919/amd64/postgresql-16-pg-durable_0.2.8-1PGSTY~trixie_amd64.deb	postgresql-16-pg-durable	0.2.8-1PGSTY~trixie	amd64	main	True
apt/trixie/extension-20260919/amd64/postgresql-16-pg-grammar-guard_0.4.1-1PGSTY~trixie_all.deb	postgresql-16-pg-grammar-guard	0.4.1-1PGSTY~trixie	all	main	True
apt/trixie/extension-20260919/amd64/postgresql-16-pg-lake-dbgsym_3.5.1-1PGSTY~trixie_amd64.deb	postgresql-16-pg-lake-dbgsym	3.5.1-1PGSTY~trixie	amd64	dbgsym	True
apt/trixie/extension-20260919/amd64/postgresql-16-pg-lake_3.5.1-1PGSTY~trixie_amd64.deb	postgresql-16-pg-lake	3.5.1-1PGSTY~trixie	amd64	main	True
apt/trixie/extension-20260919/amd64/postgresql-16-pg-living-assertions_0.4.2-1PGSTY~trixie_all.deb	postgresql-16-pg-living-assertions	0.4.2-1PGSTY~trixie	all	main	True
apt/trixie/extension-20260919/amd64/postgresql-16-pg-local-cache-dbgsym_2.0.4-1PGSTY~trixie_amd64.deb	postgresql-16-pg-local-cache-dbgsym	2.0.4-1PGSTY~trixie	amd64	dbgsym	True
apt/trixie/extension-20260919/amd64/postgresql-16-pg-local-cache_2.0.4-1PGSTY~trixie_amd64.deb	postgresql-16-pg-local-cache	2.0.4-1PGSTY~trixie	amd64	main	True
apt/trixie/extension-20260919/amd64/postgresql-16-pg-profile_4.16-1PGSTY~trixie_all.deb	postgresql-16-pg-profile	4.16-1PGSTY~trixie	all	main	True
apt/trixie/extension-20260919/amd64/postgresql-16-pg-search-dbgsym_0.25.9-1PGSTY~trixie_amd64.deb	postgresql-16-pg-search-dbgsym	0.25.9-1PGSTY~trixie	amd64	dbgsym	True
apt/trixie/extension-20260919/amd64/postgresql-16-pg-search_0.25.9-1PGSTY~trixie_amd64.deb	postgresql-16-pg-search	0.25.9-1PGSTY~trixie	amd64	main	True
apt/trixie/extension-20260919/amd64/postgresql-16-pg-stat-monitor-dbgsym_2.4.0-1PGSTY~trixie_amd64.deb	postgresql-16-pg-stat-monitor-dbgsym	2.4.0-1PGSTY~trixie	amd64	dbgsym	True
apt/trixie/extension-20260919/amd64/postgresql-16-pg-stat-monitor_2.4.0-1PGSTY~trixie_amd64.deb	postgresql-16-pg-stat-monitor	2.4.0-1PGSTY~trixie	amd64	main	True
apt/trixie/extension-20260919/amd64/postgresql-16-pg-task-dbgsym_3.0.0-1PGSTY~trixie_amd64.deb	postgresql-16-pg-task-dbgsym	3.0.0-1PGSTY~trixie	amd64	dbgsym	True
apt/trixie/extension-20260919/amd64/postgresql-16-pg-task_3.0.0-1PGSTY~trixie_amd64.deb	postgresql-16-pg-task	3.0.0-1PGSTY~trixie	amd64	main	True
apt/trixie/extension-20260919/amd64/postgresql-16-pg-vectorize-dbgsym_0.27.1-1PGSTY~trixie_amd64.deb	postgresql-16-pg-vectorize-dbgsym	0.27.1-1PGSTY~trixie	amd64	dbgsym	True
apt/trixie/extension-20260919/amd64/postgresql-16-pg-vectorize_0.27.1-1PGSTY~trixie_amd64.deb	postgresql-16-pg-vectorize	0.27.1-1PGSTY~trixie	amd64	main	True
apt/trixie/extension-20260919/amd64/postgresql-16-pgmq_1.13.0-1PGSTY~trixie_all.deb	postgresql-16-pgmq	1.13.0-1PGSTY~trixie	all	main	True
apt/trixie/extension-20260919/amd64/postgresql-16-pgrdf-dbgsym_0.6.36-1PGSTY~trixie_amd64.deb	postgresql-16-pgrdf-dbgsym	0.6.36-1PGSTY~trixie	amd64	dbgsym	True
apt/trixie/extension-20260919/amd64/postgresql-16-pgrdf_0.6.36-1PGSTY~trixie_amd64.deb	postgresql-16-pgrdf	0.6.36-1PGSTY~trixie	amd64	main	True
apt/trixie/extension-20260919/amd64/postgresql-16-plpgsql-check-dbgsym_2.10.10-1PGSTY~trixie_amd64.deb	postgresql-16-plpgsql-check-dbgsym	2.10.10-1PGSTY~trixie	amd64	dbgsym	True
apt/trixie/extension-20260919/amd64/postgresql-16-plpgsql-check_2.10.10-1PGSTY~trixie_amd64.deb	postgresql-16-plpgsql-check	2.10.10-1PGSTY~trixie	amd64	main	True
apt/trixie/extension-20260919/amd64/postgresql-16-plprql-dbgsym_18.0.2-1PGSTY~trixie_amd64.deb	postgresql-16-plprql-dbgsym	18.0.2-1PGSTY~trixie	amd64	dbgsym	True
apt/trixie/extension-20260919/amd64/postgresql-16-plprql_18.0.2-1PGSTY~trixie_amd64.deb	postgresql-16-plprql	18.0.2-1PGSTY~trixie	amd64	main	True
apt/trixie/extension-20260919/amd64/postgresql-16-timescaledb-tsl-dbgsym_2.30.1-1PGSTY~trixie_amd64.deb	postgresql-16-timescaledb-tsl-dbgsym	2.30.1-1PGSTY~trixie	amd64	dbgsym	True
apt/trixie/extension-20260919/amd64/postgresql-16-timescaledb-tsl_2.30.1-1PGSTY~trixie_amd64.deb	postgresql-16-timescaledb-tsl	2.30.1-1PGSTY~trixie	amd64	main	True
apt/trixie/extension-20260919/amd64/postgresql-16-ulak-dbgsym_0.2.0-1PGSTY~trixie_amd64.deb	postgresql-16-ulak-dbgsym	0.2.0-1PGSTY~trixie	amd64	dbgsym	True
apt/trixie/extension-20260919/amd64/postgresql-16-ulak_0.2.0-1PGSTY~trixie_amd64.deb	postgresql-16-ulak	0.2.0-1PGSTY~trixie	amd64	main	True
apt/trixie/extension-20260919/amd64/postgresql-16-wrappers-dbgsym_0.6.3-1PGSTY~trixie_amd64.deb	postgresql-16-wrappers-dbgsym	0.6.3-1PGSTY~trixie	amd64	dbgsym	True
apt/trixie/extension-20260919/amd64/postgresql-16-wrappers_0.6.3-1PGSTY~trixie_amd64.deb	postgresql-16-wrappers	0.6.3-1PGSTY~trixie	amd64	main	True
apt/trixie/extension-20260919/amd64/postgresql-17-biscuit-dbgsym_3.1.0-1PGSTY~trixie_amd64.deb	postgresql-17-biscuit-dbgsym	3.1.0-1PGSTY~trixie	amd64	dbgsym	True
apt/trixie/extension-20260919/amd64/postgresql-17-biscuit_3.1.0-1PGSTY~trixie_amd64.deb	postgresql-17-biscuit	3.1.0-1PGSTY~trixie	amd64	main	True
apt/trixie/extension-20260919/amd64/postgresql-17-ddlx_0.31-1PGSTY~trixie_all.deb	postgresql-17-ddlx	0.31-1PGSTY~trixie	all	main	True
apt/trixie/extension-20260919/amd64/postgresql-17-documentdb-dbgsym_0.117-1PGSTY~trixie_amd64.deb	postgresql-17-documentdb-dbgsym	0.117-1PGSTY~trixie	amd64	dbgsym	True
apt/trixie/extension-20260919/amd64/postgresql-17-documentdb_0.117-1PGSTY~trixie_amd64.deb	postgresql-17-documentdb	0.117-1PGSTY~trixie	amd64	main	True
apt/trixie/extension-20260919/amd64/postgresql-17-jev_0.2.0-1PGSTY~trixie_all.deb	postgresql-17-jev	0.2.0-1PGSTY~trixie	all	main	True
apt/trixie/extension-20260919/amd64/postgresql-17-log-fdw-dbgsym_1.5-1PGSTY~trixie_amd64.deb	postgresql-17-log-fdw-dbgsym	1.5-1PGSTY~trixie	amd64	dbgsym	True
apt/trixie/extension-20260919/amd64/postgresql-17-log-fdw_1.5-1PGSTY~trixie_amd64.deb	postgresql-17-log-fdw	1.5-1PGSTY~trixie	amd64	main	True
apt/trixie/extension-20260919/amd64/postgresql-17-macavity-dbgsym_0.1.0-1PGSTY~trixie_amd64.deb	postgresql-17-macavity-dbgsym	0.1.0-1PGSTY~trixie	amd64	dbgsym	True
apt/trixie/extension-20260919/amd64/postgresql-17-macavity_0.1.0-1PGSTY~trixie_amd64.deb	postgresql-17-macavity	0.1.0-1PGSTY~trixie	amd64	main	True
apt/trixie/extension-20260919/amd64/postgresql-17-nominatim-fdw-dbgsym_2.2.0-1PGSTY~trixie_amd64.deb	postgresql-17-nominatim-fdw-dbgsym	2.2.0-1PGSTY~trixie	amd64	dbgsym	True
apt/trixie/extension-20260919/amd64/postgresql-17-nominatim-fdw_2.2.0-1PGSTY~trixie_amd64.deb	postgresql-17-nominatim-fdw	2.2.0-1PGSTY~trixie	amd64	main	True
apt/trixie/extension-20260919/amd64/postgresql-17-pg-circuit-dbgsym_0.1.0-1PGSTY~trixie_amd64.deb	postgresql-17-pg-circuit-dbgsym	0.1.0-1PGSTY~trixie	amd64	dbgsym	True
apt/trixie/extension-20260919/amd64/postgresql-17-pg-circuit_0.1.0-1PGSTY~trixie_amd64.deb	postgresql-17-pg-circuit	0.1.0-1PGSTY~trixie	amd64	main	True
apt/trixie/extension-20260919/amd64/postgresql-17-pg-curl-dbgsym_2.4.6-1PGSTY~trixie_amd64.deb	postgresql-17-pg-curl-dbgsym	2.4.6-1PGSTY~trixie	amd64	dbgsym	True
apt/trixie/extension-20260919/amd64/postgresql-17-pg-curl_2.4.6-1PGSTY~trixie_amd64.deb	postgresql-17-pg-curl	2.4.6-1PGSTY~trixie	amd64	main	True
apt/trixie/extension-20260919/amd64/postgresql-17-pg-durable-dbgsym_0.2.8-1PGSTY~trixie_amd64.deb	postgresql-17-pg-durable-dbgsym	0.2.8-1PGSTY~trixie	amd64	dbgsym	True
apt/trixie/extension-20260919/amd64/postgresql-17-pg-durable_0.2.8-1PGSTY~trixie_amd64.deb	postgresql-17-pg-durable	0.2.8-1PGSTY~trixie	amd64	main	True
apt/trixie/extension-20260919/amd64/postgresql-17-pg-fts-dbgsym_1.8.3-1PGSTY~trixie_amd64.deb	postgresql-17-pg-fts-dbgsym	1.8.3-1PGSTY~trixie	amd64	dbgsym	True
apt/trixie/extension-20260919/amd64/postgresql-17-pg-fts_1.8.3-1PGSTY~trixie_amd64.deb	postgresql-17-pg-fts	1.8.3-1PGSTY~trixie	amd64	main	True
apt/trixie/extension-20260919/amd64/postgresql-17-pg-grammar-guard_0.4.1-1PGSTY~trixie_all.deb	postgresql-17-pg-grammar-guard	0.4.1-1PGSTY~trixie	all	main	True
apt/trixie/extension-20260919/amd64/postgresql-17-pg-lake-dbgsym_3.5.1-1PGSTY~trixie_amd64.deb	postgresql-17-pg-lake-dbgsym	3.5.1-1PGSTY~trixie	amd64	dbgsym	True
apt/trixie/extension-20260919/amd64/postgresql-17-pg-lake_3.5.1-1PGSTY~trixie_amd64.deb	postgresql-17-pg-lake	3.5.1-1PGSTY~trixie	amd64	main	True
apt/trixie/extension-20260919/amd64/postgresql-17-pg-living-assertions_0.4.2-1PGSTY~trixie_all.deb	postgresql-17-pg-living-assertions	0.4.2-1PGSTY~trixie	all	main	True
apt/trixie/extension-20260919/amd64/postgresql-17-pg-local-cache-dbgsym_2.0.4-1PGSTY~trixie_amd64.deb	postgresql-17-pg-local-cache-dbgsym	2.0.4-1PGSTY~trixie	amd64	dbgsym	True
apt/trixie/extension-20260919/amd64/postgresql-17-pg-local-cache_2.0.4-1PGSTY~trixie_amd64.deb	postgresql-17-pg-local-cache	2.0.4-1PGSTY~trixie	amd64	main	True
apt/trixie/extension-20260919/amd64/postgresql-17-pg-profile_4.16-1PGSTY~trixie_all.deb	postgresql-17-pg-profile	4.16-1PGSTY~trixie	all	main	True
apt/trixie/extension-20260919/amd64/postgresql-17-pg-search-dbgsym_0.25.9-1PGSTY~trixie_amd64.deb	postgresql-17-pg-search-dbgsym	0.25.9-1PGSTY~trixie	amd64	dbgsym	True
apt/trixie/extension-20260919/amd64/postgresql-17-pg-search_0.25.9-1PGSTY~trixie_amd64.deb	postgresql-17-pg-search	0.25.9-1PGSTY~trixie	amd64	main	True
apt/trixie/extension-20260919/amd64/postgresql-17-pg-stat-monitor-dbgsym_2.4.0-1PGSTY~trixie_amd64.deb	postgresql-17-pg-stat-monitor-dbgsym	2.4.0-1PGSTY~trixie	amd64	dbgsym	True
apt/trixie/extension-20260919/amd64/postgresql-17-pg-stat-monitor_2.4.0-1PGSTY~trixie_amd64.deb	postgresql-17-pg-stat-monitor	2.4.0-1PGSTY~trixie	amd64	main	True
apt/trixie/extension-20260919/amd64/postgresql-17-pg-task-dbgsym_3.0.0-1PGSTY~trixie_amd64.deb	postgresql-17-pg-task-dbgsym	3.0.0-1PGSTY~trixie	amd64	dbgsym	True
apt/trixie/extension-20260919/amd64/postgresql-17-pg-task_3.0.0-1PGSTY~trixie_amd64.deb	postgresql-17-pg-task	3.0.0-1PGSTY~trixie	amd64	main	True
apt/trixie/extension-20260919/amd64/postgresql-17-pg-vault-tde-dbgsym_1.7.1-1PGSTY~trixie_amd64.deb	postgresql-17-pg-vault-tde-dbgsym	1.7.1-1PGSTY~trixie	amd64	dbgsym	True
apt/trixie/extension-20260919/amd64/postgresql-17-pg-vault-tde_1.7.1-1PGSTY~trixie_amd64.deb	postgresql-17-pg-vault-tde	1.7.1-1PGSTY~trixie	amd64	main	True
apt/trixie/extension-20260919/amd64/postgresql-17-pg-vectorize-dbgsym_0.27.1-1PGSTY~trixie_amd64.deb	postgresql-17-pg-vectorize-dbgsym	0.27.1-1PGSTY~trixie	amd64	dbgsym	True
apt/trixie/extension-20260919/amd64/postgresql-17-pg-vectorize_0.27.1-1PGSTY~trixie_amd64.deb	postgresql-17-pg-vectorize	0.27.1-1PGSTY~trixie	amd64	main	True
apt/trixie/extension-20260919/amd64/postgresql-17-pgmq_1.13.0-1PGSTY~trixie_all.deb	postgresql-17-pgmq	1.13.0-1PGSTY~trixie	all	main	True
apt/trixie/extension-20260919/amd64/postgresql-17-pgrdf-dbgsym_0.6.36-1PGSTY~trixie_amd64.deb	postgresql-17-pgrdf-dbgsym	0.6.36-1PGSTY~trixie	amd64	dbgsym	True
apt/trixie/extension-20260919/amd64/postgresql-17-pgrdf_0.6.36-1PGSTY~trixie_amd64.deb	postgresql-17-pgrdf	0.6.36-1PGSTY~trixie	amd64	main	True
apt/trixie/extension-20260919/amd64/postgresql-17-plpgsql-check-dbgsym_2.10.10-1PGSTY~trixie_amd64.deb	postgresql-17-plpgsql-check-dbgsym	2.10.10-1PGSTY~trixie	amd64	dbgsym	True
apt/trixie/extension-20260919/amd64/postgresql-17-plpgsql-check_2.10.10-1PGSTY~trixie_amd64.deb	postgresql-17-plpgsql-check	2.10.10-1PGSTY~trixie	amd64	main	True
apt/trixie/extension-20260919/amd64/postgresql-17-plprql-dbgsym_18.0.2-1PGSTY~trixie_amd64.deb	postgresql-17-plprql-dbgsym	18.0.2-1PGSTY~trixie	amd64	dbgsym	True
apt/trixie/extension-20260919/amd64/postgresql-17-plprql_18.0.2-1PGSTY~trixie_amd64.deb	postgresql-17-plprql	18.0.2-1PGSTY~trixie	amd64	main	True
apt/trixie/extension-20260919/amd64/postgresql-17-psql-bm25s-dbgsym_0.4.14-1PGSTY~trixie_amd64.deb	postgresql-17-psql-bm25s-dbgsym	0.4.14-1PGSTY~trixie	amd64	dbgsym	True
apt/trixie/extension-20260919/amd64/postgresql-17-psql-bm25s_0.4.14-1PGSTY~trixie_amd64.deb	postgresql-17-psql-bm25s	0.4.14-1PGSTY~trixie	amd64	main	True
apt/trixie/extension-20260919/amd64/postgresql-17-timescaledb-tsl-dbgsym_2.30.1-1PGSTY~trixie_amd64.deb	postgresql-17-timescaledb-tsl-dbgsym	2.30.1-1PGSTY~trixie	amd64	dbgsym	True
apt/trixie/extension-20260919/amd64/postgresql-17-timescaledb-tsl_2.30.1-1PGSTY~trixie_amd64.deb	postgresql-17-timescaledb-tsl	2.30.1-1PGSTY~trixie	amd64	main	True
apt/trixie/extension-20260919/amd64/postgresql-17-ulak-dbgsym_0.2.0-1PGSTY~trixie_amd64.deb	postgresql-17-ulak-dbgsym	0.2.0-1PGSTY~trixie	amd64	dbgsym	True
apt/trixie/extension-20260919/amd64/postgresql-17-ulak_0.2.0-1PGSTY~trixie_amd64.deb	postgresql-17-ulak	0.2.0-1PGSTY~trixie	amd64	main	True
apt/trixie/extension-20260919/amd64/postgresql-17-wrappers-dbgsym_0.6.3-1PGSTY~trixie_amd64.deb	postgresql-17-wrappers-dbgsym	0.6.3-1PGSTY~trixie	amd64	dbgsym	True
apt/trixie/extension-20260919/amd64/postgresql-17-wrappers_0.6.3-1PGSTY~trixie_amd64.deb	postgresql-17-wrappers	0.6.3-1PGSTY~trixie	amd64	main	True
apt/trixie/extension-20260919/amd64/postgresql-18-biscuit-dbgsym_3.1.0-1PGSTY~trixie_amd64.deb	postgresql-18-biscuit-dbgsym	3.1.0-1PGSTY~trixie	amd64	dbgsym	True
apt/trixie/extension-20260919/amd64/postgresql-18-biscuit_3.1.0-1PGSTY~trixie_amd64.deb	postgresql-18-biscuit	3.1.0-1PGSTY~trixie	amd64	main	True
apt/trixie/extension-20260919/amd64/postgresql-18-ddlx_0.31-1PGSTY~trixie_all.deb	postgresql-18-ddlx	0.31-1PGSTY~trixie	all	main	True
apt/trixie/extension-20260919/amd64/postgresql-18-documentdb-dbgsym_0.117-1PGSTY~trixie_amd64.deb	postgresql-18-documentdb-dbgsym	0.117-1PGSTY~trixie	amd64	dbgsym	True
apt/trixie/extension-20260919/amd64/postgresql-18-documentdb_0.117-1PGSTY~trixie_amd64.deb	postgresql-18-documentdb	0.117-1PGSTY~trixie	amd64	main	True
apt/trixie/extension-20260919/amd64/postgresql-18-log-fdw-dbgsym_1.5-1PGSTY~trixie_amd64.deb	postgresql-18-log-fdw-dbgsym	1.5-1PGSTY~trixie	amd64	dbgsym	True
apt/trixie/extension-20260919/amd64/postgresql-18-log-fdw_1.5-1PGSTY~trixie_amd64.deb	postgresql-18-log-fdw	1.5-1PGSTY~trixie	amd64	main	True
apt/trixie/extension-20260919/amd64/postgresql-18-macavity-dbgsym_0.1.0-1PGSTY~trixie_amd64.deb	postgresql-18-macavity-dbgsym	0.1.0-1PGSTY~trixie	amd64	dbgsym	True
apt/trixie/extension-20260919/amd64/postgresql-18-macavity_0.1.0-1PGSTY~trixie_amd64.deb	postgresql-18-macavity	0.1.0-1PGSTY~trixie	amd64	main	True
apt/trixie/extension-20260919/amd64/postgresql-18-nominatim-fdw-dbgsym_2.2.0-1PGSTY~trixie_amd64.deb	postgresql-18-nominatim-fdw-dbgsym	2.2.0-1PGSTY~trixie	amd64	dbgsym	True
apt/trixie/extension-20260919/amd64/postgresql-18-nominatim-fdw_2.2.0-1PGSTY~trixie_amd64.deb	postgresql-18-nominatim-fdw	2.2.0-1PGSTY~trixie	amd64	main	True
apt/trixie/extension-20260919/amd64/postgresql-18-pg-circuit-dbgsym_0.1.0-1PGSTY~trixie_amd64.deb	postgresql-18-pg-circuit-dbgsym	0.1.0-1PGSTY~trixie	amd64	dbgsym	True
apt/trixie/extension-20260919/amd64/postgresql-18-pg-circuit_0.1.0-1PGSTY~trixie_amd64.deb	postgresql-18-pg-circuit	0.1.0-1PGSTY~trixie	amd64	main	True
apt/trixie/extension-20260919/amd64/postgresql-18-pg-curl-dbgsym_2.4.6-1PGSTY~trixie_amd64.deb	postgresql-18-pg-curl-dbgsym	2.4.6-1PGSTY~trixie	amd64	dbgsym	True
apt/trixie/extension-20260919/amd64/postgresql-18-pg-curl_2.4.6-1PGSTY~trixie_amd64.deb	postgresql-18-pg-curl	2.4.6-1PGSTY~trixie	amd64	main	True
apt/trixie/extension-20260919/amd64/postgresql-18-pg-durable-dbgsym_0.2.8-1PGSTY~trixie_amd64.deb	postgresql-18-pg-durable-dbgsym	0.2.8-1PGSTY~trixie	amd64	dbgsym	True
apt/trixie/extension-20260919/amd64/postgresql-18-pg-durable_0.2.8-1PGSTY~trixie_amd64.deb	postgresql-18-pg-durable	0.2.8-1PGSTY~trixie	amd64	main	True
apt/trixie/extension-20260919/amd64/postgresql-18-pg-fts-dbgsym_1.8.3-1PGSTY~trixie_amd64.deb	postgresql-18-pg-fts-dbgsym	1.8.3-1PGSTY~trixie	amd64	dbgsym	True
apt/trixie/extension-20260919/amd64/postgresql-18-pg-fts_1.8.3-1PGSTY~trixie_amd64.deb	postgresql-18-pg-fts	1.8.3-1PGSTY~trixie	amd64	main	True
apt/trixie/extension-20260919/amd64/postgresql-18-pg-grammar-guard_0.4.1-1PGSTY~trixie_all.deb	postgresql-18-pg-grammar-guard	0.4.1-1PGSTY~trixie	all	main	True
apt/trixie/extension-20260919/amd64/postgresql-18-pg-lake-dbgsym_3.5.1-1PGSTY~trixie_amd64.deb	postgresql-18-pg-lake-dbgsym	3.5.1-1PGSTY~trixie	amd64	dbgsym	True
apt/trixie/extension-20260919/amd64/postgresql-18-pg-lake_3.5.1-1PGSTY~trixie_amd64.deb	postgresql-18-pg-lake	3.5.1-1PGSTY~trixie	amd64	main	True
apt/trixie/extension-20260919/amd64/postgresql-18-pg-living-assertions_0.4.2-1PGSTY~trixie_all.deb	postgresql-18-pg-living-assertions	0.4.2-1PGSTY~trixie	all	main	True
apt/trixie/extension-20260919/amd64/postgresql-18-pg-local-cache-dbgsym_2.0.4-1PGSTY~trixie_amd64.deb	postgresql-18-pg-local-cache-dbgsym	2.0.4-1PGSTY~trixie	amd64	dbgsym	True
apt/trixie/extension-20260919/amd64/postgresql-18-pg-local-cache_2.0.4-1PGSTY~trixie_amd64.deb	postgresql-18-pg-local-cache	2.0.4-1PGSTY~trixie	amd64	main	True
apt/trixie/extension-20260919/amd64/postgresql-18-pg-profile_4.16-1PGSTY~trixie_all.deb	postgresql-18-pg-profile	4.16-1PGSTY~trixie	all	main	True
apt/trixie/extension-20260919/amd64/postgresql-18-pg-search-dbgsym_0.25.9-1PGSTY~trixie_amd64.deb	postgresql-18-pg-search-dbgsym	0.25.9-1PGSTY~trixie	amd64	dbgsym	True
apt/trixie/extension-20260919/amd64/postgresql-18-pg-search_0.25.9-1PGSTY~trixie_amd64.deb	postgresql-18-pg-search	0.25.9-1PGSTY~trixie	amd64	main	True
apt/trixie/extension-20260919/amd64/postgresql-18-pg-stat-monitor-dbgsym_2.4.0-1PGSTY~trixie_amd64.deb	postgresql-18-pg-stat-monitor-dbgsym	2.4.0-1PGSTY~trixie	amd64	dbgsym	True
apt/trixie/extension-20260919/amd64/postgresql-18-pg-stat-monitor_2.4.0-1PGSTY~trixie_amd64.deb	postgresql-18-pg-stat-monitor	2.4.0-1PGSTY~trixie	amd64	main	True
apt/trixie/extension-20260919/amd64/postgresql-18-pg-task-dbgsym_3.0.0-1PGSTY~trixie_amd64.deb	postgresql-18-pg-task-dbgsym	3.0.0-1PGSTY~trixie	amd64	dbgsym	True
apt/trixie/extension-20260919/amd64/postgresql-18-pg-task_3.0.0-1PGSTY~trixie_amd64.deb	postgresql-18-pg-task	3.0.0-1PGSTY~trixie	amd64	main	True
apt/trixie/extension-20260919/amd64/postgresql-18-pg-trickle-dbgsym_0.107.0-1PGSTY~trixie_amd64.deb	postgresql-18-pg-trickle-dbgsym	0.107.0-1PGSTY~trixie	amd64	dbgsym	True
apt/trixie/extension-20260919/amd64/postgresql-18-pg-trickle_0.107.0-1PGSTY~trixie_amd64.deb	postgresql-18-pg-trickle	0.107.0-1PGSTY~trixie	amd64	main	True
apt/trixie/extension-20260919/amd64/postgresql-18-pg-vault-tde-dbgsym_1.7.1-1PGSTY~trixie_amd64.deb	postgresql-18-pg-vault-tde-dbgsym	1.7.1-1PGSTY~trixie	amd64	dbgsym	True
apt/trixie/extension-20260919/amd64/postgresql-18-pg-vault-tde_1.7.1-1PGSTY~trixie_amd64.deb	postgresql-18-pg-vault-tde	1.7.1-1PGSTY~trixie	amd64	main	True
apt/trixie/extension-20260919/amd64/postgresql-18-pg-vectorize-dbgsym_0.27.1-1PGSTY~trixie_amd64.deb	postgresql-18-pg-vectorize-dbgsym	0.27.1-1PGSTY~trixie	amd64	dbgsym	True
apt/trixie/extension-20260919/amd64/postgresql-18-pg-vectorize_0.27.1-1PGSTY~trixie_amd64.deb	postgresql-18-pg-vectorize	0.27.1-1PGSTY~trixie	amd64	main	True
apt/trixie/extension-20260919/amd64/postgresql-18-pgmq_1.13.0-1PGSTY~trixie_all.deb	postgresql-18-pgmq	1.13.0-1PGSTY~trixie	all	main	True
apt/trixie/extension-20260919/amd64/postgresql-18-pgrdf-dbgsym_0.6.36-1PGSTY~trixie_amd64.deb	postgresql-18-pgrdf-dbgsym	0.6.36-1PGSTY~trixie	amd64	dbgsym	True
apt/trixie/extension-20260919/amd64/postgresql-18-pgrdf_0.6.36-1PGSTY~trixie_amd64.deb	postgresql-18-pgrdf	0.6.36-1PGSTY~trixie	amd64	main	True
apt/trixie/extension-20260919/amd64/postgresql-18-plpgsql-check-dbgsym_2.10.10-1PGSTY~trixie_amd64.deb	postgresql-18-plpgsql-check-dbgsym	2.10.10-1PGSTY~trixie	amd64	dbgsym	True
apt/trixie/extension-20260919/amd64/postgresql-18-plpgsql-check_2.10.10-1PGSTY~trixie_amd64.deb	postgresql-18-plpgsql-check	2.10.10-1PGSTY~trixie	amd64	main	True
apt/trixie/extension-20260919/amd64/postgresql-18-plprql-dbgsym_18.0.2-1PGSTY~trixie_amd64.deb	postgresql-18-plprql-dbgsym	18.0.2-1PGSTY~trixie	amd64	dbgsym	True
apt/trixie/extension-20260919/amd64/postgresql-18-plprql_18.0.2-1PGSTY~trixie_amd64.deb	postgresql-18-plprql	18.0.2-1PGSTY~trixie	amd64	main	True
apt/trixie/extension-20260919/amd64/postgresql-18-psql-bm25s-dbgsym_0.4.14-1PGSTY~trixie_amd64.deb	postgresql-18-psql-bm25s-dbgsym	0.4.14-1PGSTY~trixie	amd64	dbgsym	True
apt/trixie/extension-20260919/amd64/postgresql-18-psql-bm25s_0.4.14-1PGSTY~trixie_amd64.deb	postgresql-18-psql-bm25s	0.4.14-1PGSTY~trixie	amd64	main	True
apt/trixie/extension-20260919/amd64/postgresql-18-timescaledb-tsl-dbgsym_2.30.1-1PGSTY~trixie_amd64.deb	postgresql-18-timescaledb-tsl-dbgsym	2.30.1-1PGSTY~trixie	amd64	dbgsym	True
apt/trixie/extension-20260919/amd64/postgresql-18-timescaledb-tsl_2.30.1-1PGSTY~trixie_amd64.deb	postgresql-18-timescaledb-tsl	2.30.1-1PGSTY~trixie	amd64	main	True
apt/trixie/extension-20260919/amd64/postgresql-18-ulak-dbgsym_0.2.0-1PGSTY~trixie_amd64.deb	postgresql-18-ulak-dbgsym	0.2.0-1PGSTY~trixie	amd64	dbgsym	True
apt/trixie/extension-20260919/amd64/postgresql-18-ulak_0.2.0-1PGSTY~trixie_amd64.deb	postgresql-18-ulak	0.2.0-1PGSTY~trixie	amd64	main	True
apt/trixie/extension-20260919/amd64/postgresql-18-wrappers-dbgsym_0.6.3-1PGSTY~trixie_amd64.deb	postgresql-18-wrappers-dbgsym	0.6.3-1PGSTY~trixie	amd64	dbgsym	True
apt/trixie/extension-20260919/amd64/postgresql-18-wrappers_0.6.3-1PGSTY~trixie_amd64.deb	postgresql-18-wrappers	0.6.3-1PGSTY~trixie	amd64	main	True
apt/trixie/extension-20260919/arm64/ivorysql-18-dbgsym_5.6-1PGSTY~trixie_arm64.deb	ivorysql-18-dbgsym	5.6-1PGSTY~trixie	arm64	dbgsym	True
apt/trixie/extension-20260919/arm64/ivorysql-18_5.6-1PGSTY~trixie_arm64.deb	ivorysql-18	5.6-1PGSTY~trixie	arm64	main	True
apt/trixie/extension-20260919/arm64/postgresql-14-ddlx_0.31-1PGSTY~trixie_all.deb	postgresql-14-ddlx	0.31-1PGSTY~trixie	all	main	True
apt/trixie/extension-20260919/arm64/postgresql-14-jev_0.2.0-1PGSTY~trixie_all.deb	postgresql-14-jev	0.2.0-1PGSTY~trixie	all	main	True
apt/trixie/extension-20260919/arm64/postgresql-14-log-fdw-dbgsym_1.5-1PGSTY~trixie_arm64.deb	postgresql-14-log-fdw-dbgsym	1.5-1PGSTY~trixie	arm64	dbgsym	True
apt/trixie/extension-20260919/arm64/postgresql-14-log-fdw_1.5-1PGSTY~trixie_arm64.deb	postgresql-14-log-fdw	1.5-1PGSTY~trixie	arm64	main	True
apt/trixie/extension-20260919/arm64/postgresql-14-nominatim-fdw-dbgsym_2.2.0-1PGSTY~trixie_arm64.deb	postgresql-14-nominatim-fdw-dbgsym	2.2.0-1PGSTY~trixie	arm64	dbgsym	True
apt/trixie/extension-20260919/arm64/postgresql-14-nominatim-fdw_2.2.0-1PGSTY~trixie_arm64.deb	postgresql-14-nominatim-fdw	2.2.0-1PGSTY~trixie	arm64	main	True
apt/trixie/extension-20260919/arm64/postgresql-14-pg-curl-dbgsym_2.4.6-1PGSTY~trixie_arm64.deb	postgresql-14-pg-curl-dbgsym	2.4.6-1PGSTY~trixie	arm64	dbgsym	True
apt/trixie/extension-20260919/arm64/postgresql-14-pg-curl_2.4.6-1PGSTY~trixie_arm64.deb	postgresql-14-pg-curl	2.4.6-1PGSTY~trixie	arm64	main	True
apt/trixie/extension-20260919/arm64/postgresql-14-pg-durable-dbgsym_0.2.8-1PGSTY~trixie_arm64.deb	postgresql-14-pg-durable-dbgsym	0.2.8-1PGSTY~trixie	arm64	dbgsym	True
apt/trixie/extension-20260919/arm64/postgresql-14-pg-durable_0.2.8-1PGSTY~trixie_arm64.deb	postgresql-14-pg-durable	0.2.8-1PGSTY~trixie	arm64	main	True
apt/trixie/extension-20260919/arm64/postgresql-14-pg-grammar-guard_0.4.1-1PGSTY~trixie_all.deb	postgresql-14-pg-grammar-guard	0.4.1-1PGSTY~trixie	all	main	True
apt/trixie/extension-20260919/arm64/postgresql-14-pg-living-assertions_0.4.2-1PGSTY~trixie_all.deb	postgresql-14-pg-living-assertions	0.4.2-1PGSTY~trixie	all	main	True
apt/trixie/extension-20260919/arm64/postgresql-14-pg-local-cache-dbgsym_2.0.4-1PGSTY~trixie_arm64.deb	postgresql-14-pg-local-cache-dbgsym	2.0.4-1PGSTY~trixie	arm64	dbgsym	True
apt/trixie/extension-20260919/arm64/postgresql-14-pg-local-cache_2.0.4-1PGSTY~trixie_arm64.deb	postgresql-14-pg-local-cache	2.0.4-1PGSTY~trixie	arm64	main	True
apt/trixie/extension-20260919/arm64/postgresql-14-pg-profile_4.16-1PGSTY~trixie_all.deb	postgresql-14-pg-profile	4.16-1PGSTY~trixie	all	main	True
apt/trixie/extension-20260919/arm64/postgresql-14-pg-stat-monitor-dbgsym_2.4.0-1PGSTY~trixie_arm64.deb	postgresql-14-pg-stat-monitor-dbgsym	2.4.0-1PGSTY~trixie	arm64	dbgsym	True
apt/trixie/extension-20260919/arm64/postgresql-14-pg-stat-monitor_2.4.0-1PGSTY~trixie_arm64.deb	postgresql-14-pg-stat-monitor	2.4.0-1PGSTY~trixie	arm64	main	True
apt/trixie/extension-20260919/arm64/postgresql-14-pg-task-dbgsym_3.0.0-1PGSTY~trixie_arm64.deb	postgresql-14-pg-task-dbgsym	3.0.0-1PGSTY~trixie	arm64	dbgsym	True
apt/trixie/extension-20260919/arm64/postgresql-14-pg-task_3.0.0-1PGSTY~trixie_arm64.deb	postgresql-14-pg-task	3.0.0-1PGSTY~trixie	arm64	main	True
apt/trixie/extension-20260919/arm64/postgresql-14-pg-vectorize-dbgsym_0.27.1-1PGSTY~trixie_arm64.deb	postgresql-14-pg-vectorize-dbgsym	0.27.1-1PGSTY~trixie	arm64	dbgsym	True
apt/trixie/extension-20260919/arm64/postgresql-14-pg-vectorize_0.27.1-1PGSTY~trixie_arm64.deb	postgresql-14-pg-vectorize	0.27.1-1PGSTY~trixie	arm64	main	True
apt/trixie/extension-20260919/arm64/postgresql-14-pgmq_1.13.0-1PGSTY~trixie_all.deb	postgresql-14-pgmq	1.13.0-1PGSTY~trixie	all	main	True
apt/trixie/extension-20260919/arm64/postgresql-14-pgrdf-dbgsym_0.6.36-1PGSTY~trixie_arm64.deb	postgresql-14-pgrdf-dbgsym	0.6.36-1PGSTY~trixie	arm64	dbgsym	True
apt/trixie/extension-20260919/arm64/postgresql-14-pgrdf_0.6.36-1PGSTY~trixie_arm64.deb	postgresql-14-pgrdf	0.6.36-1PGSTY~trixie	arm64	main	True
apt/trixie/extension-20260919/arm64/postgresql-14-plpgsql-check-dbgsym_2.10.10-1PGSTY~trixie_arm64.deb	postgresql-14-plpgsql-check-dbgsym	2.10.10-1PGSTY~trixie	arm64	dbgsym	True
apt/trixie/extension-20260919/arm64/postgresql-14-plpgsql-check_2.10.10-1PGSTY~trixie_arm64.deb	postgresql-14-plpgsql-check	2.10.10-1PGSTY~trixie	arm64	main	True
apt/trixie/extension-20260919/arm64/postgresql-14-plprql-dbgsym_18.0.2-1PGSTY~trixie_arm64.deb	postgresql-14-plprql-dbgsym	18.0.2-1PGSTY~trixie	arm64	dbgsym	True
apt/trixie/extension-20260919/arm64/postgresql-14-plprql_18.0.2-1PGSTY~trixie_arm64.deb	postgresql-14-plprql	18.0.2-1PGSTY~trixie	arm64	main	True
apt/trixie/extension-20260919/arm64/postgresql-14-ulak-dbgsym_0.2.0-1PGSTY~trixie_arm64.deb	postgresql-14-ulak-dbgsym	0.2.0-1PGSTY~trixie	arm64	dbgsym	True
apt/trixie/extension-20260919/arm64/postgresql-14-ulak_0.2.0-1PGSTY~trixie_arm64.deb	postgresql-14-ulak	0.2.0-1PGSTY~trixie	arm64	main	True
apt/trixie/extension-20260919/arm64/postgresql-14-wrappers-dbgsym_0.6.3-1PGSTY~trixie_arm64.deb	postgresql-14-wrappers-dbgsym	0.6.3-1PGSTY~trixie	arm64	dbgsym	True
apt/trixie/extension-20260919/arm64/postgresql-14-wrappers_0.6.3-1PGSTY~trixie_arm64.deb	postgresql-14-wrappers	0.6.3-1PGSTY~trixie	arm64	main	True
apt/trixie/extension-20260919/arm64/postgresql-15-ddlx_0.31-1PGSTY~trixie_all.deb	postgresql-15-ddlx	0.31-1PGSTY~trixie	all	main	True
apt/trixie/extension-20260919/arm64/postgresql-15-documentdb-dbgsym_0.117-1PGSTY~trixie_arm64.deb	postgresql-15-documentdb-dbgsym	0.117-1PGSTY~trixie	arm64	dbgsym	True
apt/trixie/extension-20260919/arm64/postgresql-15-documentdb_0.117-1PGSTY~trixie_arm64.deb	postgresql-15-documentdb	0.117-1PGSTY~trixie	arm64	main	True
apt/trixie/extension-20260919/arm64/postgresql-15-jev_0.2.0-1PGSTY~trixie_all.deb	postgresql-15-jev	0.2.0-1PGSTY~trixie	all	main	True
apt/trixie/extension-20260919/arm64/postgresql-15-log-fdw-dbgsym_1.5-1PGSTY~trixie_arm64.deb	postgresql-15-log-fdw-dbgsym	1.5-1PGSTY~trixie	arm64	dbgsym	True
apt/trixie/extension-20260919/arm64/postgresql-15-log-fdw_1.5-1PGSTY~trixie_arm64.deb	postgresql-15-log-fdw	1.5-1PGSTY~trixie	arm64	main	True
apt/trixie/extension-20260919/arm64/postgresql-15-nominatim-fdw-dbgsym_2.2.0-1PGSTY~trixie_arm64.deb	postgresql-15-nominatim-fdw-dbgsym	2.2.0-1PGSTY~trixie	arm64	dbgsym	True
apt/trixie/extension-20260919/arm64/postgresql-15-nominatim-fdw_2.2.0-1PGSTY~trixie_arm64.deb	postgresql-15-nominatim-fdw	2.2.0-1PGSTY~trixie	arm64	main	True
apt/trixie/extension-20260919/arm64/postgresql-15-pg-curl-dbgsym_2.4.6-1PGSTY~trixie_arm64.deb	postgresql-15-pg-curl-dbgsym	2.4.6-1PGSTY~trixie	arm64	dbgsym	True
apt/trixie/extension-20260919/arm64/postgresql-15-pg-curl_2.4.6-1PGSTY~trixie_arm64.deb	postgresql-15-pg-curl	2.4.6-1PGSTY~trixie	arm64	main	True
apt/trixie/extension-20260919/arm64/postgresql-15-pg-durable-dbgsym_0.2.8-1PGSTY~trixie_arm64.deb	postgresql-15-pg-durable-dbgsym	0.2.8-1PGSTY~trixie	arm64	dbgsym	True
apt/trixie/extension-20260919/arm64/postgresql-15-pg-durable_0.2.8-1PGSTY~trixie_arm64.deb	postgresql-15-pg-durable	0.2.8-1PGSTY~trixie	arm64	main	True
apt/trixie/extension-20260919/arm64/postgresql-15-pg-grammar-guard_0.4.1-1PGSTY~trixie_all.deb	postgresql-15-pg-grammar-guard	0.4.1-1PGSTY~trixie	all	main	True
apt/trixie/extension-20260919/arm64/postgresql-15-pg-living-assertions_0.4.2-1PGSTY~trixie_all.deb	postgresql-15-pg-living-assertions	0.4.2-1PGSTY~trixie	all	main	True
apt/trixie/extension-20260919/arm64/postgresql-15-pg-local-cache-dbgsym_2.0.4-1PGSTY~trixie_arm64.deb	postgresql-15-pg-local-cache-dbgsym	2.0.4-1PGSTY~trixie	arm64	dbgsym	True
apt/trixie/extension-20260919/arm64/postgresql-15-pg-local-cache_2.0.4-1PGSTY~trixie_arm64.deb	postgresql-15-pg-local-cache	2.0.4-1PGSTY~trixie	arm64	main	True
apt/trixie/extension-20260919/arm64/postgresql-15-pg-profile_4.16-1PGSTY~trixie_all.deb	postgresql-15-pg-profile	4.16-1PGSTY~trixie	all	main	True
apt/trixie/extension-20260919/arm64/postgresql-15-pg-search-dbgsym_0.25.9-1PGSTY~trixie_arm64.deb	postgresql-15-pg-search-dbgsym	0.25.9-1PGSTY~trixie	arm64	dbgsym	True
apt/trixie/extension-20260919/arm64/postgresql-15-pg-search_0.25.9-1PGSTY~trixie_arm64.deb	postgresql-15-pg-search	0.25.9-1PGSTY~trixie	arm64	main	True
apt/trixie/extension-20260919/arm64/postgresql-15-pg-stat-monitor-dbgsym_2.4.0-1PGSTY~trixie_arm64.deb	postgresql-15-pg-stat-monitor-dbgsym	2.4.0-1PGSTY~trixie	arm64	dbgsym	True
apt/trixie/extension-20260919/arm64/postgresql-15-pg-stat-monitor_2.4.0-1PGSTY~trixie_arm64.deb	postgresql-15-pg-stat-monitor	2.4.0-1PGSTY~trixie	arm64	main	True
apt/trixie/extension-20260919/arm64/postgresql-15-pg-task-dbgsym_3.0.0-1PGSTY~trixie_arm64.deb	postgresql-15-pg-task-dbgsym	3.0.0-1PGSTY~trixie	arm64	dbgsym	True
apt/trixie/extension-20260919/arm64/postgresql-15-pg-task_3.0.0-1PGSTY~trixie_arm64.deb	postgresql-15-pg-task	3.0.0-1PGSTY~trixie	arm64	main	True
apt/trixie/extension-20260919/arm64/postgresql-15-pg-vectorize-dbgsym_0.27.1-1PGSTY~trixie_arm64.deb	postgresql-15-pg-vectorize-dbgsym	0.27.1-1PGSTY~trixie	arm64	dbgsym	True
apt/trixie/extension-20260919/arm64/postgresql-15-pg-vectorize_0.27.1-1PGSTY~trixie_arm64.deb	postgresql-15-pg-vectorize	0.27.1-1PGSTY~trixie	arm64	main	True
apt/trixie/extension-20260919/arm64/postgresql-15-pgmq_1.13.0-1PGSTY~trixie_all.deb	postgresql-15-pgmq	1.13.0-1PGSTY~trixie	all	main	True
apt/trixie/extension-20260919/arm64/postgresql-15-pgrdf-dbgsym_0.6.36-1PGSTY~trixie_arm64.deb	postgresql-15-pgrdf-dbgsym	0.6.36-1PGSTY~trixie	arm64	dbgsym	True
apt/trixie/extension-20260919/arm64/postgresql-15-pgrdf_0.6.36-1PGSTY~trixie_arm64.deb	postgresql-15-pgrdf	0.6.36-1PGSTY~trixie	arm64	main	True
apt/trixie/extension-20260919/arm64/postgresql-15-plpgsql-check-dbgsym_2.10.10-1PGSTY~trixie_arm64.deb	postgresql-15-plpgsql-check-dbgsym	2.10.10-1PGSTY~trixie	arm64	dbgsym	True
apt/trixie/extension-20260919/arm64/postgresql-15-plpgsql-check_2.10.10-1PGSTY~trixie_arm64.deb	postgresql-15-plpgsql-check	2.10.10-1PGSTY~trixie	arm64	main	True
apt/trixie/extension-20260919/arm64/postgresql-15-plprql-dbgsym_18.0.2-1PGSTY~trixie_arm64.deb	postgresql-15-plprql-dbgsym	18.0.2-1PGSTY~trixie	arm64	dbgsym	True
apt/trixie/extension-20260919/arm64/postgresql-15-plprql_18.0.2-1PGSTY~trixie_arm64.deb	postgresql-15-plprql	18.0.2-1PGSTY~trixie	arm64	main	True
apt/trixie/extension-20260919/arm64/postgresql-15-ulak-dbgsym_0.2.0-1PGSTY~trixie_arm64.deb	postgresql-15-ulak-dbgsym	0.2.0-1PGSTY~trixie	arm64	dbgsym	True
apt/trixie/extension-20260919/arm64/postgresql-15-ulak_0.2.0-1PGSTY~trixie_arm64.deb	postgresql-15-ulak	0.2.0-1PGSTY~trixie	arm64	main	True
apt/trixie/extension-20260919/arm64/postgresql-15-wrappers-dbgsym_0.6.3-1PGSTY~trixie_arm64.deb	postgresql-15-wrappers-dbgsym	0.6.3-1PGSTY~trixie	arm64	dbgsym	True
apt/trixie/extension-20260919/arm64/postgresql-15-wrappers_0.6.3-1PGSTY~trixie_arm64.deb	postgresql-15-wrappers	0.6.3-1PGSTY~trixie	arm64	main	True
apt/trixie/extension-20260919/arm64/postgresql-16-biscuit-dbgsym_3.1.0-1PGSTY~trixie_arm64.deb	postgresql-16-biscuit-dbgsym	3.1.0-1PGSTY~trixie	arm64	dbgsym	True
apt/trixie/extension-20260919/arm64/postgresql-16-biscuit_3.1.0-1PGSTY~trixie_arm64.deb	postgresql-16-biscuit	3.1.0-1PGSTY~trixie	arm64	main	True
apt/trixie/extension-20260919/arm64/postgresql-16-ddlx_0.31-1PGSTY~trixie_all.deb	postgresql-16-ddlx	0.31-1PGSTY~trixie	all	main	True
apt/trixie/extension-20260919/arm64/postgresql-16-documentdb-dbgsym_0.117-1PGSTY~trixie_arm64.deb	postgresql-16-documentdb-dbgsym	0.117-1PGSTY~trixie	arm64	dbgsym	True
apt/trixie/extension-20260919/arm64/postgresql-16-documentdb_0.117-1PGSTY~trixie_arm64.deb	postgresql-16-documentdb	0.117-1PGSTY~trixie	arm64	main	True
apt/trixie/extension-20260919/arm64/postgresql-16-jev_0.2.0-1PGSTY~trixie_all.deb	postgresql-16-jev	0.2.0-1PGSTY~trixie	all	main	True
apt/trixie/extension-20260919/arm64/postgresql-16-kafgres-dbgsym_0.1.0-1PGSTY~trixie_arm64.deb	postgresql-16-kafgres-dbgsym	0.1.0-1PGSTY~trixie	arm64	dbgsym	True
apt/trixie/extension-20260919/arm64/postgresql-16-kafgres_0.1.0-1PGSTY~trixie_arm64.deb	postgresql-16-kafgres	0.1.0-1PGSTY~trixie	arm64	main	True
apt/trixie/extension-20260919/arm64/postgresql-16-log-fdw-dbgsym_1.5-1PGSTY~trixie_arm64.deb	postgresql-16-log-fdw-dbgsym	1.5-1PGSTY~trixie	arm64	dbgsym	True
apt/trixie/extension-20260919/arm64/postgresql-16-log-fdw_1.5-1PGSTY~trixie_arm64.deb	postgresql-16-log-fdw	1.5-1PGSTY~trixie	arm64	main	True
apt/trixie/extension-20260919/arm64/postgresql-16-macavity-dbgsym_0.1.0-1PGSTY~trixie_arm64.deb	postgresql-16-macavity-dbgsym	0.1.0-1PGSTY~trixie	arm64	dbgsym	True
apt/trixie/extension-20260919/arm64/postgresql-16-macavity_0.1.0-1PGSTY~trixie_arm64.deb	postgresql-16-macavity	0.1.0-1PGSTY~trixie	arm64	main	True
apt/trixie/extension-20260919/arm64/postgresql-16-nominatim-fdw-dbgsym_2.2.0-1PGSTY~trixie_arm64.deb	postgresql-16-nominatim-fdw-dbgsym	2.2.0-1PGSTY~trixie	arm64	dbgsym	True
apt/trixie/extension-20260919/arm64/postgresql-16-nominatim-fdw_2.2.0-1PGSTY~trixie_arm64.deb	postgresql-16-nominatim-fdw	2.2.0-1PGSTY~trixie	arm64	main	True
apt/trixie/extension-20260919/arm64/postgresql-16-pg-circuit-dbgsym_0.1.0-1PGSTY~trixie_arm64.deb	postgresql-16-pg-circuit-dbgsym	0.1.0-1PGSTY~trixie	arm64	dbgsym	True
apt/trixie/extension-20260919/arm64/postgresql-16-pg-circuit_0.1.0-1PGSTY~trixie_arm64.deb	postgresql-16-pg-circuit	0.1.0-1PGSTY~trixie	arm64	main	True
apt/trixie/extension-20260919/arm64/postgresql-16-pg-curl-dbgsym_2.4.6-1PGSTY~trixie_arm64.deb	postgresql-16-pg-curl-dbgsym	2.4.6-1PGSTY~trixie	arm64	dbgsym	True
apt/trixie/extension-20260919/arm64/postgresql-16-pg-curl_2.4.6-1PGSTY~trixie_arm64.deb	postgresql-16-pg-curl	2.4.6-1PGSTY~trixie	arm64	main	True
apt/trixie/extension-20260919/arm64/postgresql-16-pg-durable-dbgsym_0.2.8-1PGSTY~trixie_arm64.deb	postgresql-16-pg-durable-dbgsym	0.2.8-1PGSTY~trixie	arm64	dbgsym	True
apt/trixie/extension-20260919/arm64/postgresql-16-pg-durable_0.2.8-1PGSTY~trixie_arm64.deb	postgresql-16-pg-durable	0.2.8-1PGSTY~trixie	arm64	main	True
apt/trixie/extension-20260919/arm64/postgresql-16-pg-grammar-guard_0.4.1-1PGSTY~trixie_all.deb	postgresql-16-pg-grammar-guard	0.4.1-1PGSTY~trixie	all	main	True
apt/trixie/extension-20260919/arm64/postgresql-16-pg-lake-dbgsym_3.5.1-1PGSTY~trixie_arm64.deb	postgresql-16-pg-lake-dbgsym	3.5.1-1PGSTY~trixie	arm64	dbgsym	True
apt/trixie/extension-20260919/arm64/postgresql-16-pg-lake_3.5.1-1PGSTY~trixie_arm64.deb	postgresql-16-pg-lake	3.5.1-1PGSTY~trixie	arm64	main	True
apt/trixie/extension-20260919/arm64/postgresql-16-pg-living-assertions_0.4.2-1PGSTY~trixie_all.deb	postgresql-16-pg-living-assertions	0.4.2-1PGSTY~trixie	all	main	True
apt/trixie/extension-20260919/arm64/postgresql-16-pg-local-cache-dbgsym_2.0.4-1PGSTY~trixie_arm64.deb	postgresql-16-pg-local-cache-dbgsym	2.0.4-1PGSTY~trixie	arm64	dbgsym	True
apt/trixie/extension-20260919/arm64/postgresql-16-pg-local-cache_2.0.4-1PGSTY~trixie_arm64.deb	postgresql-16-pg-local-cache	2.0.4-1PGSTY~trixie	arm64	main	True
apt/trixie/extension-20260919/arm64/postgresql-16-pg-profile_4.16-1PGSTY~trixie_all.deb	postgresql-16-pg-profile	4.16-1PGSTY~trixie	all	main	True
apt/trixie/extension-20260919/arm64/postgresql-16-pg-search-dbgsym_0.25.9-1PGSTY~trixie_arm64.deb	postgresql-16-pg-search-dbgsym	0.25.9-1PGSTY~trixie	arm64	dbgsym	True
apt/trixie/extension-20260919/arm64/postgresql-16-pg-search_0.25.9-1PGSTY~trixie_arm64.deb	postgresql-16-pg-search	0.25.9-1PGSTY~trixie	arm64	main	True
apt/trixie/extension-20260919/arm64/postgresql-16-pg-stat-monitor-dbgsym_2.4.0-1PGSTY~trixie_arm64.deb	postgresql-16-pg-stat-monitor-dbgsym	2.4.0-1PGSTY~trixie	arm64	dbgsym	True
apt/trixie/extension-20260919/arm64/postgresql-16-pg-stat-monitor_2.4.0-1PGSTY~trixie_arm64.deb	postgresql-16-pg-stat-monitor	2.4.0-1PGSTY~trixie	arm64	main	True
apt/trixie/extension-20260919/arm64/postgresql-16-pg-task-dbgsym_3.0.0-1PGSTY~trixie_arm64.deb	postgresql-16-pg-task-dbgsym	3.0.0-1PGSTY~trixie	arm64	dbgsym	True
apt/trixie/extension-20260919/arm64/postgresql-16-pg-task_3.0.0-1PGSTY~trixie_arm64.deb	postgresql-16-pg-task	3.0.0-1PGSTY~trixie	arm64	main	True
apt/trixie/extension-20260919/arm64/postgresql-16-pg-vectorize-dbgsym_0.27.1-1PGSTY~trixie_arm64.deb	postgresql-16-pg-vectorize-dbgsym	0.27.1-1PGSTY~trixie	arm64	dbgsym	True
apt/trixie/extension-20260919/arm64/postgresql-16-pg-vectorize_0.27.1-1PGSTY~trixie_arm64.deb	postgresql-16-pg-vectorize	0.27.1-1PGSTY~trixie	arm64	main	True
apt/trixie/extension-20260919/arm64/postgresql-16-pgmq_1.13.0-1PGSTY~trixie_all.deb	postgresql-16-pgmq	1.13.0-1PGSTY~trixie	all	main	True
apt/trixie/extension-20260919/arm64/postgresql-16-pgrdf-dbgsym_0.6.36-1PGSTY~trixie_arm64.deb	postgresql-16-pgrdf-dbgsym	0.6.36-1PGSTY~trixie	arm64	dbgsym	True
apt/trixie/extension-20260919/arm64/postgresql-16-pgrdf_0.6.36-1PGSTY~trixie_arm64.deb	postgresql-16-pgrdf	0.6.36-1PGSTY~trixie	arm64	main	True
apt/trixie/extension-20260919/arm64/postgresql-16-plpgsql-check-dbgsym_2.10.10-1PGSTY~trixie_arm64.deb	postgresql-16-plpgsql-check-dbgsym	2.10.10-1PGSTY~trixie	arm64	dbgsym	True
apt/trixie/extension-20260919/arm64/postgresql-16-plpgsql-check_2.10.10-1PGSTY~trixie_arm64.deb	postgresql-16-plpgsql-check	2.10.10-1PGSTY~trixie	arm64	main	True
apt/trixie/extension-20260919/arm64/postgresql-16-plprql-dbgsym_18.0.2-1PGSTY~trixie_arm64.deb	postgresql-16-plprql-dbgsym	18.0.2-1PGSTY~trixie	arm64	dbgsym	True
apt/trixie/extension-20260919/arm64/postgresql-16-plprql_18.0.2-1PGSTY~trixie_arm64.deb	postgresql-16-plprql	18.0.2-1PGSTY~trixie	arm64	main	True
apt/trixie/extension-20260919/arm64/postgresql-16-timescaledb-tsl-dbgsym_2.30.1-1PGSTY~trixie_arm64.deb	postgresql-16-timescaledb-tsl-dbgsym	2.30.1-1PGSTY~trixie	arm64	dbgsym	True
apt/trixie/extension-20260919/arm64/postgresql-16-timescaledb-tsl_2.30.1-1PGSTY~trixie_arm64.deb	postgresql-16-timescaledb-tsl	2.30.1-1PGSTY~trixie	arm64	main	True
apt/trixie/extension-20260919/arm64/postgresql-16-ulak-dbgsym_0.2.0-1PGSTY~trixie_arm64.deb	postgresql-16-ulak-dbgsym	0.2.0-1PGSTY~trixie	arm64	dbgsym	True
apt/trixie/extension-20260919/arm64/postgresql-16-ulak_0.2.0-1PGSTY~trixie_arm64.deb	postgresql-16-ulak	0.2.0-1PGSTY~trixie	arm64	main	True
apt/trixie/extension-20260919/arm64/postgresql-16-wrappers-dbgsym_0.6.3-1PGSTY~trixie_arm64.deb	postgresql-16-wrappers-dbgsym	0.6.3-1PGSTY~trixie	arm64	dbgsym	True
apt/trixie/extension-20260919/arm64/postgresql-16-wrappers_0.6.3-1PGSTY~trixie_arm64.deb	postgresql-16-wrappers	0.6.3-1PGSTY~trixie	arm64	main	True
apt/trixie/extension-20260919/arm64/postgresql-17-biscuit-dbgsym_3.1.0-1PGSTY~trixie_arm64.deb	postgresql-17-biscuit-dbgsym	3.1.0-1PGSTY~trixie	arm64	dbgsym	True
apt/trixie/extension-20260919/arm64/postgresql-17-biscuit_3.1.0-1PGSTY~trixie_arm64.deb	postgresql-17-biscuit	3.1.0-1PGSTY~trixie	arm64	main	True
apt/trixie/extension-20260919/arm64/postgresql-17-ddlx_0.31-1PGSTY~trixie_all.deb	postgresql-17-ddlx	0.31-1PGSTY~trixie	all	main	True
apt/trixie/extension-20260919/arm64/postgresql-17-documentdb-dbgsym_0.117-1PGSTY~trixie_arm64.deb	postgresql-17-documentdb-dbgsym	0.117-1PGSTY~trixie	arm64	dbgsym	True
apt/trixie/extension-20260919/arm64/postgresql-17-documentdb_0.117-1PGSTY~trixie_arm64.deb	postgresql-17-documentdb	0.117-1PGSTY~trixie	arm64	main	True
apt/trixie/extension-20260919/arm64/postgresql-17-jev_0.2.0-1PGSTY~trixie_all.deb	postgresql-17-jev	0.2.0-1PGSTY~trixie	all	main	True
apt/trixie/extension-20260919/arm64/postgresql-17-log-fdw-dbgsym_1.5-1PGSTY~trixie_arm64.deb	postgresql-17-log-fdw-dbgsym	1.5-1PGSTY~trixie	arm64	dbgsym	True
apt/trixie/extension-20260919/arm64/postgresql-17-log-fdw_1.5-1PGSTY~trixie_arm64.deb	postgresql-17-log-fdw	1.5-1PGSTY~trixie	arm64	main	True
apt/trixie/extension-20260919/arm64/postgresql-17-macavity-dbgsym_0.1.0-1PGSTY~trixie_arm64.deb	postgresql-17-macavity-dbgsym	0.1.0-1PGSTY~trixie	arm64	dbgsym	True
apt/trixie/extension-20260919/arm64/postgresql-17-macavity_0.1.0-1PGSTY~trixie_arm64.deb	postgresql-17-macavity	0.1.0-1PGSTY~trixie	arm64	main	True
apt/trixie/extension-20260919/arm64/postgresql-17-nominatim-fdw-dbgsym_2.2.0-1PGSTY~trixie_arm64.deb	postgresql-17-nominatim-fdw-dbgsym	2.2.0-1PGSTY~trixie	arm64	dbgsym	True
apt/trixie/extension-20260919/arm64/postgresql-17-nominatim-fdw_2.2.0-1PGSTY~trixie_arm64.deb	postgresql-17-nominatim-fdw	2.2.0-1PGSTY~trixie	arm64	main	True
apt/trixie/extension-20260919/arm64/postgresql-17-pg-circuit-dbgsym_0.1.0-1PGSTY~trixie_arm64.deb	postgresql-17-pg-circuit-dbgsym	0.1.0-1PGSTY~trixie	arm64	dbgsym	True
apt/trixie/extension-20260919/arm64/postgresql-17-pg-circuit_0.1.0-1PGSTY~trixie_arm64.deb	postgresql-17-pg-circuit	0.1.0-1PGSTY~trixie	arm64	main	True
apt/trixie/extension-20260919/arm64/postgresql-17-pg-curl-dbgsym_2.4.6-1PGSTY~trixie_arm64.deb	postgresql-17-pg-curl-dbgsym	2.4.6-1PGSTY~trixie	arm64	dbgsym	True
apt/trixie/extension-20260919/arm64/postgresql-17-pg-curl_2.4.6-1PGSTY~trixie_arm64.deb	postgresql-17-pg-curl	2.4.6-1PGSTY~trixie	arm64	main	True
apt/trixie/extension-20260919/arm64/postgresql-17-pg-durable-dbgsym_0.2.8-1PGSTY~trixie_arm64.deb	postgresql-17-pg-durable-dbgsym	0.2.8-1PGSTY~trixie	arm64	dbgsym	True
apt/trixie/extension-20260919/arm64/postgresql-17-pg-durable_0.2.8-1PGSTY~trixie_arm64.deb	postgresql-17-pg-durable	0.2.8-1PGSTY~trixie	arm64	main	True
apt/trixie/extension-20260919/arm64/postgresql-17-pg-fts-dbgsym_1.8.3-1PGSTY~trixie_arm64.deb	postgresql-17-pg-fts-dbgsym	1.8.3-1PGSTY~trixie	arm64	dbgsym	True
apt/trixie/extension-20260919/arm64/postgresql-17-pg-fts_1.8.3-1PGSTY~trixie_arm64.deb	postgresql-17-pg-fts	1.8.3-1PGSTY~trixie	arm64	main	True
apt/trixie/extension-20260919/arm64/postgresql-17-pg-grammar-guard_0.4.1-1PGSTY~trixie_all.deb	postgresql-17-pg-grammar-guard	0.4.1-1PGSTY~trixie	all	main	True
apt/trixie/extension-20260919/arm64/postgresql-17-pg-lake-dbgsym_3.5.1-1PGSTY~trixie_arm64.deb	postgresql-17-pg-lake-dbgsym	3.5.1-1PGSTY~trixie	arm64	dbgsym	True
apt/trixie/extension-20260919/arm64/postgresql-17-pg-lake_3.5.1-1PGSTY~trixie_arm64.deb	postgresql-17-pg-lake	3.5.1-1PGSTY~trixie	arm64	main	True
apt/trixie/extension-20260919/arm64/postgresql-17-pg-living-assertions_0.4.2-1PGSTY~trixie_all.deb	postgresql-17-pg-living-assertions	0.4.2-1PGSTY~trixie	all	main	True
apt/trixie/extension-20260919/arm64/postgresql-17-pg-local-cache-dbgsym_2.0.4-1PGSTY~trixie_arm64.deb	postgresql-17-pg-local-cache-dbgsym	2.0.4-1PGSTY~trixie	arm64	dbgsym	True
apt/trixie/extension-20260919/arm64/postgresql-17-pg-local-cache_2.0.4-1PGSTY~trixie_arm64.deb	postgresql-17-pg-local-cache	2.0.4-1PGSTY~trixie	arm64	main	True
apt/trixie/extension-20260919/arm64/postgresql-17-pg-profile_4.16-1PGSTY~trixie_all.deb	postgresql-17-pg-profile	4.16-1PGSTY~trixie	all	main	True
apt/trixie/extension-20260919/arm64/postgresql-17-pg-search-dbgsym_0.25.9-1PGSTY~trixie_arm64.deb	postgresql-17-pg-search-dbgsym	0.25.9-1PGSTY~trixie	arm64	dbgsym	True
apt/trixie/extension-20260919/arm64/postgresql-17-pg-search_0.25.9-1PGSTY~trixie_arm64.deb	postgresql-17-pg-search	0.25.9-1PGSTY~trixie	arm64	main	True
apt/trixie/extension-20260919/arm64/postgresql-17-pg-stat-monitor-dbgsym_2.4.0-1PGSTY~trixie_arm64.deb	postgresql-17-pg-stat-monitor-dbgsym	2.4.0-1PGSTY~trixie	arm64	dbgsym	True
apt/trixie/extension-20260919/arm64/postgresql-17-pg-stat-monitor_2.4.0-1PGSTY~trixie_arm64.deb	postgresql-17-pg-stat-monitor	2.4.0-1PGSTY~trixie	arm64	main	True
apt/trixie/extension-20260919/arm64/postgresql-17-pg-task-dbgsym_3.0.0-1PGSTY~trixie_arm64.deb	postgresql-17-pg-task-dbgsym	3.0.0-1PGSTY~trixie	arm64	dbgsym	True
apt/trixie/extension-20260919/arm64/postgresql-17-pg-task_3.0.0-1PGSTY~trixie_arm64.deb	postgresql-17-pg-task	3.0.0-1PGSTY~trixie	arm64	main	True
apt/trixie/extension-20260919/arm64/postgresql-17-pg-vault-tde-dbgsym_1.7.1-1PGSTY~trixie_arm64.deb	postgresql-17-pg-vault-tde-dbgsym	1.7.1-1PGSTY~trixie	arm64	dbgsym	True
apt/trixie/extension-20260919/arm64/postgresql-17-pg-vault-tde_1.7.1-1PGSTY~trixie_arm64.deb	postgresql-17-pg-vault-tde	1.7.1-1PGSTY~trixie	arm64	main	True
apt/trixie/extension-20260919/arm64/postgresql-17-pg-vectorize-dbgsym_0.27.1-1PGSTY~trixie_arm64.deb	postgresql-17-pg-vectorize-dbgsym	0.27.1-1PGSTY~trixie	arm64	dbgsym	True
apt/trixie/extension-20260919/arm64/postgresql-17-pg-vectorize_0.27.1-1PGSTY~trixie_arm64.deb	postgresql-17-pg-vectorize	0.27.1-1PGSTY~trixie	arm64	main	True
apt/trixie/extension-20260919/arm64/postgresql-17-pgmq_1.13.0-1PGSTY~trixie_all.deb	postgresql-17-pgmq	1.13.0-1PGSTY~trixie	all	main	True
apt/trixie/extension-20260919/arm64/postgresql-17-pgrdf-dbgsym_0.6.36-1PGSTY~trixie_arm64.deb	postgresql-17-pgrdf-dbgsym	0.6.36-1PGSTY~trixie	arm64	dbgsym	True
apt/trixie/extension-20260919/arm64/postgresql-17-pgrdf_0.6.36-1PGSTY~trixie_arm64.deb	postgresql-17-pgrdf	0.6.36-1PGSTY~trixie	arm64	main	True
apt/trixie/extension-20260919/arm64/postgresql-17-plpgsql-check-dbgsym_2.10.10-1PGSTY~trixie_arm64.deb	postgresql-17-plpgsql-check-dbgsym	2.10.10-1PGSTY~trixie	arm64	dbgsym	True
apt/trixie/extension-20260919/arm64/postgresql-17-plpgsql-check_2.10.10-1PGSTY~trixie_arm64.deb	postgresql-17-plpgsql-check	2.10.10-1PGSTY~trixie	arm64	main	True
apt/trixie/extension-20260919/arm64/postgresql-17-plprql-dbgsym_18.0.2-1PGSTY~trixie_arm64.deb	postgresql-17-plprql-dbgsym	18.0.2-1PGSTY~trixie	arm64	dbgsym	True
apt/trixie/extension-20260919/arm64/postgresql-17-plprql_18.0.2-1PGSTY~trixie_arm64.deb	postgresql-17-plprql	18.0.2-1PGSTY~trixie	arm64	main	True
apt/trixie/extension-20260919/arm64/postgresql-17-psql-bm25s-dbgsym_0.4.14-1PGSTY~trixie_arm64.deb	postgresql-17-psql-bm25s-dbgsym	0.4.14-1PGSTY~trixie	arm64	dbgsym	True
apt/trixie/extension-20260919/arm64/postgresql-17-psql-bm25s_0.4.14-1PGSTY~trixie_arm64.deb	postgresql-17-psql-bm25s	0.4.14-1PGSTY~trixie	arm64	main	True
apt/trixie/extension-20260919/arm64/postgresql-17-timescaledb-tsl-dbgsym_2.30.1-1PGSTY~trixie_arm64.deb	postgresql-17-timescaledb-tsl-dbgsym	2.30.1-1PGSTY~trixie	arm64	dbgsym	True
apt/trixie/extension-20260919/arm64/postgresql-17-timescaledb-tsl_2.30.1-1PGSTY~trixie_arm64.deb	postgresql-17-timescaledb-tsl	2.30.1-1PGSTY~trixie	arm64	main	True
apt/trixie/extension-20260919/arm64/postgresql-17-ulak-dbgsym_0.2.0-1PGSTY~trixie_arm64.deb	postgresql-17-ulak-dbgsym	0.2.0-1PGSTY~trixie	arm64	dbgsym	True
apt/trixie/extension-20260919/arm64/postgresql-17-ulak_0.2.0-1PGSTY~trixie_arm64.deb	postgresql-17-ulak	0.2.0-1PGSTY~trixie	arm64	main	True
apt/trixie/extension-20260919/arm64/postgresql-17-wrappers-dbgsym_0.6.3-1PGSTY~trixie_arm64.deb	postgresql-17-wrappers-dbgsym	0.6.3-1PGSTY~trixie	arm64	dbgsym	True
apt/trixie/extension-20260919/arm64/postgresql-17-wrappers_0.6.3-1PGSTY~trixie_arm64.deb	postgresql-17-wrappers	0.6.3-1PGSTY~trixie	arm64	main	True
apt/trixie/extension-20260919/arm64/postgresql-18-biscuit-dbgsym_3.1.0-1PGSTY~trixie_arm64.deb	postgresql-18-biscuit-dbgsym	3.1.0-1PGSTY~trixie	arm64	dbgsym	True
apt/trixie/extension-20260919/arm64/postgresql-18-biscuit_3.1.0-1PGSTY~trixie_arm64.deb	postgresql-18-biscuit	3.1.0-1PGSTY~trixie	arm64	main	True
apt/trixie/extension-20260919/arm64/postgresql-18-ddlx_0.31-1PGSTY~trixie_all.deb	postgresql-18-ddlx	0.31-1PGSTY~trixie	all	main	True
apt/trixie/extension-20260919/arm64/postgresql-18-documentdb-dbgsym_0.117-1PGSTY~trixie_arm64.deb	postgresql-18-documentdb-dbgsym	0.117-1PGSTY~trixie	arm64	dbgsym	True
apt/trixie/extension-20260919/arm64/postgresql-18-documentdb_0.117-1PGSTY~trixie_arm64.deb	postgresql-18-documentdb	0.117-1PGSTY~trixie	arm64	main	True
apt/trixie/extension-20260919/arm64/postgresql-18-log-fdw-dbgsym_1.5-1PGSTY~trixie_arm64.deb	postgresql-18-log-fdw-dbgsym	1.5-1PGSTY~trixie	arm64	dbgsym	True
apt/trixie/extension-20260919/arm64/postgresql-18-log-fdw_1.5-1PGSTY~trixie_arm64.deb	postgresql-18-log-fdw	1.5-1PGSTY~trixie	arm64	main	True
apt/trixie/extension-20260919/arm64/postgresql-18-macavity-dbgsym_0.1.0-1PGSTY~trixie_arm64.deb	postgresql-18-macavity-dbgsym	0.1.0-1PGSTY~trixie	arm64	dbgsym	True
apt/trixie/extension-20260919/arm64/postgresql-18-macavity_0.1.0-1PGSTY~trixie_arm64.deb	postgresql-18-macavity	0.1.0-1PGSTY~trixie	arm64	main	True
apt/trixie/extension-20260919/arm64/postgresql-18-nominatim-fdw-dbgsym_2.2.0-1PGSTY~trixie_arm64.deb	postgresql-18-nominatim-fdw-dbgsym	2.2.0-1PGSTY~trixie	arm64	dbgsym	True
apt/trixie/extension-20260919/arm64/postgresql-18-nominatim-fdw_2.2.0-1PGSTY~trixie_arm64.deb	postgresql-18-nominatim-fdw	2.2.0-1PGSTY~trixie	arm64	main	True
apt/trixie/extension-20260919/arm64/postgresql-18-pg-circuit-dbgsym_0.1.0-1PGSTY~trixie_arm64.deb	postgresql-18-pg-circuit-dbgsym	0.1.0-1PGSTY~trixie	arm64	dbgsym	True
apt/trixie/extension-20260919/arm64/postgresql-18-pg-circuit_0.1.0-1PGSTY~trixie_arm64.deb	postgresql-18-pg-circuit	0.1.0-1PGSTY~trixie	arm64	main	True
apt/trixie/extension-20260919/arm64/postgresql-18-pg-curl-dbgsym_2.4.6-1PGSTY~trixie_arm64.deb	postgresql-18-pg-curl-dbgsym	2.4.6-1PGSTY~trixie	arm64	dbgsym	True
apt/trixie/extension-20260919/arm64/postgresql-18-pg-curl_2.4.6-1PGSTY~trixie_arm64.deb	postgresql-18-pg-curl	2.4.6-1PGSTY~trixie	arm64	main	True
apt/trixie/extension-20260919/arm64/postgresql-18-pg-durable-dbgsym_0.2.8-1PGSTY~trixie_arm64.deb	postgresql-18-pg-durable-dbgsym	0.2.8-1PGSTY~trixie	arm64	dbgsym	True
apt/trixie/extension-20260919/arm64/postgresql-18-pg-durable_0.2.8-1PGSTY~trixie_arm64.deb	postgresql-18-pg-durable	0.2.8-1PGSTY~trixie	arm64	main	True
apt/trixie/extension-20260919/arm64/postgresql-18-pg-fts-dbgsym_1.8.3-1PGSTY~trixie_arm64.deb	postgresql-18-pg-fts-dbgsym	1.8.3-1PGSTY~trixie	arm64	dbgsym	True
apt/trixie/extension-20260919/arm64/postgresql-18-pg-fts_1.8.3-1PGSTY~trixie_arm64.deb	postgresql-18-pg-fts	1.8.3-1PGSTY~trixie	arm64	main	True
apt/trixie/extension-20260919/arm64/postgresql-18-pg-grammar-guard_0.4.1-1PGSTY~trixie_all.deb	postgresql-18-pg-grammar-guard	0.4.1-1PGSTY~trixie	all	main	True
apt/trixie/extension-20260919/arm64/postgresql-18-pg-lake-dbgsym_3.5.1-1PGSTY~trixie_arm64.deb	postgresql-18-pg-lake-dbgsym	3.5.1-1PGSTY~trixie	arm64	dbgsym	True
apt/trixie/extension-20260919/arm64/postgresql-18-pg-lake_3.5.1-1PGSTY~trixie_arm64.deb	postgresql-18-pg-lake	3.5.1-1PGSTY~trixie	arm64	main	True
apt/trixie/extension-20260919/arm64/postgresql-18-pg-living-assertions_0.4.2-1PGSTY~trixie_all.deb	postgresql-18-pg-living-assertions	0.4.2-1PGSTY~trixie	all	main	True
apt/trixie/extension-20260919/arm64/postgresql-18-pg-local-cache-dbgsym_2.0.4-1PGSTY~trixie_arm64.deb	postgresql-18-pg-local-cache-dbgsym	2.0.4-1PGSTY~trixie	arm64	dbgsym	True
apt/trixie/extension-20260919/arm64/postgresql-18-pg-local-cache_2.0.4-1PGSTY~trixie_arm64.deb	postgresql-18-pg-local-cache	2.0.4-1PGSTY~trixie	arm64	main	True
apt/trixie/extension-20260919/arm64/postgresql-18-pg-profile_4.16-1PGSTY~trixie_all.deb	postgresql-18-pg-profile	4.16-1PGSTY~trixie	all	main	True
apt/trixie/extension-20260919/arm64/postgresql-18-pg-search-dbgsym_0.25.9-1PGSTY~trixie_arm64.deb	postgresql-18-pg-search-dbgsym	0.25.9-1PGSTY~trixie	arm64	dbgsym	True
apt/trixie/extension-20260919/arm64/postgresql-18-pg-search_0.25.9-1PGSTY~trixie_arm64.deb	postgresql-18-pg-search	0.25.9-1PGSTY~trixie	arm64	main	True
apt/trixie/extension-20260919/arm64/postgresql-18-pg-stat-monitor-dbgsym_2.4.0-1PGSTY~trixie_arm64.deb	postgresql-18-pg-stat-monitor-dbgsym	2.4.0-1PGSTY~trixie	arm64	dbgsym	True
apt/trixie/extension-20260919/arm64/postgresql-18-pg-stat-monitor_2.4.0-1PGSTY~trixie_arm64.deb	postgresql-18-pg-stat-monitor	2.4.0-1PGSTY~trixie	arm64	main	True
apt/trixie/extension-20260919/arm64/postgresql-18-pg-task-dbgsym_3.0.0-1PGSTY~trixie_arm64.deb	postgresql-18-pg-task-dbgsym	3.0.0-1PGSTY~trixie	arm64	dbgsym	True
apt/trixie/extension-20260919/arm64/postgresql-18-pg-task_3.0.0-1PGSTY~trixie_arm64.deb	postgresql-18-pg-task	3.0.0-1PGSTY~trixie	arm64	main	True
apt/trixie/extension-20260919/arm64/postgresql-18-pg-trickle-dbgsym_0.107.0-1PGSTY~trixie_arm64.deb	postgresql-18-pg-trickle-dbgsym	0.107.0-1PGSTY~trixie	arm64	dbgsym	True
apt/trixie/extension-20260919/arm64/postgresql-18-pg-trickle_0.107.0-1PGSTY~trixie_arm64.deb	postgresql-18-pg-trickle	0.107.0-1PGSTY~trixie	arm64	main	True
apt/trixie/extension-20260919/arm64/postgresql-18-pg-vault-tde-dbgsym_1.7.1-1PGSTY~trixie_arm64.deb	postgresql-18-pg-vault-tde-dbgsym	1.7.1-1PGSTY~trixie	arm64	dbgsym	True
apt/trixie/extension-20260919/arm64/postgresql-18-pg-vault-tde_1.7.1-1PGSTY~trixie_arm64.deb	postgresql-18-pg-vault-tde	1.7.1-1PGSTY~trixie	arm64	main	True
apt/trixie/extension-20260919/arm64/postgresql-18-pg-vectorize-dbgsym_0.27.1-1PGSTY~trixie_arm64.deb	postgresql-18-pg-vectorize-dbgsym	0.27.1-1PGSTY~trixie	arm64	dbgsym	True
apt/trixie/extension-20260919/arm64/postgresql-18-pg-vectorize_0.27.1-1PGSTY~trixie_arm64.deb	postgresql-18-pg-vectorize	0.27.1-1PGSTY~trixie	arm64	main	True
apt/trixie/extension-20260919/arm64/postgresql-18-pgmq_1.13.0-1PGSTY~trixie_all.deb	postgresql-18-pgmq	1.13.0-1PGSTY~trixie	all	main	True
apt/trixie/extension-20260919/arm64/postgresql-18-pgrdf-dbgsym_0.6.36-1PGSTY~trixie_arm64.deb	postgresql-18-pgrdf-dbgsym	0.6.36-1PGSTY~trixie	arm64	dbgsym	True
apt/trixie/extension-20260919/arm64/postgresql-18-pgrdf_0.6.36-1PGSTY~trixie_arm64.deb	postgresql-18-pgrdf	0.6.36-1PGSTY~trixie	arm64	main	True
apt/trixie/extension-20260919/arm64/postgresql-18-plpgsql-check-dbgsym_2.10.10-1PGSTY~trixie_arm64.deb	postgresql-18-plpgsql-check-dbgsym	2.10.10-1PGSTY~trixie	arm64	dbgsym	True
apt/trixie/extension-20260919/arm64/postgresql-18-plpgsql-check_2.10.10-1PGSTY~trixie_arm64.deb	postgresql-18-plpgsql-check	2.10.10-1PGSTY~trixie	arm64	main	True
apt/trixie/extension-20260919/arm64/postgresql-18-plprql-dbgsym_18.0.2-1PGSTY~trixie_arm64.deb	postgresql-18-plprql-dbgsym	18.0.2-1PGSTY~trixie	arm64	dbgsym	True
apt/trixie/extension-20260919/arm64/postgresql-18-plprql_18.0.2-1PGSTY~trixie_arm64.deb	postgresql-18-plprql	18.0.2-1PGSTY~trixie	arm64	main	True
apt/trixie/extension-20260919/arm64/postgresql-18-psql-bm25s-dbgsym_0.4.14-1PGSTY~trixie_arm64.deb	postgresql-18-psql-bm25s-dbgsym	0.4.14-1PGSTY~trixie	arm64	dbgsym	True
apt/trixie/extension-20260919/arm64/postgresql-18-psql-bm25s_0.4.14-1PGSTY~trixie_arm64.deb	postgresql-18-psql-bm25s	0.4.14-1PGSTY~trixie	arm64	main	True
apt/trixie/extension-20260919/arm64/postgresql-18-timescaledb-tsl-dbgsym_2.30.1-1PGSTY~trixie_arm64.deb	postgresql-18-timescaledb-tsl-dbgsym	2.30.1-1PGSTY~trixie	arm64	dbgsym	True
apt/trixie/extension-20260919/arm64/postgresql-18-timescaledb-tsl_2.30.1-1PGSTY~trixie_arm64.deb	postgresql-18-timescaledb-tsl	2.30.1-1PGSTY~trixie	arm64	main	True
apt/trixie/extension-20260919/arm64/postgresql-18-ulak-dbgsym_0.2.0-1PGSTY~trixie_arm64.deb	postgresql-18-ulak-dbgsym	0.2.0-1PGSTY~trixie	arm64	dbgsym	True
apt/trixie/extension-20260919/arm64/postgresql-18-ulak_0.2.0-1PGSTY~trixie_arm64.deb	postgresql-18-ulak	0.2.0-1PGSTY~trixie	arm64	main	True
apt/trixie/extension-20260919/arm64/postgresql-18-wrappers-dbgsym_0.6.3-1PGSTY~trixie_arm64.deb	postgresql-18-wrappers-dbgsym	0.6.3-1PGSTY~trixie	arm64	dbgsym	True
apt/trixie/extension-20260919/arm64/postgresql-18-wrappers_0.6.3-1PGSTY~trixie_arm64.deb	postgresql-18-wrappers	0.6.3-1PGSTY~trixie	arm64	main	True
